nohup: ignoring input

  .   ____          _            __ _ _
 /\\ / ___'_ __ _ _(_)_ __  __ _ \ \ \ \
( ( )\___ | '_ | '_| | '_ \/ _` | \ \ \ \
 \\/  ___)| |_)| | | | | || (_| |  ) ) ) )
  '  |____| .__|_| |_|_| |_\__, | / / / /
 =========|_|==============|___/=/_/_/_/
 :: Spring Boot ::                (v3.2.0)

2025-06-13T05:33:11.470Z  INFO 5621 --- [risk-assets-api] [           main] c.jpmc.riskassets.RiskAssetsApplication  : Starting RiskAssetsApplication v1.0.0 using Java 17.0.15 with PID 5621 (/workspace/jpmc-hackathon/backend/target/risk-assets-api-1.0.0.jar started by root in /workspace/jpmc-hackathon/backend)
2025-06-13T05:33:11.475Z DEBUG 5621 --- [risk-assets-api] [           main] c.jpmc.riskassets.RiskAssetsApplication  : Running with Spring Boot v3.2.0, Spring v6.1.1
2025-06-13T05:33:11.476Z  INFO 5621 --- [risk-assets-api] [           main] c.jpmc.riskassets.RiskAssetsApplication  : No active profile set, falling back to 1 default profile: "default"
2025-06-13T05:33:12.874Z  INFO 5621 --- [risk-assets-api] [           main] .s.d.r.c.RepositoryConfigurationDelegate : Bootstrapping Spring Data JPA repositories in DEFAULT mode.
2025-06-13T05:33:12.943Z  INFO 5621 --- [risk-assets-api] [           main] .s.d.r.c.RepositoryConfigurationDelegate : Finished Spring Data repository scanning in 61 ms. Found 1 JPA repository interface.
2025-06-13T05:33:13.746Z  INFO 5621 --- [risk-assets-api] [           main] o.s.b.w.embedded.tomcat.TomcatWebServer  : Tomcat initialized with port 12000 (http)
2025-06-13T05:33:13.755Z  INFO 5621 --- [risk-assets-api] [           main] o.apache.catalina.core.StandardService   : Starting service [Tomcat]
2025-06-13T05:33:13.755Z  INFO 5621 --- [risk-assets-api] [           main] o.apache.catalina.core.StandardEngine    : Starting Servlet engine: [Apache Tomcat/10.1.16]
2025-06-13T05:33:13.807Z  INFO 5621 --- [risk-assets-api] [           main] o.a.c.c.C.[Tomcat].[localhost].[/]       : Initializing Spring embedded WebApplicationContext
2025-06-13T05:33:13.808Z  INFO 5621 --- [risk-assets-api] [           main] w.s.c.ServletWebServerApplicationContext : Root WebApplicationContext: initialization completed in 2190 ms
2025-06-13T05:33:14.016Z  INFO 5621 --- [risk-assets-api] [           main] com.zaxxer.hikari.HikariDataSource       : HikariPool-1 - Starting...
2025-06-13T05:33:14.249Z  INFO 5621 --- [risk-assets-api] [           main] com.zaxxer.hikari.pool.HikariPool        : HikariPool-1 - Added connection conn0: url=jdbc:h2:mem:riskassetsdb user=SA
2025-06-13T05:33:14.250Z  INFO 5621 --- [risk-assets-api] [           main] com.zaxxer.hikari.HikariDataSource       : HikariPool-1 - Start completed.
2025-06-13T05:33:14.262Z  INFO 5621 --- [risk-assets-api] [           main] o.s.b.a.h2.H2ConsoleAutoConfiguration    : H2 console available at '/h2-console'. Database available at 'jdbc:h2:mem:riskassetsdb'
2025-06-13T05:33:14.353Z DEBUG 5621 --- [risk-assets-api] [           main] o.s.w.f.ServerHttpObservationFilter      : Filter 'webMvcObservationFilter' configured for use
2025-06-13T05:33:14.428Z  INFO 5621 --- [risk-assets-api] [           main] o.hibernate.jpa.internal.util.LogHelper  : HHH000204: Processing PersistenceUnitInfo [name: default]
2025-06-13T05:33:14.481Z  INFO 5621 --- [risk-assets-api] [           main] org.hibernate.Version                    : HHH000412: Hibernate ORM core version 6.3.1.Final
2025-06-13T05:33:14.523Z  INFO 5621 --- [risk-assets-api] [           main] o.h.c.internal.RegionFactoryInitiator    : HHH000026: Second-level cache disabled
2025-06-13T05:33:14.744Z  INFO 5621 --- [risk-assets-api] [           main] o.s.o.j.p.SpringPersistenceUnitInfo      : No LoadTimeWeaver setup: ignoring JPA class transformer
2025-06-13T05:33:14.786Z  WARN 5621 --- [risk-assets-api] [           main] org.hibernate.orm.deprecation            : HHH90000025: H2Dialect does not need to be specified explicitly using 'hibernate.dialect' (remove the property setting and it will be selected by default)
2025-06-13T05:33:15.530Z  INFO 5621 --- [risk-assets-api] [           main] o.h.e.t.j.p.i.JtaPlatformInitiator       : HHH000489: No JTA platform available (set 'hibernate.transaction.jta.platform' to enable JTA platform integration)
Hibernate: 
    drop table if exists risk_assets cascade 
Hibernate: 
    create table risk_assets (
        asset_value numeric(15,2) not null,
        risk_score numeric(5,2) not null,
        created_at timestamp(6) not null,
        id bigint generated by default as identity,
        updated_at timestamp(6) not null,
        description varchar(255),
        location varchar(255) not null,
        name varchar(255) not null,
        owner varchar(255) not null,
        risk_level varchar(255) not null check (risk_level in ('LOW','MEDIUM','HIGH','CRITICAL')),
        type varchar(255) not null,
        primary key (id)
    )
2025-06-13T05:33:15.595Z  INFO 5621 --- [risk-assets-api] [           main] j.LocalContainerEntityManagerFactoryBean : Initialized JPA EntityManagerFactory for persistence unit 'default'
2025-06-13T05:33:15.935Z  INFO 5621 --- [risk-assets-api] [           main] o.s.d.j.r.query.QueryEnhancerFactory     : Hibernate is in classpath; If applicable, HQL parser will be used.
2025-06-13T05:33:16.694Z  WARN 5621 --- [risk-assets-api] [           main] JpaBaseConfiguration$JpaWebConfiguration : spring.jpa.open-in-view is enabled by default. Therefore, database queries may be performed during view rendering. Explicitly configure spring.jpa.open-in-view to disable this warning
2025-06-13T05:33:16.862Z DEBUG 5621 --- [risk-assets-api] [           main] s.w.s.m.m.a.RequestMappingHandlerMapping : 19 mappings in 'requestMappingHandlerMapping'
2025-06-13T05:33:17.035Z DEBUG 5621 --- [risk-assets-api] [           main] o.s.w.s.handler.SimpleUrlHandlerMapping  : Patterns [/webjars/**, /**, /swagger-ui*/*swagger-initializer.js, /swagger-ui*/**] in 'resourceHandlerMapping'
2025-06-13T05:33:17.084Z DEBUG 5621 --- [risk-assets-api] [           main] s.w.s.m.m.a.RequestMappingHandlerAdapter : ControllerAdvice beans: 0 @ModelAttribute, 0 @InitBinder, 1 RequestBodyAdvice, 1 ResponseBodyAdvice
2025-06-13T05:33:17.120Z DEBUG 5621 --- [risk-assets-api] [           main] .m.m.a.ExceptionHandlerExceptionResolver : ControllerAdvice beans: 1 @ExceptionHandler, 1 ResponseBodyAdvice
2025-06-13T05:33:17.614Z  INFO 5621 --- [risk-assets-api] [           main] o.s.b.a.e.web.EndpointLinksResolver      : Exposing 4 endpoint(s) beneath base path '/actuator'
2025-06-13T05:33:17.727Z  INFO 5621 --- [risk-assets-api] [           main] o.s.b.w.embedded.tomcat.TomcatWebServer  : Tomcat started on port 12000 (http) with context path ''
2025-06-13T05:33:17.746Z  INFO 5621 --- [risk-assets-api] [           main] c.jpmc.riskassets.RiskAssetsApplication  : Started RiskAssetsApplication in 6.804 seconds (process running for 7.316)
Hibernate: 
    select
        count(*) 
    from
        risk_assets ra1_0
Hibernate: 
    insert 
    into
        risk_assets
        (created_at, description, location, name, owner, risk_level, risk_score, type, updated_at, asset_value, id) 
    values
        (?, ?, ?, ?, ?, ?, ?, ?, ?, ?, default)
Hibernate: 
    insert 
    into
        risk_assets
        (created_at, description, location, name, owner, risk_level, risk_score, type, updated_at, asset_value, id) 
    values
        (?, ?, ?, ?, ?, ?, ?, ?, ?, ?, default)
Hibernate: 
    insert 
    into
        risk_assets
        (created_at, description, location, name, owner, risk_level, risk_score, type, updated_at, asset_value, id) 
    values
        (?, ?, ?, ?, ?, ?, ?, ?, ?, ?, default)
Hibernate: 
    insert 
    into
        risk_assets
        (created_at, description, location, name, owner, risk_level, risk_score, type, updated_at, asset_value, id) 
    values
        (?, ?, ?, ?, ?, ?, ?, ?, ?, ?, default)
Hibernate: 
    insert 
    into
        risk_assets
        (created_at, description, location, name, owner, risk_level, risk_score, type, updated_at, asset_value, id) 
    values
        (?, ?, ?, ?, ?, ?, ?, ?, ?, ?, default)
Hibernate: 
    insert 
    into
        risk_assets
        (created_at, description, location, name, owner, risk_level, risk_score, type, updated_at, asset_value, id) 
    values
        (?, ?, ?, ?, ?, ?, ?, ?, ?, ?, default)
Hibernate: 
    insert 
    into
        risk_assets
        (created_at, description, location, name, owner, risk_level, risk_score, type, updated_at, asset_value, id) 
    values
        (?, ?, ?, ?, ?, ?, ?, ?, ?, ?, default)
Hibernate: 
    insert 
    into
        risk_assets
        (created_at, description, location, name, owner, risk_level, risk_score, type, updated_at, asset_value, id) 
    values
        (?, ?, ?, ?, ?, ?, ?, ?, ?, ?, default)
Hibernate: 
    insert 
    into
        risk_assets
        (created_at, description, location, name, owner, risk_level, risk_score, type, updated_at, asset_value, id) 
    values
        (?, ?, ?, ?, ?, ?, ?, ?, ?, ?, default)
Hibernate: 
    insert 
    into
        risk_assets
        (created_at, description, location, name, owner, risk_level, risk_score, type, updated_at, asset_value, id) 
    values
        (?, ?, ?, ?, ?, ?, ?, ?, ?, ?, default)
Hibernate: 
    insert 
    into
        risk_assets
        (created_at, description, location, name, owner, risk_level, risk_score, type, updated_at, asset_value, id) 
    values
        (?, ?, ?, ?, ?, ?, ?, ?, ?, ?, default)
Hibernate: 
    insert 
    into
        risk_assets
        (created_at, description, location, name, owner, risk_level, risk_score, type, updated_at, asset_value, id) 
    values
        (?, ?, ?, ?, ?, ?, ?, ?, ?, ?, default)
Hibernate: 
    insert 
    into
        risk_assets
        (created_at, description, location, name, owner, risk_level, risk_score, type, updated_at, asset_value, id) 
    values
        (?, ?, ?, ?, ?, ?, ?, ?, ?, ?, default)
Hibernate: 
    insert 
    into
        risk_assets
        (created_at, description, location, name, owner, risk_level, risk_score, type, updated_at, asset_value, id) 
    values
        (?, ?, ?, ?, ?, ?, ?, ?, ?, ?, default)
Hibernate: 
    insert 
    into
        risk_assets
        (created_at, description, location, name, owner, risk_level, risk_score, type, updated_at, asset_value, id) 
    values
        (?, ?, ?, ?, ?, ?, ?, ?, ?, ?, default)
2025-06-13T05:33:23.201Z  INFO 5621 --- [risk-assets-api] [io-12000-exec-1] o.a.c.c.C.[Tomcat].[localhost].[/]       : Initializing Spring DispatcherServlet 'dispatcherServlet'
2025-06-13T05:33:23.203Z  INFO 5621 --- [risk-assets-api] [io-12000-exec-1] o.s.web.servlet.DispatcherServlet        : Initializing Servlet 'dispatcherServlet'
2025-06-13T05:33:23.204Z DEBUG 5621 --- [risk-assets-api] [io-12000-exec-1] o.s.web.servlet.DispatcherServlet        : Detected StandardServletMultipartResolver
2025-06-13T05:33:23.204Z DEBUG 5621 --- [risk-assets-api] [io-12000-exec-1] o.s.web.servlet.DispatcherServlet        : Detected AcceptHeaderLocaleResolver
2025-06-13T05:33:23.204Z DEBUG 5621 --- [risk-assets-api] [io-12000-exec-1] o.s.web.servlet.DispatcherServlet        : Detected FixedThemeResolver
2025-06-13T05:33:23.207Z DEBUG 5621 --- [risk-assets-api] [io-12000-exec-1] o.s.web.servlet.DispatcherServlet        : Detected org.springframework.web.servlet.view.DefaultRequestToViewNameTranslator@32e0b990
2025-06-13T05:33:23.207Z DEBUG 5621 --- [risk-assets-api] [io-12000-exec-1] o.s.web.servlet.DispatcherServlet        : Detected org.springframework.web.servlet.support.SessionFlashMapManager@60a6564c
2025-06-13T05:33:23.207Z DEBUG 5621 --- [risk-assets-api] [io-12000-exec-1] o.s.web.servlet.DispatcherServlet        : enableLoggingRequestDetails='false': request parameters and headers will be masked to prevent unsafe logging of potentially sensitive data
2025-06-13T05:33:23.208Z  INFO 5621 --- [risk-assets-api] [io-12000-exec-1] o.s.web.servlet.DispatcherServlet        : Completed initialization in 4 ms
2025-06-13T05:33:23.228Z DEBUG 5621 --- [risk-assets-api] [io-12000-exec-1] o.s.web.servlet.DispatcherServlet        : GET "/", parameters={}
2025-06-13T05:33:23.240Z DEBUG 5621 --- [risk-assets-api] [io-12000-exec-1] o.s.w.s.handler.SimpleUrlHandlerMapping  : Mapped to ResourceHttpRequestHandler [classpath [META-INF/resources/], classpath [resources/], classpath [static/], classpath [public/], ServletContext [/]]
2025-06-13T05:33:23.247Z DEBUG 5621 --- [risk-assets-api] [io-12000-exec-1] o.s.w.s.r.ResourceHttpRequestHandler     : Resource not found
2025-06-13T05:33:23.252Z DEBUG 5621 --- [risk-assets-api] [io-12000-exec-1] .w.s.m.s.DefaultHandlerExceptionResolver : Resolved [org.springframework.web.servlet.resource.NoResourceFoundException: No static resource .]
2025-06-13T05:33:23.253Z DEBUG 5621 --- [risk-assets-api] [io-12000-exec-1] o.s.web.servlet.DispatcherServlet        : Completed 404 NOT_FOUND
2025-06-13T05:33:23.264Z DEBUG 5621 --- [risk-assets-api] [io-12000-exec-1] o.s.web.servlet.DispatcherServlet        : "ERROR" dispatch for GET "/error", parameters={}
2025-06-13T05:33:23.270Z DEBUG 5621 --- [risk-assets-api] [io-12000-exec-1] s.w.s.m.m.a.RequestMappingHandlerMapping : Mapped to org.springframework.boot.autoconfigure.web.servlet.error.BasicErrorController#error(HttpServletRequest)
2025-06-13T05:33:23.295Z DEBUG 5621 --- [risk-assets-api] [io-12000-exec-1] o.s.w.s.m.m.a.HttpEntityMethodProcessor  : Using 'application/json', given [application/json, text/plain, */*] and supported [application/json, application/*+json]
2025-06-13T05:33:23.302Z DEBUG 5621 --- [risk-assets-api] [io-12000-exec-1] o.s.w.s.m.m.a.HttpEntityMethodProcessor  : Writing [{timestamp=Fri Jun 13 05:33:23 UTC 2025, status=404, error=Not Found, path=/}]
2025-06-13T05:33:23.336Z DEBUG 5621 --- [risk-assets-api] [io-12000-exec-1] o.s.web.servlet.DispatcherServlet        : Exiting from "ERROR" dispatch, status 404
2025-06-13T05:34:32.347Z DEBUG 5621 --- [risk-assets-api] [io-12000-exec-3] o.s.web.servlet.DispatcherServlet        : GET "/actuator/prometheus", parameters={}
2025-06-13T05:34:32.351Z DEBUG 5621 --- [risk-assets-api] [io-12000-exec-3] m.m.a.RequestResponseBodyMethodProcessor : Read "application/octet-stream" to []
2025-06-13T05:34:32.384Z DEBUG 5621 --- [risk-assets-api] [io-12000-exec-3] o.s.w.s.m.m.a.HttpEntityMethodProcessor  : Found 'Content-Type:application/openmetrics-text;version=1.0.0;charset=utf-8' in response
2025-06-13T05:34:32.384Z DEBUG 5621 --- [risk-assets-api] [io-12000-exec-3] o.s.w.s.m.m.a.HttpEntityMethodProcessor  : Writing ["# TYPE hikaricp_connections_timeout counter<EOL># HELP hikaricp_connections_timeout Connection timeout t (truncated)..."]
2025-06-13T05:34:32.386Z DEBUG 5621 --- [risk-assets-api] [io-12000-exec-3] o.s.web.servlet.DispatcherServlet        : Completed 200 OK
2025-06-13T05:34:37.147Z DEBUG 5621 --- [risk-assets-api] [io-12000-exec-4] o.s.web.servlet.DispatcherServlet        : GET "/api/assets", parameters={}
2025-06-13T05:34:37.147Z DEBUG 5621 --- [risk-assets-api] [io-12000-exec-4] s.w.s.m.m.a.RequestMappingHandlerMapping : Mapped to com.jpmc.riskassets.controller.RiskAssetController#getAllAssets()
Hibernate: 
    select
        ra1_0.id,
        ra1_0.created_at,
        ra1_0.description,
        ra1_0.location,
        ra1_0.name,
        ra1_0.owner,
        ra1_0.risk_level,
        ra1_0.risk_score,
        ra1_0.type,
        ra1_0.updated_at,
        ra1_0.asset_value 
    from
        risk_assets ra1_0
2025-06-13T05:34:37.178Z DEBUG 5621 --- [risk-assets-api] [io-12000-exec-4] o.s.w.s.m.m.a.HttpEntityMethodProcessor  : Using 'application/json', given [*/*] and supported [application/json, application/*+json]
2025-06-13T05:34:37.178Z DEBUG 5621 --- [risk-assets-api] [io-12000-exec-4] o.s.w.s.m.m.a.HttpEntityMethodProcessor  : Writing [[com.jpmc.riskassets.model.RiskAsset@12dfc34, com.jpmc.riskassets.model.RiskAsset@1daf489b, com.jpmc (truncated)...]
2025-06-13T05:34:37.207Z DEBUG 5621 --- [risk-assets-api] [io-12000-exec-4] o.s.web.servlet.DispatcherServlet        : Completed 200 OK
2025-06-13T05:34:37.350Z DEBUG 5621 --- [risk-assets-api] [io-12000-exec-6] o.s.web.servlet.DispatcherServlet        : GET "/actuator/prometheus", parameters={}
2025-06-13T05:34:37.351Z DEBUG 5621 --- [risk-assets-api] [io-12000-exec-6] m.m.a.RequestResponseBodyMethodProcessor : Read "application/octet-stream" to []
2025-06-13T05:34:37.356Z DEBUG 5621 --- [risk-assets-api] [io-12000-exec-6] o.s.w.s.m.m.a.HttpEntityMethodProcessor  : Found 'Content-Type:application/openmetrics-text;version=1.0.0;charset=utf-8' in response
2025-06-13T05:34:37.356Z DEBUG 5621 --- [risk-assets-api] [io-12000-exec-6] o.s.w.s.m.m.a.HttpEntityMethodProcessor  : Writing ["# TYPE hikaricp_connections_timeout counter<EOL># HELP hikaricp_connections_timeout Connection timeout t (truncated)..."]
2025-06-13T05:34:37.357Z DEBUG 5621 --- [risk-assets-api] [io-12000-exec-6] o.s.web.servlet.DispatcherServlet        : Completed 200 OK
2025-06-13T05:34:42.347Z DEBUG 5621 --- [risk-assets-api] [io-12000-exec-7] o.s.web.servlet.DispatcherServlet        : GET "/actuator/prometheus", parameters={}
2025-06-13T05:34:42.348Z DEBUG 5621 --- [risk-assets-api] [io-12000-exec-7] m.m.a.RequestResponseBodyMethodProcessor : Read "application/octet-stream" to []
2025-06-13T05:34:42.351Z DEBUG 5621 --- [risk-assets-api] [io-12000-exec-7] o.s.w.s.m.m.a.HttpEntityMethodProcessor  : Found 'Content-Type:application/openmetrics-text;version=1.0.0;charset=utf-8' in response
2025-06-13T05:34:42.352Z DEBUG 5621 --- [risk-assets-api] [io-12000-exec-7] o.s.w.s.m.m.a.HttpEntityMethodProcessor  : Writing ["# TYPE hikaricp_connections_timeout counter<EOL># HELP hikaricp_connections_timeout Connection timeout t (truncated)..."]
2025-06-13T05:34:42.352Z DEBUG 5621 --- [risk-assets-api] [io-12000-exec-7] o.s.web.servlet.DispatcherServlet        : Completed 200 OK
2025-06-13T05:34:47.348Z DEBUG 5621 --- [risk-assets-api] [io-12000-exec-8] o.s.web.servlet.DispatcherServlet        : GET "/actuator/prometheus", parameters={}
2025-06-13T05:34:47.350Z DEBUG 5621 --- [risk-assets-api] [io-12000-exec-8] m.m.a.RequestResponseBodyMethodProcessor : Read "application/octet-stream" to []
2025-06-13T05:34:47.353Z DEBUG 5621 --- [risk-assets-api] [io-12000-exec-8] o.s.w.s.m.m.a.HttpEntityMethodProcessor  : Found 'Content-Type:application/openmetrics-text;version=1.0.0;charset=utf-8' in response
2025-06-13T05:34:47.353Z DEBUG 5621 --- [risk-assets-api] [io-12000-exec-8] o.s.w.s.m.m.a.HttpEntityMethodProcessor  : Writing ["# TYPE hikaricp_connections_timeout counter<EOL># HELP hikaricp_connections_timeout Connection timeout t (truncated)..."]
2025-06-13T05:34:47.354Z DEBUG 5621 --- [risk-assets-api] [io-12000-exec-8] o.s.web.servlet.DispatcherServlet        : Completed 200 OK
2025-06-13T05:34:52.348Z DEBUG 5621 --- [risk-assets-api] [io-12000-exec-9] o.s.web.servlet.DispatcherServlet        : GET "/actuator/prometheus", parameters={}
2025-06-13T05:34:52.349Z DEBUG 5621 --- [risk-assets-api] [io-12000-exec-9] m.m.a.RequestResponseBodyMethodProcessor : Read "application/octet-stream" to []
2025-06-13T05:34:52.352Z DEBUG 5621 --- [risk-assets-api] [io-12000-exec-9] o.s.w.s.m.m.a.HttpEntityMethodProcessor  : Found 'Content-Type:application/openmetrics-text;version=1.0.0;charset=utf-8' in response
2025-06-13T05:34:52.352Z DEBUG 5621 --- [risk-assets-api] [io-12000-exec-9] o.s.w.s.m.m.a.HttpEntityMethodProcessor  : Writing ["# TYPE hikaricp_connections_timeout counter<EOL># HELP hikaricp_connections_timeout Connection timeout t (truncated)..."]
2025-06-13T05:34:52.354Z DEBUG 5621 --- [risk-assets-api] [io-12000-exec-9] o.s.web.servlet.DispatcherServlet        : Completed 200 OK
2025-06-13T05:34:57.349Z DEBUG 5621 --- [risk-assets-api] [o-12000-exec-10] o.s.web.servlet.DispatcherServlet        : GET "/actuator/prometheus", parameters={}
2025-06-13T05:34:57.350Z DEBUG 5621 --- [risk-assets-api] [o-12000-exec-10] m.m.a.RequestResponseBodyMethodProcessor : Read "application/octet-stream" to []
2025-06-13T05:34:57.354Z DEBUG 5621 --- [risk-assets-api] [o-12000-exec-10] o.s.w.s.m.m.a.HttpEntityMethodProcessor  : Found 'Content-Type:application/openmetrics-text;version=1.0.0;charset=utf-8' in response
2025-06-13T05:34:57.354Z DEBUG 5621 --- [risk-assets-api] [o-12000-exec-10] o.s.w.s.m.m.a.HttpEntityMethodProcessor  : Writing ["# TYPE hikaricp_connections_timeout counter<EOL># HELP hikaricp_connections_timeout Connection timeout t (truncated)..."]
2025-06-13T05:34:57.355Z DEBUG 5621 --- [risk-assets-api] [o-12000-exec-10] o.s.web.servlet.DispatcherServlet        : Completed 200 OK
2025-06-13T05:35:02.348Z DEBUG 5621 --- [risk-assets-api] [io-12000-exec-1] o.s.web.servlet.DispatcherServlet        : GET "/actuator/prometheus", parameters={}
2025-06-13T05:35:02.349Z DEBUG 5621 --- [risk-assets-api] [io-12000-exec-1] m.m.a.RequestResponseBodyMethodProcessor : Read "application/octet-stream" to []
2025-06-13T05:35:02.352Z DEBUG 5621 --- [risk-assets-api] [io-12000-exec-1] o.s.w.s.m.m.a.HttpEntityMethodProcessor  : Found 'Content-Type:application/openmetrics-text;version=1.0.0;charset=utf-8' in response
2025-06-13T05:35:02.353Z DEBUG 5621 --- [risk-assets-api] [io-12000-exec-1] o.s.w.s.m.m.a.HttpEntityMethodProcessor  : Writing ["# TYPE hikaricp_connections_timeout counter<EOL># HELP hikaricp_connections_timeout Connection timeout t (truncated)..."]
2025-06-13T05:35:02.353Z DEBUG 5621 --- [risk-assets-api] [io-12000-exec-1] o.s.web.servlet.DispatcherServlet        : Completed 200 OK
2025-06-13T05:35:07.347Z DEBUG 5621 --- [risk-assets-api] [io-12000-exec-2] o.s.web.servlet.DispatcherServlet        : GET "/actuator/prometheus", parameters={}
2025-06-13T05:35:07.348Z DEBUG 5621 --- [risk-assets-api] [io-12000-exec-2] m.m.a.RequestResponseBodyMethodProcessor : Read "application/octet-stream" to []
2025-06-13T05:35:07.351Z DEBUG 5621 --- [risk-assets-api] [io-12000-exec-2] o.s.w.s.m.m.a.HttpEntityMethodProcessor  : Found 'Content-Type:application/openmetrics-text;version=1.0.0;charset=utf-8' in response
2025-06-13T05:35:07.351Z DEBUG 5621 --- [risk-assets-api] [io-12000-exec-2] o.s.w.s.m.m.a.HttpEntityMethodProcessor  : Writing ["# TYPE hikaricp_connections_timeout counter<EOL># HELP hikaricp_connections_timeout Connection timeout t (truncated)..."]
2025-06-13T05:35:07.352Z DEBUG 5621 --- [risk-assets-api] [io-12000-exec-2] o.s.web.servlet.DispatcherServlet        : Completed 200 OK
2025-06-13T05:35:12.348Z DEBUG 5621 --- [risk-assets-api] [io-12000-exec-3] o.s.web.servlet.DispatcherServlet        : GET "/actuator/prometheus", parameters={}
2025-06-13T05:35:12.349Z DEBUG 5621 --- [risk-assets-api] [io-12000-exec-3] m.m.a.RequestResponseBodyMethodProcessor : Read "application/octet-stream" to []
2025-06-13T05:35:12.352Z DEBUG 5621 --- [risk-assets-api] [io-12000-exec-3] o.s.w.s.m.m.a.HttpEntityMethodProcessor  : Found 'Content-Type:application/openmetrics-text;version=1.0.0;charset=utf-8' in response
2025-06-13T05:35:12.352Z DEBUG 5621 --- [risk-assets-api] [io-12000-exec-3] o.s.w.s.m.m.a.HttpEntityMethodProcessor  : Writing ["# TYPE hikaricp_connections_timeout counter<EOL># HELP hikaricp_connections_timeout Connection timeout t (truncated)..."]
2025-06-13T05:35:12.352Z DEBUG 5621 --- [risk-assets-api] [io-12000-exec-3] o.s.web.servlet.DispatcherServlet        : Completed 200 OK
2025-06-13T05:35:17.348Z DEBUG 5621 --- [risk-assets-api] [io-12000-exec-4] o.s.web.servlet.DispatcherServlet        : GET "/actuator/prometheus", parameters={}
2025-06-13T05:35:17.348Z DEBUG 5621 --- [risk-assets-api] [io-12000-exec-4] m.m.a.RequestResponseBodyMethodProcessor : Read "application/octet-stream" to []
2025-06-13T05:35:17.351Z DEBUG 5621 --- [risk-assets-api] [io-12000-exec-4] o.s.w.s.m.m.a.HttpEntityMethodProcessor  : Found 'Content-Type:application/openmetrics-text;version=1.0.0;charset=utf-8' in response
2025-06-13T05:35:17.351Z DEBUG 5621 --- [risk-assets-api] [io-12000-exec-4] o.s.w.s.m.m.a.HttpEntityMethodProcessor  : Writing ["# TYPE hikaricp_connections_timeout counter<EOL># HELP hikaricp_connections_timeout Connection timeout t (truncated)..."]
2025-06-13T05:35:17.351Z DEBUG 5621 --- [risk-assets-api] [io-12000-exec-4] o.s.web.servlet.DispatcherServlet        : Completed 200 OK
2025-06-13T05:35:22.348Z DEBUG 5621 --- [risk-assets-api] [io-12000-exec-5] o.s.web.servlet.DispatcherServlet        : GET "/actuator/prometheus", parameters={}
2025-06-13T05:35:22.348Z DEBUG 5621 --- [risk-assets-api] [io-12000-exec-5] m.m.a.RequestResponseBodyMethodProcessor : Read "application/octet-stream" to []
2025-06-13T05:35:22.351Z DEBUG 5621 --- [risk-assets-api] [io-12000-exec-5] o.s.w.s.m.m.a.HttpEntityMethodProcessor  : Found 'Content-Type:application/openmetrics-text;version=1.0.0;charset=utf-8' in response
2025-06-13T05:35:22.351Z DEBUG 5621 --- [risk-assets-api] [io-12000-exec-5] o.s.w.s.m.m.a.HttpEntityMethodProcessor  : Writing ["# TYPE hikaricp_connections_timeout counter<EOL># HELP hikaricp_connections_timeout Connection timeout t (truncated)..."]
2025-06-13T05:35:22.352Z DEBUG 5621 --- [risk-assets-api] [io-12000-exec-5] o.s.web.servlet.DispatcherServlet        : Completed 200 OK
2025-06-13T05:35:27.348Z DEBUG 5621 --- [risk-assets-api] [io-12000-exec-6] o.s.web.servlet.DispatcherServlet        : GET "/actuator/prometheus", parameters={}
2025-06-13T05:35:27.349Z DEBUG 5621 --- [risk-assets-api] [io-12000-exec-6] m.m.a.RequestResponseBodyMethodProcessor : Read "application/octet-stream" to []
2025-06-13T05:35:27.352Z DEBUG 5621 --- [risk-assets-api] [io-12000-exec-6] o.s.w.s.m.m.a.HttpEntityMethodProcessor  : Found 'Content-Type:application/openmetrics-text;version=1.0.0;charset=utf-8' in response
2025-06-13T05:35:27.352Z DEBUG 5621 --- [risk-assets-api] [io-12000-exec-6] o.s.w.s.m.m.a.HttpEntityMethodProcessor  : Writing ["# TYPE hikaricp_connections_timeout counter<EOL># HELP hikaricp_connections_timeout Connection timeout t (truncated)..."]
2025-06-13T05:35:27.353Z DEBUG 5621 --- [risk-assets-api] [io-12000-exec-6] o.s.web.servlet.DispatcherServlet        : Completed 200 OK
2025-06-13T05:35:32.348Z DEBUG 5621 --- [risk-assets-api] [io-12000-exec-7] o.s.web.servlet.DispatcherServlet        : GET "/actuator/prometheus", parameters={}
2025-06-13T05:35:32.349Z DEBUG 5621 --- [risk-assets-api] [io-12000-exec-7] m.m.a.RequestResponseBodyMethodProcessor : Read "application/octet-stream" to []
2025-06-13T05:35:32.351Z DEBUG 5621 --- [risk-assets-api] [io-12000-exec-7] o.s.w.s.m.m.a.HttpEntityMethodProcessor  : Found 'Content-Type:application/openmetrics-text;version=1.0.0;charset=utf-8' in response
2025-06-13T05:35:32.351Z DEBUG 5621 --- [risk-assets-api] [io-12000-exec-7] o.s.w.s.m.m.a.HttpEntityMethodProcessor  : Writing ["# TYPE hikaricp_connections_timeout counter<EOL># HELP hikaricp_connections_timeout Connection timeout t (truncated)..."]
2025-06-13T05:35:32.352Z DEBUG 5621 --- [risk-assets-api] [io-12000-exec-7] o.s.web.servlet.DispatcherServlet        : Completed 200 OK
2025-06-13T05:35:35.390Z DEBUG 5621 --- [risk-assets-api] [io-12000-exec-8] o.s.web.servlet.DispatcherServlet        : GET "/api/assets", parameters={}
2025-06-13T05:35:35.391Z DEBUG 5621 --- [risk-assets-api] [o-12000-exec-10] o.s.web.servlet.DispatcherServlet        : GET "/api/assets/risk-summary", parameters={}
2025-06-13T05:35:35.391Z DEBUG 5621 --- [risk-assets-api] [io-12000-exec-9] o.s.web.servlet.DispatcherServlet        : GET "/api/assets/1", parameters={}
2025-06-13T05:35:35.391Z DEBUG 5621 --- [risk-assets-api] [io-12000-exec-1] o.s.web.servlet.DispatcherServlet        : GET "/api/assets/risk-level/HIGH", parameters={}
2025-06-13T05:35:35.392Z DEBUG 5621 --- [risk-assets-api] [o-12000-exec-10] s.w.s.m.m.a.RequestMappingHandlerMapping : Mapped to com.jpmc.riskassets.controller.RiskAssetController#getRiskSummary()
2025-06-13T05:35:35.392Z DEBUG 5621 --- [risk-assets-api] [io-12000-exec-9] s.w.s.m.m.a.RequestMappingHandlerMapping : Mapped to com.jpmc.riskassets.controller.RiskAssetController#getAssetById(Long)
2025-06-13T05:35:35.392Z DEBUG 5621 --- [risk-assets-api] [io-12000-exec-1] s.w.s.m.m.a.RequestMappingHandlerMapping : Mapped to com.jpmc.riskassets.controller.RiskAssetController#getAssetsByRiskLevel(RiskLevel)
2025-06-13T05:35:35.392Z DEBUG 5621 --- [risk-assets-api] [io-12000-exec-8] s.w.s.m.m.a.RequestMappingHandlerMapping : Mapped to com.jpmc.riskassets.controller.RiskAssetController#getAllAssets()
Hibernate: 
    select
        count(*) 
    from
        risk_assets ra1_0
Hibernate: 
    select
        ra1_0.id,
        ra1_0.created_at,
        ra1_0.description,
        ra1_0.location,
        ra1_0.name,
        ra1_0.owner,
        ra1_0.risk_level,
        ra1_0.risk_score,
        ra1_0.type,
        ra1_0.updated_at,
        ra1_0.asset_value 
    from
        risk_assets ra1_0
2025-06-13T05:35:35.399Z DEBUG 5621 --- [risk-assets-api] [io-12000-exec-8] o.s.w.s.m.m.a.HttpEntityMethodProcessor  : Using 'application/json', given [*/*] and supported [application/json, application/*+json]
2025-06-13T05:35:35.399Z DEBUG 5621 --- [risk-assets-api] [io-12000-exec-8] o.s.w.s.m.m.a.HttpEntityMethodProcessor  : Writing [[com.jpmc.riskassets.model.RiskAsset@64f7be73, com.jpmc.riskassets.model.RiskAsset@1ff46d5a, com.jpm (truncated)...]
2025-06-13T05:35:35.404Z DEBUG 5621 --- [risk-assets-api] [io-12000-exec-8] o.s.web.servlet.DispatcherServlet        : Completed 200 OK
Hibernate: 
    select
        ra1_0.id,
        ra1_0.created_at,
        ra1_0.description,
        ra1_0.location,
        ra1_0.name,
        ra1_0.owner,
        ra1_0.risk_level,
        ra1_0.risk_score,
        ra1_0.type,
        ra1_0.updated_at,
        ra1_0.asset_value 
    from
        risk_assets ra1_0 
    where
        ra1_0.id=?
Hibernate: 
    select
        sum(ra1_0.asset_value) 
    from
        risk_assets ra1_0
2025-06-13T05:35:35.417Z DEBUG 5621 --- [risk-assets-api] [io-12000-exec-9] o.s.w.s.m.m.a.HttpEntityMethodProcessor  : Using 'application/json', given [*/*] and supported [application/json, application/*+json]
2025-06-13T05:35:35.418Z DEBUG 5621 --- [risk-assets-api] [io-12000-exec-9] o.s.w.s.m.m.a.HttpEntityMethodProcessor  : Writing [com.jpmc.riskassets.model.RiskAsset@4cba911e]
2025-06-13T05:35:35.419Z DEBUG 5621 --- [risk-assets-api] [io-12000-exec-9] o.s.web.servlet.DispatcherServlet        : Completed 200 OK
Hibernate: 
    select
        avg(ra1_0.risk_score) 
    from
        risk_assets ra1_0
Hibernate: 
    select
        ra1_0.id,
        ra1_0.created_at,
        ra1_0.description,
        ra1_0.location,
        ra1_0.name,
        ra1_0.owner,
        ra1_0.risk_level,
        ra1_0.risk_score,
        ra1_0.type,
        ra1_0.updated_at,
        ra1_0.asset_value 
    from
        risk_assets ra1_0 
    where
        ra1_0.risk_level=?
2025-06-13T05:35:35.425Z DEBUG 5621 --- [risk-assets-api] [io-12000-exec-1] o.s.w.s.m.m.a.HttpEntityMethodProcessor  : Using 'application/json', given [*/*] and supported [application/json, application/*+json]
2025-06-13T05:35:35.425Z DEBUG 5621 --- [risk-assets-api] [io-12000-exec-1] o.s.w.s.m.m.a.HttpEntityMethodProcessor  : Writing [[com.jpmc.riskassets.model.RiskAsset@6c29679f, com.jpmc.riskassets.model.RiskAsset@7dadc461, com.jpm (truncated)...]
2025-06-13T05:35:35.426Z DEBUG 5621 --- [risk-assets-api] [io-12000-exec-1] o.s.web.servlet.DispatcherServlet        : Completed 200 OK
Hibernate: 
    select
        count(ra1_0.id) 
    from
        risk_assets ra1_0 
    where
        ra1_0.risk_level=?
Hibernate: 
    select
        count(ra1_0.id) 
    from
        risk_assets ra1_0 
    where
        ra1_0.risk_level=?
Hibernate: 
    select
        count(ra1_0.id) 
    from
        risk_assets ra1_0 
    where
        ra1_0.risk_level=?
Hibernate: 
    select
        count(ra1_0.id) 
    from
        risk_assets ra1_0 
    where
        ra1_0.risk_level=?
2025-06-13T05:35:35.434Z DEBUG 5621 --- [risk-assets-api] [o-12000-exec-10] o.s.w.s.m.m.a.HttpEntityMethodProcessor  : Using 'application/json', given [*/*] and supported [application/json, application/*+json]
2025-06-13T05:35:35.435Z DEBUG 5621 --- [risk-assets-api] [o-12000-exec-10] o.s.w.s.m.m.a.HttpEntityMethodProcessor  : Writing [com.jpmc.riskassets.model.RiskSummary@cdc68ff]
2025-06-13T05:35:35.436Z DEBUG 5621 --- [risk-assets-api] [o-12000-exec-10] o.s.web.servlet.DispatcherServlet        : Completed 200 OK
2025-06-13T05:35:35.492Z DEBUG 5621 --- [risk-assets-api] [io-12000-exec-5] o.s.web.servlet.DispatcherServlet        : GET "/api/assets", parameters={}
2025-06-13T05:35:35.493Z DEBUG 5621 --- [risk-assets-api] [io-12000-exec-4] o.s.web.servlet.DispatcherServlet        : GET "/api/assets/1", parameters={}
2025-06-13T05:35:35.493Z DEBUG 5621 --- [risk-assets-api] [io-12000-exec-5] s.w.s.m.m.a.RequestMappingHandlerMapping : Mapped to com.jpmc.riskassets.controller.RiskAssetController#getAllAssets()
2025-06-13T05:35:35.493Z DEBUG 5621 --- [risk-assets-api] [io-12000-exec-7] o.s.web.servlet.DispatcherServlet        : GET "/api/assets/risk-level/HIGH", parameters={}
2025-06-13T05:35:35.493Z DEBUG 5621 --- [risk-assets-api] [io-12000-exec-4] s.w.s.m.m.a.RequestMappingHandlerMapping : Mapped to com.jpmc.riskassets.controller.RiskAssetController#getAssetById(Long)
2025-06-13T05:35:35.494Z DEBUG 5621 --- [risk-assets-api] [io-12000-exec-7] s.w.s.m.m.a.RequestMappingHandlerMapping : Mapped to com.jpmc.riskassets.controller.RiskAssetController#getAssetsByRiskLevel(RiskLevel)
Hibernate: 
    select
        ra1_0.id,
        ra1_0.created_at,
        ra1_0.description,
        ra1_0.location,
        ra1_0.name,
        ra1_0.owner,
        ra1_0.risk_level,
        ra1_0.risk_score,
        ra1_0.type,
        ra1_0.updated_at,
        ra1_0.asset_value 
    from
        risk_assets ra1_0 
    where
        ra1_0.id=?
Hibernate: 
    select
        ra1_0.id,
        ra1_0.created_at,
        ra1_0.description,
        ra1_0.location,
        ra1_0.name,
        ra1_0.owner,
        ra1_0.risk_level,
        ra1_0.risk_score,
        ra1_0.type,
        ra1_0.updated_at,
        ra1_0.asset_value 
    from
        risk_assets ra1_0
Hibernate: 
    select
        ra1_0.id,
        ra1_0.created_at,
        ra1_0.description,
        ra1_0.location,
        ra1_0.name,
        ra1_0.owner,
        ra1_0.risk_level,
        ra1_0.risk_score,
        ra1_0.type,
        ra1_0.updated_at,
        ra1_0.asset_value 
    from
        risk_assets ra1_0 
    where
        ra1_0.risk_level=?
2025-06-13T05:35:35.496Z DEBUG 5621 --- [risk-assets-api] [io-12000-exec-4] o.s.w.s.m.m.a.HttpEntityMethodProcessor  : Using 'application/json', given [*/*] and supported [application/json, application/*+json]
2025-06-13T05:35:35.496Z DEBUG 5621 --- [risk-assets-api] [io-12000-exec-4] o.s.w.s.m.m.a.HttpEntityMethodProcessor  : Writing [com.jpmc.riskassets.model.RiskAsset@7777331e]
2025-06-13T05:35:35.497Z DEBUG 5621 --- [risk-assets-api] [io-12000-exec-4] o.s.web.servlet.DispatcherServlet        : Completed 200 OK
2025-06-13T05:35:35.498Z DEBUG 5621 --- [risk-assets-api] [io-12000-exec-7] o.s.w.s.m.m.a.HttpEntityMethodProcessor  : Using 'application/json', given [*/*] and supported [application/json, application/*+json]
2025-06-13T05:35:35.498Z DEBUG 5621 --- [risk-assets-api] [io-12000-exec-7] o.s.w.s.m.m.a.HttpEntityMethodProcessor  : Writing [[com.jpmc.riskassets.model.RiskAsset@3b569012, com.jpmc.riskassets.model.RiskAsset@39e48026, com.jpm (truncated)...]
2025-06-13T05:35:35.499Z DEBUG 5621 --- [risk-assets-api] [io-12000-exec-7] o.s.web.servlet.DispatcherServlet        : Completed 200 OK
2025-06-13T05:35:35.500Z DEBUG 5621 --- [risk-assets-api] [io-12000-exec-5] o.s.w.s.m.m.a.HttpEntityMethodProcessor  : Using 'application/json', given [*/*] and supported [application/json, application/*+json]
2025-06-13T05:35:35.500Z DEBUG 5621 --- [risk-assets-api] [io-12000-exec-5] o.s.w.s.m.m.a.HttpEntityMethodProcessor  : Writing [[com.jpmc.riskassets.model.RiskAsset@9168f5e, com.jpmc.riskassets.model.RiskAsset@488f0ac8, com.jpmc (truncated)...]
2025-06-13T05:35:35.502Z DEBUG 5621 --- [risk-assets-api] [io-12000-exec-5] o.s.web.servlet.DispatcherServlet        : Completed 200 OK
2025-06-13T05:35:35.516Z DEBUG 5621 --- [risk-assets-api] [io-12000-exec-6] o.s.web.servlet.DispatcherServlet        : GET "/api/assets/risk-summary", parameters={}
2025-06-13T05:35:35.517Z DEBUG 5621 --- [risk-assets-api] [io-12000-exec-6] s.w.s.m.m.a.RequestMappingHandlerMapping : Mapped to com.jpmc.riskassets.controller.RiskAssetController#getRiskSummary()
Hibernate: 
    select
        count(*) 
    from
        risk_assets ra1_0
Hibernate: 
    select
        sum(ra1_0.asset_value) 
    from
        risk_assets ra1_0
Hibernate: 
    select
        avg(ra1_0.risk_score) 
    from
        risk_assets ra1_0
Hibernate: 
    select
        count(ra1_0.id) 
    from
        risk_assets ra1_0 
    where
        ra1_0.risk_level=?
Hibernate: 
    select
        count(ra1_0.id) 
    from
        risk_assets ra1_0 
    where
        ra1_0.risk_level=?
Hibernate: 
    select
        count(ra1_0.id) 
    from
        risk_assets ra1_0 
    where
        ra1_0.risk_level=?
Hibernate: 
    select
        count(ra1_0.id) 
    from
        risk_assets ra1_0 
    where
        ra1_0.risk_level=?
2025-06-13T05:35:35.525Z DEBUG 5621 --- [risk-assets-api] [io-12000-exec-6] o.s.w.s.m.m.a.HttpEntityMethodProcessor  : Using 'application/json', given [*/*] and supported [application/json, application/*+json]
2025-06-13T05:35:35.525Z DEBUG 5621 --- [risk-assets-api] [io-12000-exec-6] o.s.w.s.m.m.a.HttpEntityMethodProcessor  : Writing [com.jpmc.riskassets.model.RiskSummary@62f80bc2]
2025-06-13T05:35:35.526Z DEBUG 5621 --- [risk-assets-api] [io-12000-exec-6] o.s.web.servlet.DispatcherServlet        : Completed 200 OK
2025-06-13T05:35:35.594Z DEBUG 5621 --- [risk-assets-api] [o-12000-exec-10] o.s.web.servlet.DispatcherServlet        : GET "/api/assets", parameters={}
2025-06-13T05:35:35.594Z DEBUG 5621 --- [risk-assets-api] [io-12000-exec-4] o.s.web.servlet.DispatcherServlet        : GET "/api/assets/1", parameters={}
2025-06-13T05:35:35.595Z DEBUG 5621 --- [risk-assets-api] [io-12000-exec-7] o.s.web.servlet.DispatcherServlet        : GET "/api/assets/risk-level/HIGH", parameters={}
2025-06-13T05:35:35.595Z DEBUG 5621 --- [risk-assets-api] [o-12000-exec-10] s.w.s.m.m.a.RequestMappingHandlerMapping : Mapped to com.jpmc.riskassets.controller.RiskAssetController#getAllAssets()
2025-06-13T05:35:35.595Z DEBUG 5621 --- [risk-assets-api] [io-12000-exec-4] s.w.s.m.m.a.RequestMappingHandlerMapping : Mapped to com.jpmc.riskassets.controller.RiskAssetController#getAssetById(Long)
2025-06-13T05:35:35.595Z DEBUG 5621 --- [risk-assets-api] [io-12000-exec-7] s.w.s.m.m.a.RequestMappingHandlerMapping : Mapped to com.jpmc.riskassets.controller.RiskAssetController#getAssetsByRiskLevel(RiskLevel)
2025-06-13T05:35:35.594Z DEBUG 5621 --- [risk-assets-api] [io-12000-exec-3] o.s.web.servlet.DispatcherServlet        : GET "/api/assets/risk-summary", parameters={}
2025-06-13T05:35:35.596Z DEBUG 5621 --- [risk-assets-api] [io-12000-exec-3] s.w.s.m.m.a.RequestMappingHandlerMapping : Mapped to com.jpmc.riskassets.controller.RiskAssetController#getRiskSummary()
Hibernate: 
    select
        count(*) 
    from
        risk_assets ra1_0
Hibernate: 
    select
        ra1_0.id,
        ra1_0.created_at,
        ra1_0.description,
        ra1_0.location,
        ra1_0.name,
        ra1_0.owner,
        ra1_0.risk_level,
        ra1_0.risk_score,
        ra1_0.type,
        ra1_0.updated_at,
        ra1_0.asset_value 
    from
        risk_assets ra1_0
Hibernate: 
    select
        ra1_0.id,
        ra1_0.created_at,
        ra1_0.description,
        ra1_0.location,
        ra1_0.name,
        ra1_0.owner,
        ra1_0.risk_level,
        ra1_0.risk_score,
        ra1_0.type,
        ra1_0.updated_at,
        ra1_0.asset_value 
    from
        risk_assets ra1_0 
    where
        ra1_0.risk_level=?
Hibernate: 
    select
        ra1_0.id,
        ra1_0.created_at,
        ra1_0.description,
        ra1_0.location,
        ra1_0.name,
        ra1_0.owner,
        ra1_0.risk_level,
        ra1_0.risk_score,
        ra1_0.type,
        ra1_0.updated_at,
        ra1_0.asset_value 
    from
        risk_assets ra1_0 
    where
        ra1_0.id=?
Hibernate: 
    select
        sum(ra1_0.asset_value) 
    from
        risk_assets ra1_0
Hibernate: 
    select
        avg(ra1_0.risk_score) 
    from
        risk_assets ra1_0
2025-06-13T05:35:35.600Z DEBUG 5621 --- [risk-assets-api] [io-12000-exec-7] o.s.w.s.m.m.a.HttpEntityMethodProcessor  : Using 'application/json', given [*/*] and supported [application/json, application/*+json]
2025-06-13T05:35:35.601Z DEBUG 5621 --- [risk-assets-api] [io-12000-exec-7] o.s.w.s.m.m.a.HttpEntityMethodProcessor  : Writing [[com.jpmc.riskassets.model.RiskAsset@2147d33d, com.jpmc.riskassets.model.RiskAsset@3ead32c9, com.jpm (truncated)...]
2025-06-13T05:35:35.601Z DEBUG 5621 --- [risk-assets-api] [o-12000-exec-10] o.s.w.s.m.m.a.HttpEntityMethodProcessor  : Using 'application/json', given [*/*] and supported [application/json, application/*+json]
2025-06-13T05:35:35.601Z DEBUG 5621 --- [risk-assets-api] [io-12000-exec-4] o.s.w.s.m.m.a.HttpEntityMethodProcessor  : Using 'application/json', given [*/*] and supported [application/json, application/*+json]
2025-06-13T05:35:35.601Z DEBUG 5621 --- [risk-assets-api] [o-12000-exec-10] o.s.w.s.m.m.a.HttpEntityMethodProcessor  : Writing [[com.jpmc.riskassets.model.RiskAsset@4fc8c4ed, com.jpmc.riskassets.model.RiskAsset@7e3074e5, com.jpm (truncated)...]
2025-06-13T05:35:35.601Z DEBUG 5621 --- [risk-assets-api] [io-12000-exec-4] o.s.w.s.m.m.a.HttpEntityMethodProcessor  : Writing [com.jpmc.riskassets.model.RiskAsset@3b7d1a15]
2025-06-13T05:35:35.602Z DEBUG 5621 --- [risk-assets-api] [io-12000-exec-7] o.s.web.servlet.DispatcherServlet        : Completed 200 OK
2025-06-13T05:35:35.602Z DEBUG 5621 --- [risk-assets-api] [io-12000-exec-4] o.s.web.servlet.DispatcherServlet        : Completed 200 OK
2025-06-13T05:35:35.602Z DEBUG 5621 --- [risk-assets-api] [o-12000-exec-10] o.s.web.servlet.DispatcherServlet        : Completed 200 OK
Hibernate: 
    select
        count(ra1_0.id) 
    from
        risk_assets ra1_0 
    where
        ra1_0.risk_level=?
Hibernate: 
    select
        count(ra1_0.id) 
    from
        risk_assets ra1_0 
    where
        ra1_0.risk_level=?
Hibernate: 
    select
        count(ra1_0.id) 
    from
        risk_assets ra1_0 
    where
        ra1_0.risk_level=?
Hibernate: 
    select
        count(ra1_0.id) 
    from
        risk_assets ra1_0 
    where
        ra1_0.risk_level=?
2025-06-13T05:35:35.608Z DEBUG 5621 --- [risk-assets-api] [io-12000-exec-3] o.s.w.s.m.m.a.HttpEntityMethodProcessor  : Using 'application/json', given [*/*] and supported [application/json, application/*+json]
2025-06-13T05:35:35.608Z DEBUG 5621 --- [risk-assets-api] [io-12000-exec-3] o.s.w.s.m.m.a.HttpEntityMethodProcessor  : Writing [com.jpmc.riskassets.model.RiskSummary@667f4432]
2025-06-13T05:35:35.609Z DEBUG 5621 --- [risk-assets-api] [io-12000-exec-3] o.s.web.servlet.DispatcherServlet        : Completed 200 OK
2025-06-13T05:35:35.696Z DEBUG 5621 --- [risk-assets-api] [o-12000-exec-10] o.s.web.servlet.DispatcherServlet        : GET "/api/assets/risk-level/HIGH", parameters={}
2025-06-13T05:35:35.696Z DEBUG 5621 --- [risk-assets-api] [io-12000-exec-1] o.s.web.servlet.DispatcherServlet        : GET "/api/assets/1", parameters={}
2025-06-13T05:35:35.696Z DEBUG 5621 --- [risk-assets-api] [io-12000-exec-6] o.s.web.servlet.DispatcherServlet        : GET "/api/assets/risk-summary", parameters={}
2025-06-13T05:35:35.696Z DEBUG 5621 --- [risk-assets-api] [io-12000-exec-7] o.s.web.servlet.DispatcherServlet        : GET "/api/assets", parameters={}
2025-06-13T05:35:35.697Z DEBUG 5621 --- [risk-assets-api] [io-12000-exec-6] s.w.s.m.m.a.RequestMappingHandlerMapping : Mapped to com.jpmc.riskassets.controller.RiskAssetController#getRiskSummary()
2025-06-13T05:35:35.697Z DEBUG 5621 --- [risk-assets-api] [io-12000-exec-1] s.w.s.m.m.a.RequestMappingHandlerMapping : Mapped to com.jpmc.riskassets.controller.RiskAssetController#getAssetById(Long)
2025-06-13T05:35:35.697Z DEBUG 5621 --- [risk-assets-api] [io-12000-exec-7] s.w.s.m.m.a.RequestMappingHandlerMapping : Mapped to com.jpmc.riskassets.controller.RiskAssetController#getAllAssets()
2025-06-13T05:35:35.697Z DEBUG 5621 --- [risk-assets-api] [o-12000-exec-10] s.w.s.m.m.a.RequestMappingHandlerMapping : Mapped to com.jpmc.riskassets.controller.RiskAssetController#getAssetsByRiskLevel(RiskLevel)
Hibernate: 
    select
        ra1_0.id,
        ra1_0.created_at,
        ra1_0.description,
        ra1_0.location,
        ra1_0.name,
        ra1_0.owner,
        ra1_0.risk_level,
        ra1_0.risk_score,
        ra1_0.type,
        ra1_0.updated_at,
        ra1_0.asset_value 
    from
        risk_assets ra1_0 
    where
        ra1_0.id=?
Hibernate: 
    select
        ra1_0.id,
        ra1_0.created_at,
        ra1_0.description,
        ra1_0.location,
        ra1_0.name,
        ra1_0.owner,
        ra1_0.risk_level,
        ra1_0.risk_score,
        ra1_0.type,
        ra1_0.updated_at,
        ra1_0.asset_value 
    from
        risk_assets ra1_0
Hibernate: 
    select
        ra1_0.id,
        ra1_0.created_at,
        ra1_0.description,
        ra1_0.location,
        ra1_0.name,
        ra1_0.owner,
        ra1_0.risk_level,
        ra1_0.risk_score,
        ra1_0.type,
        ra1_0.updated_at,
        ra1_0.asset_value 
    from
        risk_assets ra1_0 
    where
        ra1_0.risk_level=?
2025-06-13T05:35:35.699Z DEBUG 5621 --- [risk-assets-api] [io-12000-exec-1] o.s.w.s.m.m.a.HttpEntityMethodProcessor  : Using 'application/json', given [*/*] and supported [application/json, application/*+json]
2025-06-13T05:35:35.699Z DEBUG 5621 --- [risk-assets-api] [io-12000-exec-1] o.s.w.s.m.m.a.HttpEntityMethodProcessor  : Writing [com.jpmc.riskassets.model.RiskAsset@2cff4363]
Hibernate: 
    select
        count(*) 
    from
        risk_assets ra1_0
2025-06-13T05:35:35.700Z DEBUG 5621 --- [risk-assets-api] [io-12000-exec-1] o.s.web.servlet.DispatcherServlet        : Completed 200 OK
Hibernate: 
    select
        sum(ra1_0.asset_value) 
    from
        risk_assets ra1_0
Hibernate: 
    select
        avg(ra1_0.risk_score) 
    from
        risk_assets ra1_0
2025-06-13T05:35:35.702Z DEBUG 5621 --- [risk-assets-api] [o-12000-exec-10] o.s.w.s.m.m.a.HttpEntityMethodProcessor  : Using 'application/json', given [*/*] and supported [application/json, application/*+json]
2025-06-13T05:35:35.702Z DEBUG 5621 --- [risk-assets-api] [o-12000-exec-10] o.s.w.s.m.m.a.HttpEntityMethodProcessor  : Writing [[com.jpmc.riskassets.model.RiskAsset@744f93ba, com.jpmc.riskassets.model.RiskAsset@1505a9ca, com.jpm (truncated)...]
Hibernate: 
    select
        count(ra1_0.id) 
    from
        risk_assets ra1_0 
    where
        ra1_0.risk_level=?
2025-06-13T05:35:35.704Z DEBUG 5621 --- [risk-assets-api] [io-12000-exec-7] o.s.w.s.m.m.a.HttpEntityMethodProcessor  : Using 'application/json', given [*/*] and supported [application/json, application/*+json]
Hibernate: 
    select
        count(ra1_0.id) 
    from
        risk_assets ra1_0 
    where
        ra1_0.risk_level=?
2025-06-13T05:35:35.705Z DEBUG 5621 --- [risk-assets-api] [o-12000-exec-10] o.s.web.servlet.DispatcherServlet        : Completed 200 OK
2025-06-13T05:35:35.708Z DEBUG 5621 --- [risk-assets-api] [io-12000-exec-7] o.s.w.s.m.m.a.HttpEntityMethodProcessor  : Writing [[com.jpmc.riskassets.model.RiskAsset@186a9cd9, com.jpmc.riskassets.model.RiskAsset@1b815cd2, com.jpm (truncated)...]
2025-06-13T05:35:35.710Z DEBUG 5621 --- [risk-assets-api] [io-12000-exec-7] o.s.web.servlet.DispatcherServlet        : Completed 200 OK
Hibernate: 
    select
        count(ra1_0.id) 
    from
        risk_assets ra1_0 
    where
        ra1_0.risk_level=?
Hibernate: 
    select
        count(ra1_0.id) 
    from
        risk_assets ra1_0 
    where
        ra1_0.risk_level=?
2025-06-13T05:35:35.712Z DEBUG 5621 --- [risk-assets-api] [io-12000-exec-6] o.s.w.s.m.m.a.HttpEntityMethodProcessor  : Using 'application/json', given [*/*] and supported [application/json, application/*+json]
2025-06-13T05:35:35.713Z DEBUG 5621 --- [risk-assets-api] [io-12000-exec-6] o.s.w.s.m.m.a.HttpEntityMethodProcessor  : Writing [com.jpmc.riskassets.model.RiskSummary@1873bc44]
2025-06-13T05:35:35.713Z DEBUG 5621 --- [risk-assets-api] [io-12000-exec-6] o.s.web.servlet.DispatcherServlet        : Completed 200 OK
2025-06-13T05:35:35.798Z DEBUG 5621 --- [risk-assets-api] [io-12000-exec-1] o.s.web.servlet.DispatcherServlet        : GET "/api/assets/risk-level/HIGH", parameters={}
2025-06-13T05:35:35.798Z DEBUG 5621 --- [risk-assets-api] [io-12000-exec-3] o.s.web.servlet.DispatcherServlet        : GET "/api/assets/1", parameters={}
2025-06-13T05:35:35.799Z DEBUG 5621 --- [risk-assets-api] [io-12000-exec-9] o.s.web.servlet.DispatcherServlet        : GET "/api/assets/risk-summary", parameters={}
2025-06-13T05:35:35.799Z DEBUG 5621 --- [risk-assets-api] [io-12000-exec-3] s.w.s.m.m.a.RequestMappingHandlerMapping : Mapped to com.jpmc.riskassets.controller.RiskAssetController#getAssetById(Long)
2025-06-13T05:35:35.799Z DEBUG 5621 --- [risk-assets-api] [io-12000-exec-9] s.w.s.m.m.a.RequestMappingHandlerMapping : Mapped to com.jpmc.riskassets.controller.RiskAssetController#getRiskSummary()
2025-06-13T05:35:35.799Z DEBUG 5621 --- [risk-assets-api] [o-12000-exec-10] o.s.web.servlet.DispatcherServlet        : GET "/api/assets", parameters={}
2025-06-13T05:35:35.799Z DEBUG 5621 --- [risk-assets-api] [o-12000-exec-10] s.w.s.m.m.a.RequestMappingHandlerMapping : Mapped to com.jpmc.riskassets.controller.RiskAssetController#getAllAssets()
Hibernate: 
    select
        ra1_0.id,
        ra1_0.created_at,
        ra1_0.description,
        ra1_0.location,
        ra1_0.name,
        ra1_0.owner,
        ra1_0.risk_level,
        ra1_0.risk_score,
        ra1_0.type,
        ra1_0.updated_at,
        ra1_0.asset_value 
    from
        risk_assets ra1_0 
    where
        ra1_0.id=?
Hibernate: 
    select
        count(*) 
    from
        risk_assets ra1_0
Hibernate: 
    select
        ra1_0.id,
        ra1_0.created_at,
        ra1_0.description,
        ra1_0.location,
        ra1_0.name,
        ra1_0.owner,
        ra1_0.risk_level,
        ra1_0.risk_score,
        ra1_0.type,
        ra1_0.updated_at,
        ra1_0.asset_value 
    from
        risk_assets ra1_0
2025-06-13T05:35:35.801Z DEBUG 5621 --- [risk-assets-api] [io-12000-exec-3] o.s.w.s.m.m.a.HttpEntityMethodProcessor  : Using 'application/json', given [*/*] and supported [application/json, application/*+json]
2025-06-13T05:35:35.801Z DEBUG 5621 --- [risk-assets-api] [io-12000-exec-3] o.s.w.s.m.m.a.HttpEntityMethodProcessor  : Writing [com.jpmc.riskassets.model.RiskAsset@4308e09a]
Hibernate: 
    select
        sum(ra1_0.asset_value) 
    from
        risk_assets ra1_0
2025-06-13T05:35:35.802Z DEBUG 5621 --- [risk-assets-api] [io-12000-exec-3] o.s.web.servlet.DispatcherServlet        : Completed 200 OK
2025-06-13T05:35:35.799Z DEBUG 5621 --- [risk-assets-api] [io-12000-exec-1] s.w.s.m.m.a.RequestMappingHandlerMapping : Mapped to com.jpmc.riskassets.controller.RiskAssetController#getAssetsByRiskLevel(RiskLevel)
Hibernate: 
    select
        avg(ra1_0.risk_score) 
    from
        risk_assets ra1_0
2025-06-13T05:35:35.803Z DEBUG 5621 --- [risk-assets-api] [o-12000-exec-10] o.s.w.s.m.m.a.HttpEntityMethodProcessor  : Using 'application/json', given [*/*] and supported [application/json, application/*+json]
2025-06-13T05:35:35.803Z DEBUG 5621 --- [risk-assets-api] [o-12000-exec-10] o.s.w.s.m.m.a.HttpEntityMethodProcessor  : Writing [[com.jpmc.riskassets.model.RiskAsset@157479d, com.jpmc.riskassets.model.RiskAsset@dfddaa5, com.jpmc. (truncated)...]
Hibernate: 
    select
        ra1_0.id,
        ra1_0.created_at,
        ra1_0.description,
        ra1_0.location,
        ra1_0.name,
        ra1_0.owner,
        ra1_0.risk_level,
        ra1_0.risk_score,
        ra1_0.type,
        ra1_0.updated_at,
        ra1_0.asset_value 
    from
        risk_assets ra1_0 
    where
        ra1_0.risk_level=?
Hibernate: 
    select
        count(ra1_0.id) 
    from
        risk_assets ra1_0 
    where
        ra1_0.risk_level=?
2025-06-13T05:35:35.804Z DEBUG 5621 --- [risk-assets-api] [o-12000-exec-10] o.s.web.servlet.DispatcherServlet        : Completed 200 OK
2025-06-13T05:35:35.805Z DEBUG 5621 --- [risk-assets-api] [io-12000-exec-1] o.s.w.s.m.m.a.HttpEntityMethodProcessor  : Using 'application/json', given [*/*] and supported [application/json, application/*+json]
2025-06-13T05:35:35.805Z DEBUG 5621 --- [risk-assets-api] [io-12000-exec-1] o.s.w.s.m.m.a.HttpEntityMethodProcessor  : Writing [[com.jpmc.riskassets.model.RiskAsset@21b45b74, com.jpmc.riskassets.model.RiskAsset@4fd01122, com.jpm (truncated)...]
Hibernate: 
    select
        count(ra1_0.id) 
    from
        risk_assets ra1_0 
    where
        ra1_0.risk_level=?
2025-06-13T05:35:35.806Z DEBUG 5621 --- [risk-assets-api] [io-12000-exec-1] o.s.web.servlet.DispatcherServlet        : Completed 200 OK
Hibernate: 
    select
        count(ra1_0.id) 
    from
        risk_assets ra1_0 
    where
        ra1_0.risk_level=?
Hibernate: 
    select
        count(ra1_0.id) 
    from
        risk_assets ra1_0 
    where
        ra1_0.risk_level=?
2025-06-13T05:35:35.809Z DEBUG 5621 --- [risk-assets-api] [io-12000-exec-9] o.s.w.s.m.m.a.HttpEntityMethodProcessor  : Using 'application/json', given [*/*] and supported [application/json, application/*+json]
2025-06-13T05:35:35.809Z DEBUG 5621 --- [risk-assets-api] [io-12000-exec-9] o.s.w.s.m.m.a.HttpEntityMethodProcessor  : Writing [com.jpmc.riskassets.model.RiskSummary@4b1f7e7b]
2025-06-13T05:35:35.809Z DEBUG 5621 --- [risk-assets-api] [io-12000-exec-9] o.s.web.servlet.DispatcherServlet        : Completed 200 OK
2025-06-13T05:35:35.900Z DEBUG 5621 --- [risk-assets-api] [io-12000-exec-2] o.s.web.servlet.DispatcherServlet        : GET "/api/assets/risk-summary", parameters={}
2025-06-13T05:35:35.900Z DEBUG 5621 --- [risk-assets-api] [io-12000-exec-2] s.w.s.m.m.a.RequestMappingHandlerMapping : Mapped to com.jpmc.riskassets.controller.RiskAssetController#getRiskSummary()
2025-06-13T05:35:35.901Z DEBUG 5621 --- [risk-assets-api] [io-12000-exec-6] o.s.web.servlet.DispatcherServlet        : GET "/api/assets", parameters={}
2025-06-13T05:35:35.901Z DEBUG 5621 --- [risk-assets-api] [io-12000-exec-3] o.s.web.servlet.DispatcherServlet        : GET "/api/assets/risk-level/HIGH", parameters={}
2025-06-13T05:35:35.901Z DEBUG 5621 --- [risk-assets-api] [io-12000-exec-5] o.s.web.servlet.DispatcherServlet        : GET "/api/assets/1", parameters={}
2025-06-13T05:35:35.901Z DEBUG 5621 --- [risk-assets-api] [io-12000-exec-3] s.w.s.m.m.a.RequestMappingHandlerMapping : Mapped to com.jpmc.riskassets.controller.RiskAssetController#getAssetsByRiskLevel(RiskLevel)
Hibernate: 
    select
        count(*) 
    from
        risk_assets ra1_0
2025-06-13T05:35:35.903Z DEBUG 5621 --- [risk-assets-api] [io-12000-exec-6] s.w.s.m.m.a.RequestMappingHandlerMapping : Mapped to com.jpmc.riskassets.controller.RiskAssetController#getAllAssets()
Hibernate: 
    select
        ra1_0.id,
        ra1_0.created_at,
        ra1_0.description,
        ra1_0.location,
        ra1_0.name,
        ra1_0.owner,
        ra1_0.risk_level,
        ra1_0.risk_score,
        ra1_0.type,
        ra1_0.updated_at,
        ra1_0.asset_value 
    from
        risk_assets ra1_0 
    where
        ra1_0.risk_level=?
2025-06-13T05:35:35.903Z DEBUG 5621 --- [risk-assets-api] [io-12000-exec-5] s.w.s.m.m.a.RequestMappingHandlerMapping : Mapped to com.jpmc.riskassets.controller.RiskAssetController#getAssetById(Long)
Hibernate: 
    select
        ra1_0.id,
        ra1_0.created_at,
        ra1_0.description,
        ra1_0.location,
        ra1_0.name,
        ra1_0.owner,
        ra1_0.risk_level,
        ra1_0.risk_score,
        ra1_0.type,
        ra1_0.updated_at,
        ra1_0.asset_value 
    from
        risk_assets ra1_0
Hibernate: 
    select
        sum(ra1_0.asset_value) 
    from
        risk_assets ra1_0
Hibernate: 
    select
        ra1_0.id,
        ra1_0.created_at,
        ra1_0.description,
        ra1_0.location,
        ra1_0.name,
        ra1_0.owner,
        ra1_0.risk_level,
        ra1_0.risk_score,
        ra1_0.type,
        ra1_0.updated_at,
        ra1_0.asset_value 
    from
        risk_assets ra1_0 
    where
        ra1_0.id=?
Hibernate: 
    select
        avg(ra1_0.risk_score) 
    from
        risk_assets ra1_0
2025-06-13T05:35:35.906Z DEBUG 5621 --- [risk-assets-api] [io-12000-exec-5] o.s.w.s.m.m.a.HttpEntityMethodProcessor  : Using 'application/json', given [*/*] and supported [application/json, application/*+json]
2025-06-13T05:35:35.906Z DEBUG 5621 --- [risk-assets-api] [io-12000-exec-5] o.s.w.s.m.m.a.HttpEntityMethodProcessor  : Writing [com.jpmc.riskassets.model.RiskAsset@5fedd934]
Hibernate: 
    select
        count(ra1_0.id) 
    from
        risk_assets ra1_0 
    where
        ra1_0.risk_level=?
2025-06-13T05:35:35.907Z DEBUG 5621 --- [risk-assets-api] [io-12000-exec-5] o.s.web.servlet.DispatcherServlet        : Completed 200 OK
2025-06-13T05:35:35.907Z DEBUG 5621 --- [risk-assets-api] [io-12000-exec-6] o.s.w.s.m.m.a.HttpEntityMethodProcessor  : Using 'application/json', given [*/*] and supported [application/json, application/*+json]
2025-06-13T05:35:35.907Z DEBUG 5621 --- [risk-assets-api] [io-12000-exec-6] o.s.w.s.m.m.a.HttpEntityMethodProcessor  : Writing [[com.jpmc.riskassets.model.RiskAsset@12e04370, com.jpmc.riskassets.model.RiskAsset@3264eff8, com.jpm (truncated)...]
Hibernate: 
    select
        count(ra1_0.id) 
    from
        risk_assets ra1_0 
    where
        ra1_0.risk_level=?
2025-06-13T05:35:35.908Z DEBUG 5621 --- [risk-assets-api] [io-12000-exec-3] o.s.w.s.m.m.a.HttpEntityMethodProcessor  : Using 'application/json', given [*/*] and supported [application/json, application/*+json]
2025-06-13T05:35:35.908Z DEBUG 5621 --- [risk-assets-api] [io-12000-exec-3] o.s.w.s.m.m.a.HttpEntityMethodProcessor  : Writing [[com.jpmc.riskassets.model.RiskAsset@783d092f, com.jpmc.riskassets.model.RiskAsset@4542bbf, com.jpmc (truncated)...]
2025-06-13T05:35:35.908Z DEBUG 5621 --- [risk-assets-api] [io-12000-exec-6] o.s.web.servlet.DispatcherServlet        : Completed 200 OK
Hibernate: 
    select
        count(ra1_0.id) 
    from
        risk_assets ra1_0 
    where
        ra1_0.risk_level=?
Hibernate: 
    select
        count(ra1_0.id) 
    from
        risk_assets ra1_0 
    where
        ra1_0.risk_level=?
2025-06-13T05:35:35.910Z DEBUG 5621 --- [risk-assets-api] [io-12000-exec-2] o.s.w.s.m.m.a.HttpEntityMethodProcessor  : Using 'application/json', given [*/*] and supported [application/json, application/*+json]
2025-06-13T05:35:35.910Z DEBUG 5621 --- [risk-assets-api] [io-12000-exec-2] o.s.w.s.m.m.a.HttpEntityMethodProcessor  : Writing [com.jpmc.riskassets.model.RiskSummary@697bd306]
2025-06-13T05:35:35.911Z DEBUG 5621 --- [risk-assets-api] [io-12000-exec-2] o.s.web.servlet.DispatcherServlet        : Completed 200 OK
2025-06-13T05:35:35.914Z DEBUG 5621 --- [risk-assets-api] [io-12000-exec-3] o.s.web.servlet.DispatcherServlet        : Completed 200 OK
2025-06-13T05:35:36.003Z DEBUG 5621 --- [risk-assets-api] [io-12000-exec-7] o.s.web.servlet.DispatcherServlet        : GET "/api/assets/risk-level/HIGH", parameters={}
2025-06-13T05:35:36.003Z DEBUG 5621 --- [risk-assets-api] [io-12000-exec-2] o.s.web.servlet.DispatcherServlet        : GET "/api/assets/1", parameters={}
2025-06-13T05:35:36.003Z DEBUG 5621 --- [risk-assets-api] [io-12000-exec-7] s.w.s.m.m.a.RequestMappingHandlerMapping : Mapped to com.jpmc.riskassets.controller.RiskAssetController#getAssetsByRiskLevel(RiskLevel)
2025-06-13T05:35:36.003Z DEBUG 5621 --- [risk-assets-api] [io-12000-exec-2] s.w.s.m.m.a.RequestMappingHandlerMapping : Mapped to com.jpmc.riskassets.controller.RiskAssetController#getAssetById(Long)
2025-06-13T05:35:36.003Z DEBUG 5621 --- [risk-assets-api] [io-12000-exec-6] o.s.web.servlet.DispatcherServlet        : GET "/api/assets", parameters={}
2025-06-13T05:35:36.003Z DEBUG 5621 --- [risk-assets-api] [io-12000-exec-6] s.w.s.m.m.a.RequestMappingHandlerMapping : Mapped to com.jpmc.riskassets.controller.RiskAssetController#getAllAssets()
2025-06-13T05:35:36.004Z DEBUG 5621 --- [risk-assets-api] [io-12000-exec-9] o.s.web.servlet.DispatcherServlet        : GET "/api/assets/risk-summary", parameters={}
2025-06-13T05:35:36.004Z DEBUG 5621 --- [risk-assets-api] [io-12000-exec-9] s.w.s.m.m.a.RequestMappingHandlerMapping : Mapped to com.jpmc.riskassets.controller.RiskAssetController#getRiskSummary()
Hibernate: 
    select
        ra1_0.id,
        ra1_0.created_at,
        ra1_0.description,
        ra1_0.location,
        ra1_0.name,
        ra1_0.owner,
        ra1_0.risk_level,
        ra1_0.risk_score,
        ra1_0.type,
        ra1_0.updated_at,
        ra1_0.asset_value 
    from
        risk_assets ra1_0 
    where
        ra1_0.id=?
Hibernate: 
    select
        ra1_0.id,
        ra1_0.created_at,
        ra1_0.description,
        ra1_0.location,
        ra1_0.name,
        ra1_0.owner,
        ra1_0.risk_level,
        ra1_0.risk_score,
        ra1_0.type,
        ra1_0.updated_at,
        ra1_0.asset_value 
    from
        risk_assets ra1_0 
    where
        ra1_0.risk_level=?
Hibernate: 
    select
        ra1_0.id,
        ra1_0.created_at,
        ra1_0.description,
        ra1_0.location,
        ra1_0.name,
        ra1_0.owner,
        ra1_0.risk_level,
        ra1_0.risk_score,
        ra1_0.type,
        ra1_0.updated_at,
        ra1_0.asset_value 
    from
        risk_assets ra1_0
Hibernate: 
    select
        count(*) 
    from
        risk_assets ra1_0
2025-06-13T05:35:36.006Z DEBUG 5621 --- [risk-assets-api] [io-12000-exec-2] o.s.w.s.m.m.a.HttpEntityMethodProcessor  : Using 'application/json', given [*/*] and supported [application/json, application/*+json]
2025-06-13T05:35:36.006Z DEBUG 5621 --- [risk-assets-api] [io-12000-exec-2] o.s.w.s.m.m.a.HttpEntityMethodProcessor  : Writing [com.jpmc.riskassets.model.RiskAsset@1fac77c4]
Hibernate: 
    select
        sum(ra1_0.asset_value) 
    from
        risk_assets ra1_0
2025-06-13T05:35:36.007Z DEBUG 5621 --- [risk-assets-api] [io-12000-exec-7] o.s.w.s.m.m.a.HttpEntityMethodProcessor  : Using 'application/json', given [*/*] and supported [application/json, application/*+json]
2025-06-13T05:35:36.007Z DEBUG 5621 --- [risk-assets-api] [io-12000-exec-7] o.s.w.s.m.m.a.HttpEntityMethodProcessor  : Writing [[com.jpmc.riskassets.model.RiskAsset@2bd57c64, com.jpmc.riskassets.model.RiskAsset@32ab984a, com.jpm (truncated)...]
2025-06-13T05:35:36.008Z DEBUG 5621 --- [risk-assets-api] [io-12000-exec-2] o.s.web.servlet.DispatcherServlet        : Completed 200 OK
2025-06-13T05:35:36.009Z DEBUG 5621 --- [risk-assets-api] [io-12000-exec-7] o.s.web.servlet.DispatcherServlet        : Completed 200 OK
Hibernate: 
    select
        avg(ra1_0.risk_score) 
    from
        risk_assets ra1_0
Hibernate: 
    select
        count(ra1_0.id) 
    from
        risk_assets ra1_0 
    where
        ra1_0.risk_level=?
Hibernate: 
    select
        count(ra1_0.id) 
    from
        risk_assets ra1_0 
    where
        ra1_0.risk_level=?
2025-06-13T05:35:36.012Z DEBUG 5621 --- [risk-assets-api] [io-12000-exec-6] o.s.w.s.m.m.a.HttpEntityMethodProcessor  : Using 'application/json', given [*/*] and supported [application/json, application/*+json]
2025-06-13T05:35:36.012Z DEBUG 5621 --- [risk-assets-api] [io-12000-exec-6] o.s.w.s.m.m.a.HttpEntityMethodProcessor  : Writing [[com.jpmc.riskassets.model.RiskAsset@48524c12, com.jpmc.riskassets.model.RiskAsset@50cc698e, com.jpm (truncated)...]
Hibernate: 
    select
        count(ra1_0.id) 
    from
        risk_assets ra1_0 
    where
        ra1_0.risk_level=?
2025-06-13T05:35:36.016Z DEBUG 5621 --- [risk-assets-api] [io-12000-exec-6] o.s.web.servlet.DispatcherServlet        : Completed 200 OK
Hibernate: 
    select
        count(ra1_0.id) 
    from
        risk_assets ra1_0 
    where
        ra1_0.risk_level=?
2025-06-13T05:35:36.017Z DEBUG 5621 --- [risk-assets-api] [io-12000-exec-9] o.s.w.s.m.m.a.HttpEntityMethodProcessor  : Using 'application/json', given [*/*] and supported [application/json, application/*+json]
2025-06-13T05:35:36.017Z DEBUG 5621 --- [risk-assets-api] [io-12000-exec-9] o.s.w.s.m.m.a.HttpEntityMethodProcessor  : Writing [com.jpmc.riskassets.model.RiskSummary@e74fbba]
2025-06-13T05:35:36.018Z DEBUG 5621 --- [risk-assets-api] [io-12000-exec-9] o.s.web.servlet.DispatcherServlet        : Completed 200 OK
2025-06-13T05:35:36.105Z DEBUG 5621 --- [risk-assets-api] [io-12000-exec-3] o.s.web.servlet.DispatcherServlet        : GET "/api/assets", parameters={}
2025-06-13T05:35:36.105Z DEBUG 5621 --- [risk-assets-api] [io-12000-exec-3] s.w.s.m.m.a.RequestMappingHandlerMapping : Mapped to com.jpmc.riskassets.controller.RiskAssetController#getAllAssets()
2025-06-13T05:35:36.107Z DEBUG 5621 --- [risk-assets-api] [io-12000-exec-8] o.s.web.servlet.DispatcherServlet        : GET "/api/assets/risk-summary", parameters={}
2025-06-13T05:35:36.107Z DEBUG 5621 --- [risk-assets-api] [io-12000-exec-8] s.w.s.m.m.a.RequestMappingHandlerMapping : Mapped to com.jpmc.riskassets.controller.RiskAssetController#getRiskSummary()
Hibernate: 
    select
        ra1_0.id,
        ra1_0.created_at,
        ra1_0.description,
        ra1_0.location,
        ra1_0.name,
        ra1_0.owner,
        ra1_0.risk_level,
        ra1_0.risk_score,
        ra1_0.type,
        ra1_0.updated_at,
        ra1_0.asset_value 
    from
        risk_assets ra1_0
Hibernate: 
    select
        count(*) 
    from
        risk_assets ra1_0
Hibernate: 
    select
        sum(ra1_0.asset_value) 
    from
        risk_assets ra1_0
2025-06-13T05:35:36.110Z DEBUG 5621 --- [risk-assets-api] [io-12000-exec-2] o.s.web.servlet.DispatcherServlet        : GET "/api/assets/risk-level/HIGH", parameters={}
Hibernate: 
    select
        avg(ra1_0.risk_score) 
    from
        risk_assets ra1_0
2025-06-13T05:35:36.110Z DEBUG 5621 --- [risk-assets-api] [io-12000-exec-2] s.w.s.m.m.a.RequestMappingHandlerMapping : Mapped to com.jpmc.riskassets.controller.RiskAssetController#getAssetsByRiskLevel(RiskLevel)
Hibernate: 
    select
        count(ra1_0.id) 
    from
        risk_assets ra1_0 
    where
        ra1_0.risk_level=?
Hibernate: 
    select
        ra1_0.id,
        ra1_0.created_at,
        ra1_0.description,
        ra1_0.location,
        ra1_0.name,
        ra1_0.owner,
        ra1_0.risk_level,
        ra1_0.risk_score,
        ra1_0.type,
        ra1_0.updated_at,
        ra1_0.asset_value 
    from
        risk_assets ra1_0 
    where
        ra1_0.risk_level=?
Hibernate: 
    select
        count(ra1_0.id) 
    from
        risk_assets ra1_0 
    where
        ra1_0.risk_level=?
2025-06-13T05:35:36.112Z DEBUG 5621 --- [risk-assets-api] [io-12000-exec-2] o.s.w.s.m.m.a.HttpEntityMethodProcessor  : Using 'application/json', given [*/*] and supported [application/json, application/*+json]
2025-06-13T05:35:36.113Z DEBUG 5621 --- [risk-assets-api] [io-12000-exec-2] o.s.w.s.m.m.a.HttpEntityMethodProcessor  : Writing [[com.jpmc.riskassets.model.RiskAsset@4d08ed98, com.jpmc.riskassets.model.RiskAsset@727b896, com.jpmc (truncated)...]
Hibernate: 
    select
        count(ra1_0.id) 
    from
        risk_assets ra1_0 
    where
        ra1_0.risk_level=?
2025-06-13T05:35:36.114Z DEBUG 5621 --- [risk-assets-api] [io-12000-exec-2] o.s.web.servlet.DispatcherServlet        : Completed 200 OK
2025-06-13T05:35:36.114Z DEBUG 5621 --- [risk-assets-api] [io-12000-exec-7] o.s.web.servlet.DispatcherServlet        : GET "/api/assets/1", parameters={}
2025-06-13T05:35:36.114Z DEBUG 5621 --- [risk-assets-api] [io-12000-exec-7] s.w.s.m.m.a.RequestMappingHandlerMapping : Mapped to com.jpmc.riskassets.controller.RiskAssetController#getAssetById(Long)
Hibernate: 
    select
        ra1_0.id,
        ra1_0.created_at,
        ra1_0.description,
        ra1_0.location,
        ra1_0.name,
        ra1_0.owner,
        ra1_0.risk_level,
        ra1_0.risk_score,
        ra1_0.type,
        ra1_0.updated_at,
        ra1_0.asset_value 
    from
        risk_assets ra1_0 
    where
        ra1_0.id=?
2025-06-13T05:35:36.116Z DEBUG 5621 --- [risk-assets-api] [io-12000-exec-7] o.s.w.s.m.m.a.HttpEntityMethodProcessor  : Using 'application/json', given [*/*] and supported [application/json, application/*+json]
2025-06-13T05:35:36.116Z DEBUG 5621 --- [risk-assets-api] [io-12000-exec-7] o.s.w.s.m.m.a.HttpEntityMethodProcessor  : Writing [com.jpmc.riskassets.model.RiskAsset@26174ea4]
2025-06-13T05:35:36.117Z DEBUG 5621 --- [risk-assets-api] [io-12000-exec-7] o.s.web.servlet.DispatcherServlet        : Completed 200 OK
Hibernate: 
    select
        count(ra1_0.id) 
    from
        risk_assets ra1_0 
    where
        ra1_0.risk_level=?
2025-06-13T05:35:36.118Z DEBUG 5621 --- [risk-assets-api] [io-12000-exec-8] o.s.w.s.m.m.a.HttpEntityMethodProcessor  : Using 'application/json', given [*/*] and supported [application/json, application/*+json]
2025-06-13T05:35:36.118Z DEBUG 5621 --- [risk-assets-api] [io-12000-exec-8] o.s.w.s.m.m.a.HttpEntityMethodProcessor  : Writing [com.jpmc.riskassets.model.RiskSummary@37dd0f40]
2025-06-13T05:35:36.118Z DEBUG 5621 --- [risk-assets-api] [io-12000-exec-8] o.s.web.servlet.DispatcherServlet        : Completed 200 OK
2025-06-13T05:35:36.120Z DEBUG 5621 --- [risk-assets-api] [io-12000-exec-3] o.s.w.s.m.m.a.HttpEntityMethodProcessor  : Using 'application/json', given [*/*] and supported [application/json, application/*+json]
2025-06-13T05:35:36.120Z DEBUG 5621 --- [risk-assets-api] [io-12000-exec-3] o.s.w.s.m.m.a.HttpEntityMethodProcessor  : Writing [[com.jpmc.riskassets.model.RiskAsset@fef5819, com.jpmc.riskassets.model.RiskAsset@1fc43048, com.jpmc (truncated)...]
2025-06-13T05:35:36.121Z DEBUG 5621 --- [risk-assets-api] [io-12000-exec-3] o.s.web.servlet.DispatcherServlet        : Completed 200 OK
2025-06-13T05:35:36.207Z DEBUG 5621 --- [risk-assets-api] [io-12000-exec-9] o.s.web.servlet.DispatcherServlet        : GET "/api/assets/risk-summary", parameters={}
2025-06-13T05:35:36.207Z DEBUG 5621 --- [risk-assets-api] [io-12000-exec-1] o.s.web.servlet.DispatcherServlet        : GET "/api/assets/risk-level/HIGH", parameters={}
2025-06-13T05:35:36.207Z DEBUG 5621 --- [risk-assets-api] [io-12000-exec-4] o.s.web.servlet.DispatcherServlet        : GET "/api/assets", parameters={}
2025-06-13T05:35:36.208Z DEBUG 5621 --- [risk-assets-api] [io-12000-exec-9] s.w.s.m.m.a.RequestMappingHandlerMapping : Mapped to com.jpmc.riskassets.controller.RiskAssetController#getRiskSummary()
2025-06-13T05:35:36.208Z DEBUG 5621 --- [risk-assets-api] [io-12000-exec-4] s.w.s.m.m.a.RequestMappingHandlerMapping : Mapped to com.jpmc.riskassets.controller.RiskAssetController#getAllAssets()
Hibernate: 
    select
        count(*) 
    from
        risk_assets ra1_0
2025-06-13T05:35:36.208Z DEBUG 5621 --- [risk-assets-api] [io-12000-exec-1] s.w.s.m.m.a.RequestMappingHandlerMapping : Mapped to com.jpmc.riskassets.controller.RiskAssetController#getAssetsByRiskLevel(RiskLevel)
2025-06-13T05:35:36.209Z DEBUG 5621 --- [risk-assets-api] [io-12000-exec-2] o.s.web.servlet.DispatcherServlet        : GET "/api/assets/1", parameters={}
Hibernate: 
    select
        ra1_0.id,
        ra1_0.created_at,
        ra1_0.description,
        ra1_0.location,
        ra1_0.name,
        ra1_0.owner,
        ra1_0.risk_level,
        ra1_0.risk_score,
        ra1_0.type,
        ra1_0.updated_at,
        ra1_0.asset_value 
    from
        risk_assets ra1_0
2025-06-13T05:35:36.210Z DEBUG 5621 --- [risk-assets-api] [io-12000-exec-2] s.w.s.m.m.a.RequestMappingHandlerMapping : Mapped to com.jpmc.riskassets.controller.RiskAssetController#getAssetById(Long)
Hibernate: 
    select
        ra1_0.id,
        ra1_0.created_at,
        ra1_0.description,
        ra1_0.location,
        ra1_0.name,
        ra1_0.owner,
        ra1_0.risk_level,
        ra1_0.risk_score,
        ra1_0.type,
        ra1_0.updated_at,
        ra1_0.asset_value 
    from
        risk_assets ra1_0 
    where
        ra1_0.id=?
Hibernate: 
    select
        ra1_0.id,
        ra1_0.created_at,
        ra1_0.description,
        ra1_0.location,
        ra1_0.name,
        ra1_0.owner,
        ra1_0.risk_level,
        ra1_0.risk_score,
        ra1_0.type,
        ra1_0.updated_at,
        ra1_0.asset_value 
    from
        risk_assets ra1_0 
    where
        ra1_0.risk_level=?
2025-06-13T05:35:36.211Z DEBUG 5621 --- [risk-assets-api] [io-12000-exec-2] o.s.w.s.m.m.a.HttpEntityMethodProcessor  : Using 'application/json', given [*/*] and supported [application/json, application/*+json]
2025-06-13T05:35:36.212Z DEBUG 5621 --- [risk-assets-api] [io-12000-exec-2] o.s.w.s.m.m.a.HttpEntityMethodProcessor  : Writing [com.jpmc.riskassets.model.RiskAsset@1a6476c8]
2025-06-13T05:35:36.212Z DEBUG 5621 --- [risk-assets-api] [io-12000-exec-1] o.s.w.s.m.m.a.HttpEntityMethodProcessor  : Using 'application/json', given [*/*] and supported [application/json, application/*+json]
2025-06-13T05:35:36.212Z DEBUG 5621 --- [risk-assets-api] [io-12000-exec-4] o.s.w.s.m.m.a.HttpEntityMethodProcessor  : Using 'application/json', given [*/*] and supported [application/json, application/*+json]
2025-06-13T05:35:36.212Z DEBUG 5621 --- [risk-assets-api] [io-12000-exec-1] o.s.w.s.m.m.a.HttpEntityMethodProcessor  : Writing [[com.jpmc.riskassets.model.RiskAsset@56586935, com.jpmc.riskassets.model.RiskAsset@5149642a, com.jpm (truncated)...]
2025-06-13T05:35:36.212Z DEBUG 5621 --- [risk-assets-api] [io-12000-exec-4] o.s.w.s.m.m.a.HttpEntityMethodProcessor  : Writing [[com.jpmc.riskassets.model.RiskAsset@1377fe2a, com.jpmc.riskassets.model.RiskAsset@762d626c, com.jpm (truncated)...]
2025-06-13T05:35:36.212Z DEBUG 5621 --- [risk-assets-api] [io-12000-exec-2] o.s.web.servlet.DispatcherServlet        : Completed 200 OK
2025-06-13T05:35:36.213Z DEBUG 5621 --- [risk-assets-api] [io-12000-exec-1] o.s.web.servlet.DispatcherServlet        : Completed 200 OK
2025-06-13T05:35:36.213Z DEBUG 5621 --- [risk-assets-api] [io-12000-exec-4] o.s.web.servlet.DispatcherServlet        : Completed 200 OK
Hibernate: 
    select
        sum(ra1_0.asset_value) 
    from
        risk_assets ra1_0
Hibernate: 
    select
        avg(ra1_0.risk_score) 
    from
        risk_assets ra1_0
Hibernate: 
    select
        count(ra1_0.id) 
    from
        risk_assets ra1_0 
    where
        ra1_0.risk_level=?
Hibernate: 
    select
        count(ra1_0.id) 
    from
        risk_assets ra1_0 
    where
        ra1_0.risk_level=?
Hibernate: 
    select
        count(ra1_0.id) 
    from
        risk_assets ra1_0 
    where
        ra1_0.risk_level=?
Hibernate: 
    select
        count(ra1_0.id) 
    from
        risk_assets ra1_0 
    where
        ra1_0.risk_level=?
2025-06-13T05:35:36.224Z DEBUG 5621 --- [risk-assets-api] [io-12000-exec-9] o.s.w.s.m.m.a.HttpEntityMethodProcessor  : Using 'application/json', given [*/*] and supported [application/json, application/*+json]
2025-06-13T05:35:36.225Z DEBUG 5621 --- [risk-assets-api] [io-12000-exec-9] o.s.w.s.m.m.a.HttpEntityMethodProcessor  : Writing [com.jpmc.riskassets.model.RiskSummary@65719bf2]
2025-06-13T05:35:36.225Z DEBUG 5621 --- [risk-assets-api] [io-12000-exec-9] o.s.web.servlet.DispatcherServlet        : Completed 200 OK
2025-06-13T05:35:36.308Z DEBUG 5621 --- [risk-assets-api] [io-12000-exec-3] o.s.web.servlet.DispatcherServlet        : GET "/api/assets/1", parameters={}
2025-06-13T05:35:36.308Z DEBUG 5621 --- [risk-assets-api] [io-12000-exec-1] o.s.web.servlet.DispatcherServlet        : GET "/api/assets/risk-summary", parameters={}
2025-06-13T05:35:36.308Z DEBUG 5621 --- [risk-assets-api] [io-12000-exec-6] o.s.web.servlet.DispatcherServlet        : GET "/api/assets", parameters={}
2025-06-13T05:35:36.309Z DEBUG 5621 --- [risk-assets-api] [io-12000-exec-6] s.w.s.m.m.a.RequestMappingHandlerMapping : Mapped to com.jpmc.riskassets.controller.RiskAssetController#getAllAssets()
2025-06-13T05:35:36.309Z DEBUG 5621 --- [risk-assets-api] [io-12000-exec-3] s.w.s.m.m.a.RequestMappingHandlerMapping : Mapped to com.jpmc.riskassets.controller.RiskAssetController#getAssetById(Long)
Hibernate: 
    select
        ra1_0.id,
        ra1_0.created_at,
        ra1_0.description,
        ra1_0.location,
        ra1_0.name,
        ra1_0.owner,
        ra1_0.risk_level,
        ra1_0.risk_score,
        ra1_0.type,
        ra1_0.updated_at,
        ra1_0.asset_value 
    from
        risk_assets ra1_0 
    where
        ra1_0.id=?
Hibernate: 
    select
        ra1_0.id,
        ra1_0.created_at,
        ra1_0.description,
        ra1_0.location,
        ra1_0.name,
        ra1_0.owner,
        ra1_0.risk_level,
        ra1_0.risk_score,
        ra1_0.type,
        ra1_0.updated_at,
        ra1_0.asset_value 
    from
        risk_assets ra1_0
2025-06-13T05:35:36.311Z DEBUG 5621 --- [risk-assets-api] [io-12000-exec-3] o.s.w.s.m.m.a.HttpEntityMethodProcessor  : Using 'application/json', given [*/*] and supported [application/json, application/*+json]
2025-06-13T05:35:36.311Z DEBUG 5621 --- [risk-assets-api] [io-12000-exec-3] o.s.w.s.m.m.a.HttpEntityMethodProcessor  : Writing [com.jpmc.riskassets.model.RiskAsset@4a8c10be]
2025-06-13T05:35:36.312Z DEBUG 5621 --- [risk-assets-api] [io-12000-exec-4] o.s.web.servlet.DispatcherServlet        : GET "/api/assets/risk-level/HIGH", parameters={}
2025-06-13T05:35:36.312Z DEBUG 5621 --- [risk-assets-api] [io-12000-exec-1] s.w.s.m.m.a.RequestMappingHandlerMapping : Mapped to com.jpmc.riskassets.controller.RiskAssetController#getRiskSummary()
2025-06-13T05:35:36.312Z DEBUG 5621 --- [risk-assets-api] [io-12000-exec-4] s.w.s.m.m.a.RequestMappingHandlerMapping : Mapped to com.jpmc.riskassets.controller.RiskAssetController#getAssetsByRiskLevel(RiskLevel)
Hibernate: 
    select
        count(*) 
    from
        risk_assets ra1_0
2025-06-13T05:35:36.313Z DEBUG 5621 --- [risk-assets-api] [io-12000-exec-6] o.s.w.s.m.m.a.HttpEntityMethodProcessor  : Using 'application/json', given [*/*] and supported [application/json, application/*+json]
2025-06-13T05:35:36.313Z DEBUG 5621 --- [risk-assets-api] [io-12000-exec-6] o.s.w.s.m.m.a.HttpEntityMethodProcessor  : Writing [[com.jpmc.riskassets.model.RiskAsset@4c23fa0e, com.jpmc.riskassets.model.RiskAsset@450b0757, com.jpm (truncated)...]
Hibernate: 
    select
        sum(ra1_0.asset_value) 
    from
        risk_assets ra1_0
Hibernate: 
    select
        avg(ra1_0.risk_score) 
    from
        risk_assets ra1_0
2025-06-13T05:35:36.315Z DEBUG 5621 --- [risk-assets-api] [io-12000-exec-6] o.s.web.servlet.DispatcherServlet        : Completed 200 OK
Hibernate: 
    select
        ra1_0.id,
        ra1_0.created_at,
        ra1_0.description,
        ra1_0.location,
        ra1_0.name,
        ra1_0.owner,
        ra1_0.risk_level,
        ra1_0.risk_score,
        ra1_0.type,
        ra1_0.updated_at,
        ra1_0.asset_value 
    from
        risk_assets ra1_0 
    where
        ra1_0.risk_level=?
Hibernate: 
    select
        count(ra1_0.id) 
    from
        risk_assets ra1_0 
    where
        ra1_0.risk_level=?
2025-06-13T05:35:36.316Z DEBUG 5621 --- [risk-assets-api] [io-12000-exec-3] o.s.web.servlet.DispatcherServlet        : Completed 200 OK
Hibernate: 
    select
        count(ra1_0.id) 
    from
        risk_assets ra1_0 
    where
        ra1_0.risk_level=?
2025-06-13T05:35:36.317Z DEBUG 5621 --- [risk-assets-api] [io-12000-exec-4] o.s.w.s.m.m.a.HttpEntityMethodProcessor  : Using 'application/json', given [*/*] and supported [application/json, application/*+json]
2025-06-13T05:35:36.317Z DEBUG 5621 --- [risk-assets-api] [io-12000-exec-4] o.s.w.s.m.m.a.HttpEntityMethodProcessor  : Writing [[com.jpmc.riskassets.model.RiskAsset@5dede415, com.jpmc.riskassets.model.RiskAsset@5dad8e1d, com.jpm (truncated)...]
Hibernate: 
    select
        count(ra1_0.id) 
    from
        risk_assets ra1_0 
    where
        ra1_0.risk_level=?
2025-06-13T05:35:36.318Z DEBUG 5621 --- [risk-assets-api] [io-12000-exec-4] o.s.web.servlet.DispatcherServlet        : Completed 200 OK
Hibernate: 
    select
        count(ra1_0.id) 
    from
        risk_assets ra1_0 
    where
        ra1_0.risk_level=?
2025-06-13T05:35:36.321Z DEBUG 5621 --- [risk-assets-api] [io-12000-exec-1] o.s.w.s.m.m.a.HttpEntityMethodProcessor  : Using 'application/json', given [*/*] and supported [application/json, application/*+json]
2025-06-13T05:35:36.321Z DEBUG 5621 --- [risk-assets-api] [io-12000-exec-1] o.s.w.s.m.m.a.HttpEntityMethodProcessor  : Writing [com.jpmc.riskassets.model.RiskSummary@31207fef]
2025-06-13T05:35:36.321Z DEBUG 5621 --- [risk-assets-api] [io-12000-exec-1] o.s.web.servlet.DispatcherServlet        : Completed 200 OK
2025-06-13T05:35:36.411Z DEBUG 5621 --- [risk-assets-api] [io-12000-exec-9] o.s.web.servlet.DispatcherServlet        : GET "/api/assets/1", parameters={}
2025-06-13T05:35:36.411Z DEBUG 5621 --- [risk-assets-api] [io-12000-exec-3] o.s.web.servlet.DispatcherServlet        : GET "/api/assets/risk-level/HIGH", parameters={}
2025-06-13T05:35:36.411Z DEBUG 5621 --- [risk-assets-api] [io-12000-exec-5] o.s.web.servlet.DispatcherServlet        : GET "/api/assets", parameters={}
2025-06-13T05:35:36.411Z DEBUG 5621 --- [risk-assets-api] [io-12000-exec-6] o.s.web.servlet.DispatcherServlet        : GET "/api/assets/risk-summary", parameters={}
2025-06-13T05:35:36.411Z DEBUG 5621 --- [risk-assets-api] [io-12000-exec-5] s.w.s.m.m.a.RequestMappingHandlerMapping : Mapped to com.jpmc.riskassets.controller.RiskAssetController#getAllAssets()
2025-06-13T05:35:36.411Z DEBUG 5621 --- [risk-assets-api] [io-12000-exec-3] s.w.s.m.m.a.RequestMappingHandlerMapping : Mapped to com.jpmc.riskassets.controller.RiskAssetController#getAssetsByRiskLevel(RiskLevel)
2025-06-13T05:35:36.411Z DEBUG 5621 --- [risk-assets-api] [io-12000-exec-6] s.w.s.m.m.a.RequestMappingHandlerMapping : Mapped to com.jpmc.riskassets.controller.RiskAssetController#getRiskSummary()
Hibernate: 
    select
        count(*) 
    from
        risk_assets ra1_0
Hibernate: 
    select
        ra1_0.id,
        ra1_0.created_at,
        ra1_0.description,
        ra1_0.location,
        ra1_0.name,
        ra1_0.owner,
        ra1_0.risk_level,
        ra1_0.risk_score,
        ra1_0.type,
        ra1_0.updated_at,
        ra1_0.asset_value 
    from
        risk_assets ra1_0
Hibernate: 
    select
        ra1_0.id,
        ra1_0.created_at,
        ra1_0.description,
        ra1_0.location,
        ra1_0.name,
        ra1_0.owner,
        ra1_0.risk_level,
        ra1_0.risk_score,
        ra1_0.type,
        ra1_0.updated_at,
        ra1_0.asset_value 
    from
        risk_assets ra1_0 
    where
        ra1_0.risk_level=?
2025-06-13T05:35:36.413Z DEBUG 5621 --- [risk-assets-api] [io-12000-exec-9] s.w.s.m.m.a.RequestMappingHandlerMapping : Mapped to com.jpmc.riskassets.controller.RiskAssetController#getAssetById(Long)
Hibernate: 
    select
        sum(ra1_0.asset_value) 
    from
        risk_assets ra1_0
Hibernate: 
    select
        ra1_0.id,
        ra1_0.created_at,
        ra1_0.description,
        ra1_0.location,
        ra1_0.name,
        ra1_0.owner,
        ra1_0.risk_level,
        ra1_0.risk_score,
        ra1_0.type,
        ra1_0.updated_at,
        ra1_0.asset_value 
    from
        risk_assets ra1_0 
    where
        ra1_0.id=?
Hibernate: 
    select
        avg(ra1_0.risk_score) 
    from
        risk_assets ra1_0
2025-06-13T05:35:36.415Z DEBUG 5621 --- [risk-assets-api] [io-12000-exec-9] o.s.w.s.m.m.a.HttpEntityMethodProcessor  : Using 'application/json', given [*/*] and supported [application/json, application/*+json]
2025-06-13T05:35:36.415Z DEBUG 5621 --- [risk-assets-api] [io-12000-exec-9] o.s.w.s.m.m.a.HttpEntityMethodProcessor  : Writing [com.jpmc.riskassets.model.RiskAsset@dd98207]
2025-06-13T05:35:36.415Z DEBUG 5621 --- [risk-assets-api] [io-12000-exec-5] o.s.w.s.m.m.a.HttpEntityMethodProcessor  : Using 'application/json', given [*/*] and supported [application/json, application/*+json]
Hibernate: 
    select
        count(ra1_0.id) 
    from
        risk_assets ra1_0 
    where
        ra1_0.risk_level=?
2025-06-13T05:35:36.415Z DEBUG 5621 --- [risk-assets-api] [io-12000-exec-5] o.s.w.s.m.m.a.HttpEntityMethodProcessor  : Writing [[com.jpmc.riskassets.model.RiskAsset@77e3b947, com.jpmc.riskassets.model.RiskAsset@525832bc, com.jpm (truncated)...]
2025-06-13T05:35:36.415Z DEBUG 5621 --- [risk-assets-api] [io-12000-exec-9] o.s.web.servlet.DispatcherServlet        : Completed 200 OK
Hibernate: 
    select
        count(ra1_0.id) 
    from
        risk_assets ra1_0 
    where
        ra1_0.risk_level=?
2025-06-13T05:35:36.416Z DEBUG 5621 --- [risk-assets-api] [io-12000-exec-5] o.s.web.servlet.DispatcherServlet        : Completed 200 OK
Hibernate: 
    select
        count(ra1_0.id) 
    from
        risk_assets ra1_0 
    where
        ra1_0.risk_level=?
Hibernate: 
    select
        count(ra1_0.id) 
    from
        risk_assets ra1_0 
    where
        ra1_0.risk_level=?
2025-06-13T05:35:36.418Z DEBUG 5621 --- [risk-assets-api] [io-12000-exec-6] o.s.w.s.m.m.a.HttpEntityMethodProcessor  : Using 'application/json', given [*/*] and supported [application/json, application/*+json]
2025-06-13T05:35:36.419Z DEBUG 5621 --- [risk-assets-api] [io-12000-exec-6] o.s.w.s.m.m.a.HttpEntityMethodProcessor  : Writing [com.jpmc.riskassets.model.RiskSummary@2ec882be]
2025-06-13T05:35:36.419Z DEBUG 5621 --- [risk-assets-api] [io-12000-exec-6] o.s.web.servlet.DispatcherServlet        : Completed 200 OK
2025-06-13T05:35:36.420Z DEBUG 5621 --- [risk-assets-api] [io-12000-exec-3] o.s.w.s.m.m.a.HttpEntityMethodProcessor  : Using 'application/json', given [*/*] and supported [application/json, application/*+json]
2025-06-13T05:35:36.420Z DEBUG 5621 --- [risk-assets-api] [io-12000-exec-3] o.s.w.s.m.m.a.HttpEntityMethodProcessor  : Writing [[com.jpmc.riskassets.model.RiskAsset@15bc0ca8, com.jpmc.riskassets.model.RiskAsset@54a0db83, com.jpm (truncated)...]
2025-06-13T05:35:36.420Z DEBUG 5621 --- [risk-assets-api] [io-12000-exec-3] o.s.web.servlet.DispatcherServlet        : Completed 200 OK
2025-06-13T05:35:36.512Z DEBUG 5621 --- [risk-assets-api] [io-12000-exec-1] o.s.web.servlet.DispatcherServlet        : GET "/api/assets", parameters={}
2025-06-13T05:35:36.512Z DEBUG 5621 --- [risk-assets-api] [io-12000-exec-5] o.s.web.servlet.DispatcherServlet        : GET "/api/assets/risk-summary", parameters={}
2025-06-13T05:35:36.513Z DEBUG 5621 --- [risk-assets-api] [io-12000-exec-5] s.w.s.m.m.a.RequestMappingHandlerMapping : Mapped to com.jpmc.riskassets.controller.RiskAssetController#getRiskSummary()
2025-06-13T05:35:36.513Z DEBUG 5621 --- [risk-assets-api] [io-12000-exec-2] o.s.web.servlet.DispatcherServlet        : GET "/api/assets/risk-level/HIGH", parameters={}
2025-06-13T05:35:36.513Z DEBUG 5621 --- [risk-assets-api] [io-12000-exec-2] s.w.s.m.m.a.RequestMappingHandlerMapping : Mapped to com.jpmc.riskassets.controller.RiskAssetController#getAssetsByRiskLevel(RiskLevel)
2025-06-13T05:35:36.512Z DEBUG 5621 --- [risk-assets-api] [io-12000-exec-8] o.s.web.servlet.DispatcherServlet        : GET "/api/assets/1", parameters={}
2025-06-13T05:35:36.513Z DEBUG 5621 --- [risk-assets-api] [io-12000-exec-8] s.w.s.m.m.a.RequestMappingHandlerMapping : Mapped to com.jpmc.riskassets.controller.RiskAssetController#getAssetById(Long)
Hibernate: 
    select
        count(*) 
    from
        risk_assets ra1_0
Hibernate: 
    select
        ra1_0.id,
        ra1_0.created_at,
        ra1_0.description,
        ra1_0.location,
        ra1_0.name,
        ra1_0.owner,
        ra1_0.risk_level,
        ra1_0.risk_score,
        ra1_0.type,
        ra1_0.updated_at,
        ra1_0.asset_value 
    from
        risk_assets ra1_0 
    where
        ra1_0.id=?
Hibernate: 
    select
        ra1_0.id,
        ra1_0.created_at,
        ra1_0.description,
        ra1_0.location,
        ra1_0.name,
        ra1_0.owner,
        ra1_0.risk_level,
        ra1_0.risk_score,
        ra1_0.type,
        ra1_0.updated_at,
        ra1_0.asset_value 
    from
        risk_assets ra1_0 
    where
        ra1_0.risk_level=?
Hibernate: 
    select
        sum(ra1_0.asset_value) 
    from
        risk_assets ra1_0
2025-06-13T05:35:36.515Z DEBUG 5621 --- [risk-assets-api] [io-12000-exec-8] o.s.w.s.m.m.a.HttpEntityMethodProcessor  : Using 'application/json', given [*/*] and supported [application/json, application/*+json]
2025-06-13T05:35:36.515Z DEBUG 5621 --- [risk-assets-api] [io-12000-exec-8] o.s.w.s.m.m.a.HttpEntityMethodProcessor  : Writing [com.jpmc.riskassets.model.RiskAsset@648f3125]
2025-06-13T05:35:36.516Z DEBUG 5621 --- [risk-assets-api] [io-12000-exec-2] o.s.w.s.m.m.a.HttpEntityMethodProcessor  : Using 'application/json', given [*/*] and supported [application/json, application/*+json]
Hibernate: 
    select
        avg(ra1_0.risk_score) 
    from
        risk_assets ra1_0
2025-06-13T05:35:36.516Z DEBUG 5621 --- [risk-assets-api] [io-12000-exec-2] o.s.w.s.m.m.a.HttpEntityMethodProcessor  : Writing [[com.jpmc.riskassets.model.RiskAsset@6b7801f7, com.jpmc.riskassets.model.RiskAsset@1dfcaef4, com.jpm (truncated)...]
2025-06-13T05:35:36.516Z DEBUG 5621 --- [risk-assets-api] [io-12000-exec-8] o.s.web.servlet.DispatcherServlet        : Completed 200 OK
2025-06-13T05:35:36.516Z DEBUG 5621 --- [risk-assets-api] [io-12000-exec-2] o.s.web.servlet.DispatcherServlet        : Completed 200 OK
Hibernate: 
    select
        count(ra1_0.id) 
    from
        risk_assets ra1_0 
    where
        ra1_0.risk_level=?
2025-06-13T05:35:36.513Z DEBUG 5621 --- [risk-assets-api] [io-12000-exec-1] s.w.s.m.m.a.RequestMappingHandlerMapping : Mapped to com.jpmc.riskassets.controller.RiskAssetController#getAllAssets()
Hibernate: 
    select
        count(ra1_0.id) 
    from
        risk_assets ra1_0 
    where
        ra1_0.risk_level=?
Hibernate: 
    select
        count(ra1_0.id) 
    from
        risk_assets ra1_0 
    where
        ra1_0.risk_level=?
Hibernate: 
    select
        ra1_0.id,
        ra1_0.created_at,
        ra1_0.description,
        ra1_0.location,
        ra1_0.name,
        ra1_0.owner,
        ra1_0.risk_level,
        ra1_0.risk_score,
        ra1_0.type,
        ra1_0.updated_at,
        ra1_0.asset_value 
    from
        risk_assets ra1_0
Hibernate: 
    select
        count(ra1_0.id) 
    from
        risk_assets ra1_0 
    where
        ra1_0.risk_level=?
2025-06-13T05:35:36.522Z DEBUG 5621 --- [risk-assets-api] [io-12000-exec-5] o.s.w.s.m.m.a.HttpEntityMethodProcessor  : Using 'application/json', given [*/*] and supported [application/json, application/*+json]
2025-06-13T05:35:36.522Z DEBUG 5621 --- [risk-assets-api] [io-12000-exec-5] o.s.w.s.m.m.a.HttpEntityMethodProcessor  : Writing [com.jpmc.riskassets.model.RiskSummary@4f28ffd8]
2025-06-13T05:35:36.522Z DEBUG 5621 --- [risk-assets-api] [io-12000-exec-5] o.s.web.servlet.DispatcherServlet        : Completed 200 OK
2025-06-13T05:35:36.523Z DEBUG 5621 --- [risk-assets-api] [io-12000-exec-1] o.s.w.s.m.m.a.HttpEntityMethodProcessor  : Using 'application/json', given [*/*] and supported [application/json, application/*+json]
2025-06-13T05:35:36.523Z DEBUG 5621 --- [risk-assets-api] [io-12000-exec-1] o.s.w.s.m.m.a.HttpEntityMethodProcessor  : Writing [[com.jpmc.riskassets.model.RiskAsset@2b6bd1ee, com.jpmc.riskassets.model.RiskAsset@7790fef3, com.jpm (truncated)...]
2025-06-13T05:35:36.524Z DEBUG 5621 --- [risk-assets-api] [io-12000-exec-1] o.s.web.servlet.DispatcherServlet        : Completed 200 OK
2025-06-13T05:35:36.614Z DEBUG 5621 --- [risk-assets-api] [o-12000-exec-10] o.s.web.servlet.DispatcherServlet        : GET "/api/assets", parameters={}
2025-06-13T05:35:36.614Z DEBUG 5621 --- [risk-assets-api] [io-12000-exec-2] o.s.web.servlet.DispatcherServlet        : GET "/api/assets/risk-summary", parameters={}
2025-06-13T05:35:36.614Z DEBUG 5621 --- [risk-assets-api] [io-12000-exec-3] o.s.web.servlet.DispatcherServlet        : GET "/api/assets/1", parameters={}
2025-06-13T05:35:36.615Z DEBUG 5621 --- [risk-assets-api] [io-12000-exec-8] o.s.web.servlet.DispatcherServlet        : GET "/api/assets/risk-level/HIGH", parameters={}
2025-06-13T05:35:36.615Z DEBUG 5621 --- [risk-assets-api] [o-12000-exec-10] s.w.s.m.m.a.RequestMappingHandlerMapping : Mapped to com.jpmc.riskassets.controller.RiskAssetController#getAllAssets()
2025-06-13T05:35:36.615Z DEBUG 5621 --- [risk-assets-api] [io-12000-exec-3] s.w.s.m.m.a.RequestMappingHandlerMapping : Mapped to com.jpmc.riskassets.controller.RiskAssetController#getAssetById(Long)
2025-06-13T05:35:36.615Z DEBUG 5621 --- [risk-assets-api] [io-12000-exec-8] s.w.s.m.m.a.RequestMappingHandlerMapping : Mapped to com.jpmc.riskassets.controller.RiskAssetController#getAssetsByRiskLevel(RiskLevel)
Hibernate: 
    select
        ra1_0.id,
        ra1_0.created_at,
        ra1_0.description,
        ra1_0.location,
        ra1_0.name,
        ra1_0.owner,
        ra1_0.risk_level,
        ra1_0.risk_score,
        ra1_0.type,
        ra1_0.updated_at,
        ra1_0.asset_value 
    from
        risk_assets ra1_0 
    where
        ra1_0.id=?
Hibernate: 
    select
        ra1_0.id,
        ra1_0.created_at,
        ra1_0.description,
        ra1_0.location,
        ra1_0.name,
        ra1_0.owner,
        ra1_0.risk_level,
        ra1_0.risk_score,
        ra1_0.type,
        ra1_0.updated_at,
        ra1_0.asset_value 
    from
        risk_assets ra1_0
Hibernate: 
    select
        ra1_0.id,
        ra1_0.created_at,
        ra1_0.description,
        ra1_0.location,
        ra1_0.name,
        ra1_0.owner,
        ra1_0.risk_level,
        ra1_0.risk_score,
        ra1_0.type,
        ra1_0.updated_at,
        ra1_0.asset_value 
    from
        risk_assets ra1_0 
    where
        ra1_0.risk_level=?
2025-06-13T05:35:36.617Z DEBUG 5621 --- [risk-assets-api] [io-12000-exec-3] o.s.w.s.m.m.a.HttpEntityMethodProcessor  : Using 'application/json', given [*/*] and supported [application/json, application/*+json]
2025-06-13T05:35:36.617Z DEBUG 5621 --- [risk-assets-api] [io-12000-exec-3] o.s.w.s.m.m.a.HttpEntityMethodProcessor  : Writing [com.jpmc.riskassets.model.RiskAsset@6861114b]
2025-06-13T05:35:36.617Z DEBUG 5621 --- [risk-assets-api] [io-12000-exec-8] o.s.w.s.m.m.a.HttpEntityMethodProcessor  : Using 'application/json', given [*/*] and supported [application/json, application/*+json]
2025-06-13T05:35:36.617Z DEBUG 5621 --- [risk-assets-api] [io-12000-exec-8] o.s.w.s.m.m.a.HttpEntityMethodProcessor  : Writing [[com.jpmc.riskassets.model.RiskAsset@1776c188, com.jpmc.riskassets.model.RiskAsset@318a8d7c, com.jpm (truncated)...]
2025-06-13T05:35:36.618Z DEBUG 5621 --- [risk-assets-api] [io-12000-exec-8] o.s.web.servlet.DispatcherServlet        : Completed 200 OK
2025-06-13T05:35:36.618Z DEBUG 5621 --- [risk-assets-api] [o-12000-exec-10] o.s.w.s.m.m.a.HttpEntityMethodProcessor  : Using 'application/json', given [*/*] and supported [application/json, application/*+json]
2025-06-13T05:35:36.618Z DEBUG 5621 --- [risk-assets-api] [o-12000-exec-10] o.s.w.s.m.m.a.HttpEntityMethodProcessor  : Writing [[com.jpmc.riskassets.model.RiskAsset@309879ff, com.jpmc.riskassets.model.RiskAsset@170efb39, com.jpm (truncated)...]
2025-06-13T05:35:36.619Z DEBUG 5621 --- [risk-assets-api] [o-12000-exec-10] o.s.web.servlet.DispatcherServlet        : Completed 200 OK
2025-06-13T05:35:36.615Z DEBUG 5621 --- [risk-assets-api] [io-12000-exec-2] s.w.s.m.m.a.RequestMappingHandlerMapping : Mapped to com.jpmc.riskassets.controller.RiskAssetController#getRiskSummary()
2025-06-13T05:35:36.617Z DEBUG 5621 --- [risk-assets-api] [io-12000-exec-3] o.s.web.servlet.DispatcherServlet        : Completed 200 OK
Hibernate: 
    select
        count(*) 
    from
        risk_assets ra1_0
Hibernate: 
    select
        sum(ra1_0.asset_value) 
    from
        risk_assets ra1_0
Hibernate: 
    select
        avg(ra1_0.risk_score) 
    from
        risk_assets ra1_0
Hibernate: 
    select
        count(ra1_0.id) 
    from
        risk_assets ra1_0 
    where
        ra1_0.risk_level=?
Hibernate: 
    select
        count(ra1_0.id) 
    from
        risk_assets ra1_0 
    where
        ra1_0.risk_level=?
Hibernate: 
    select
        count(ra1_0.id) 
    from
        risk_assets ra1_0 
    where
        ra1_0.risk_level=?
Hibernate: 
    select
        count(ra1_0.id) 
    from
        risk_assets ra1_0 
    where
        ra1_0.risk_level=?
2025-06-13T05:35:36.626Z DEBUG 5621 --- [risk-assets-api] [io-12000-exec-2] o.s.w.s.m.m.a.HttpEntityMethodProcessor  : Using 'application/json', given [*/*] and supported [application/json, application/*+json]
2025-06-13T05:35:36.626Z DEBUG 5621 --- [risk-assets-api] [io-12000-exec-2] o.s.w.s.m.m.a.HttpEntityMethodProcessor  : Writing [com.jpmc.riskassets.model.RiskSummary@1081f615]
2025-06-13T05:35:36.627Z DEBUG 5621 --- [risk-assets-api] [io-12000-exec-2] o.s.web.servlet.DispatcherServlet        : Completed 200 OK
2025-06-13T05:35:36.716Z DEBUG 5621 --- [risk-assets-api] [io-12000-exec-7] o.s.web.servlet.DispatcherServlet        : GET "/api/assets/1", parameters={}
2025-06-13T05:35:36.716Z DEBUG 5621 --- [risk-assets-api] [io-12000-exec-1] o.s.web.servlet.DispatcherServlet        : GET "/api/assets", parameters={}
2025-06-13T05:35:36.717Z DEBUG 5621 --- [risk-assets-api] [io-12000-exec-4] o.s.web.servlet.DispatcherServlet        : GET "/api/assets/risk-level/HIGH", parameters={}
2025-06-13T05:35:36.717Z DEBUG 5621 --- [risk-assets-api] [io-12000-exec-7] s.w.s.m.m.a.RequestMappingHandlerMapping : Mapped to com.jpmc.riskassets.controller.RiskAssetController#getAssetById(Long)
2025-06-13T05:35:36.717Z DEBUG 5621 --- [risk-assets-api] [io-12000-exec-4] s.w.s.m.m.a.RequestMappingHandlerMapping : Mapped to com.jpmc.riskassets.controller.RiskAssetController#getAssetsByRiskLevel(RiskLevel)
2025-06-13T05:35:36.717Z DEBUG 5621 --- [risk-assets-api] [io-12000-exec-1] s.w.s.m.m.a.RequestMappingHandlerMapping : Mapped to com.jpmc.riskassets.controller.RiskAssetController#getAllAssets()
Hibernate: 
    select
        ra1_0.id,
        ra1_0.created_at,
        ra1_0.description,
        ra1_0.location,
        ra1_0.name,
        ra1_0.owner,
        ra1_0.risk_level,
        ra1_0.risk_score,
        ra1_0.type,
        ra1_0.updated_at,
        ra1_0.asset_value 
    from
        risk_assets ra1_0 
    where
        ra1_0.id=?
Hibernate: 
    select
        ra1_0.id,
        ra1_0.created_at,
        ra1_0.description,
        ra1_0.location,
        ra1_0.name,
        ra1_0.owner,
        ra1_0.risk_level,
        ra1_0.risk_score,
        ra1_0.type,
        ra1_0.updated_at,
        ra1_0.asset_value 
    from
        risk_assets ra1_0
2025-06-13T05:35:36.717Z DEBUG 5621 --- [risk-assets-api] [io-12000-exec-8] o.s.web.servlet.DispatcherServlet        : GET "/api/assets/risk-summary", parameters={}
2025-06-13T05:35:36.719Z DEBUG 5621 --- [risk-assets-api] [io-12000-exec-8] s.w.s.m.m.a.RequestMappingHandlerMapping : Mapped to com.jpmc.riskassets.controller.RiskAssetController#getRiskSummary()
2025-06-13T05:35:36.719Z DEBUG 5621 --- [risk-assets-api] [io-12000-exec-7] o.s.w.s.m.m.a.HttpEntityMethodProcessor  : Using 'application/json', given [*/*] and supported [application/json, application/*+json]
2025-06-13T05:35:36.719Z DEBUG 5621 --- [risk-assets-api] [io-12000-exec-7] o.s.w.s.m.m.a.HttpEntityMethodProcessor  : Writing [com.jpmc.riskassets.model.RiskAsset@3ce8b9bd]
Hibernate: 
    select
        count(*) 
    from
        risk_assets ra1_0
2025-06-13T05:35:36.720Z DEBUG 5621 --- [risk-assets-api] [io-12000-exec-7] o.s.web.servlet.DispatcherServlet        : Completed 200 OK
Hibernate: 
    select
        ra1_0.id,
        ra1_0.created_at,
        ra1_0.description,
        ra1_0.location,
        ra1_0.name,
        ra1_0.owner,
        ra1_0.risk_level,
        ra1_0.risk_score,
        ra1_0.type,
        ra1_0.updated_at,
        ra1_0.asset_value 
    from
        risk_assets ra1_0 
    where
        ra1_0.risk_level=?
Hibernate: 
    select
        sum(ra1_0.asset_value) 
    from
        risk_assets ra1_0
Hibernate: 
    select
        avg(ra1_0.risk_score) 
    from
        risk_assets ra1_0
2025-06-13T05:35:36.721Z DEBUG 5621 --- [risk-assets-api] [io-12000-exec-4] o.s.w.s.m.m.a.HttpEntityMethodProcessor  : Using 'application/json', given [*/*] and supported [application/json, application/*+json]
2025-06-13T05:35:36.721Z DEBUG 5621 --- [risk-assets-api] [io-12000-exec-4] o.s.w.s.m.m.a.HttpEntityMethodProcessor  : Writing [[com.jpmc.riskassets.model.RiskAsset@57e89e57, com.jpmc.riskassets.model.RiskAsset@275c9575, com.jpm (truncated)...]
2025-06-13T05:35:36.722Z DEBUG 5621 --- [risk-assets-api] [io-12000-exec-1] o.s.w.s.m.m.a.HttpEntityMethodProcessor  : Using 'application/json', given [*/*] and supported [application/json, application/*+json]
2025-06-13T05:35:36.722Z DEBUG 5621 --- [risk-assets-api] [io-12000-exec-1] o.s.w.s.m.m.a.HttpEntityMethodProcessor  : Writing [[com.jpmc.riskassets.model.RiskAsset@6b453b03, com.jpmc.riskassets.model.RiskAsset@7cf873e9, com.jpm (truncated)...]
2025-06-13T05:35:36.722Z DEBUG 5621 --- [risk-assets-api] [io-12000-exec-4] o.s.web.servlet.DispatcherServlet        : Completed 200 OK
Hibernate: 
    select
        count(ra1_0.id) 
    from
        risk_assets ra1_0 
    where
        ra1_0.risk_level=?
2025-06-13T05:35:36.723Z DEBUG 5621 --- [risk-assets-api] [io-12000-exec-1] o.s.web.servlet.DispatcherServlet        : Completed 200 OK
Hibernate: 
    select
        count(ra1_0.id) 
    from
        risk_assets ra1_0 
    where
        ra1_0.risk_level=?
Hibernate: 
    select
        count(ra1_0.id) 
    from
        risk_assets ra1_0 
    where
        ra1_0.risk_level=?
Hibernate: 
    select
        count(ra1_0.id) 
    from
        risk_assets ra1_0 
    where
        ra1_0.risk_level=?
2025-06-13T05:35:36.726Z DEBUG 5621 --- [risk-assets-api] [io-12000-exec-8] o.s.w.s.m.m.a.HttpEntityMethodProcessor  : Using 'application/json', given [*/*] and supported [application/json, application/*+json]
2025-06-13T05:35:36.726Z DEBUG 5621 --- [risk-assets-api] [io-12000-exec-8] o.s.w.s.m.m.a.HttpEntityMethodProcessor  : Writing [com.jpmc.riskassets.model.RiskSummary@82164f1]
2025-06-13T05:35:36.726Z DEBUG 5621 --- [risk-assets-api] [io-12000-exec-8] o.s.web.servlet.DispatcherServlet        : Completed 200 OK
2025-06-13T05:35:36.818Z DEBUG 5621 --- [risk-assets-api] [io-12000-exec-2] o.s.web.servlet.DispatcherServlet        : GET "/api/assets/1", parameters={}
2025-06-13T05:35:36.819Z DEBUG 5621 --- [risk-assets-api] [io-12000-exec-2] s.w.s.m.m.a.RequestMappingHandlerMapping : Mapped to com.jpmc.riskassets.controller.RiskAssetController#getAssetById(Long)
2025-06-13T05:35:36.819Z DEBUG 5621 --- [risk-assets-api] [io-12000-exec-6] o.s.web.servlet.DispatcherServlet        : GET "/api/assets/risk-summary", parameters={}
2025-06-13T05:35:36.819Z DEBUG 5621 --- [risk-assets-api] [io-12000-exec-6] s.w.s.m.m.a.RequestMappingHandlerMapping : Mapped to com.jpmc.riskassets.controller.RiskAssetController#getRiskSummary()
2025-06-13T05:35:36.820Z DEBUG 5621 --- [risk-assets-api] [o-12000-exec-10] o.s.web.servlet.DispatcherServlet        : GET "/api/assets", parameters={}
2025-06-13T05:35:36.820Z DEBUG 5621 --- [risk-assets-api] [o-12000-exec-10] s.w.s.m.m.a.RequestMappingHandlerMapping : Mapped to com.jpmc.riskassets.controller.RiskAssetController#getAllAssets()
Hibernate: 
    select
        ra1_0.id,
        ra1_0.created_at,
        ra1_0.description,
        ra1_0.location,
        ra1_0.name,
        ra1_0.owner,
        ra1_0.risk_level,
        ra1_0.risk_score,
        ra1_0.type,
        ra1_0.updated_at,
        ra1_0.asset_value 
    from
        risk_assets ra1_0 
    where
        ra1_0.id=?
Hibernate: 
    select
        count(*) 
    from
        risk_assets ra1_0
2025-06-13T05:35:36.821Z DEBUG 5621 --- [risk-assets-api] [io-12000-exec-2] o.s.w.s.m.m.a.HttpEntityMethodProcessor  : Using 'application/json', given [*/*] and supported [application/json, application/*+json]
2025-06-13T05:35:36.821Z DEBUG 5621 --- [risk-assets-api] [io-12000-exec-2] o.s.w.s.m.m.a.HttpEntityMethodProcessor  : Writing [com.jpmc.riskassets.model.RiskAsset@13da71b2]
Hibernate: 
    select
        ra1_0.id,
        ra1_0.created_at,
        ra1_0.description,
        ra1_0.location,
        ra1_0.name,
        ra1_0.owner,
        ra1_0.risk_level,
        ra1_0.risk_score,
        ra1_0.type,
        ra1_0.updated_at,
        ra1_0.asset_value 
    from
        risk_assets ra1_0
2025-06-13T05:35:36.822Z DEBUG 5621 --- [risk-assets-api] [io-12000-exec-2] o.s.web.servlet.DispatcherServlet        : Completed 200 OK
Hibernate: 
    select
        sum(ra1_0.asset_value) 
    from
        risk_assets ra1_0
2025-06-13T05:35:36.819Z DEBUG 5621 --- [risk-assets-api] [io-12000-exec-7] o.s.web.servlet.DispatcherServlet        : GET "/api/assets/risk-level/HIGH", parameters={}
2025-06-13T05:35:36.822Z DEBUG 5621 --- [risk-assets-api] [io-12000-exec-7] s.w.s.m.m.a.RequestMappingHandlerMapping : Mapped to com.jpmc.riskassets.controller.RiskAssetController#getAssetsByRiskLevel(RiskLevel)
Hibernate: 
    select
        avg(ra1_0.risk_score) 
    from
        risk_assets ra1_0
2025-06-13T05:35:36.823Z DEBUG 5621 --- [risk-assets-api] [o-12000-exec-10] o.s.w.s.m.m.a.HttpEntityMethodProcessor  : Using 'application/json', given [*/*] and supported [application/json, application/*+json]
2025-06-13T05:35:36.824Z DEBUG 5621 --- [risk-assets-api] [o-12000-exec-10] o.s.w.s.m.m.a.HttpEntityMethodProcessor  : Writing [[com.jpmc.riskassets.model.RiskAsset@3f9fa0ce, com.jpmc.riskassets.model.RiskAsset@48d5693a, com.jpm (truncated)...]
Hibernate: 
    select
        count(ra1_0.id) 
    from
        risk_assets ra1_0 
    where
        ra1_0.risk_level=?
Hibernate: 
    select
        ra1_0.id,
        ra1_0.created_at,
        ra1_0.description,
        ra1_0.location,
        ra1_0.name,
        ra1_0.owner,
        ra1_0.risk_level,
        ra1_0.risk_score,
        ra1_0.type,
        ra1_0.updated_at,
        ra1_0.asset_value 
    from
        risk_assets ra1_0 
    where
        ra1_0.risk_level=?
Hibernate: 
    select
        count(ra1_0.id) 
    from
        risk_assets ra1_0 
    where
        ra1_0.risk_level=?
2025-06-13T05:35:36.825Z DEBUG 5621 --- [risk-assets-api] [io-12000-exec-7] o.s.w.s.m.m.a.HttpEntityMethodProcessor  : Using 'application/json', given [*/*] and supported [application/json, application/*+json]
2025-06-13T05:35:36.826Z DEBUG 5621 --- [risk-assets-api] [io-12000-exec-7] o.s.w.s.m.m.a.HttpEntityMethodProcessor  : Writing [[com.jpmc.riskassets.model.RiskAsset@7ca802fe, com.jpmc.riskassets.model.RiskAsset@60bdf44f, com.jpm (truncated)...]
Hibernate: 
    select
        count(ra1_0.id) 
    from
        risk_assets ra1_0 
    where
        ra1_0.risk_level=?
2025-06-13T05:35:36.826Z DEBUG 5621 --- [risk-assets-api] [io-12000-exec-7] o.s.web.servlet.DispatcherServlet        : Completed 200 OK
Hibernate: 
    select
        count(ra1_0.id) 
    from
        risk_assets ra1_0 
    where
        ra1_0.risk_level=?
2025-06-13T05:35:36.827Z DEBUG 5621 --- [risk-assets-api] [io-12000-exec-6] o.s.w.s.m.m.a.HttpEntityMethodProcessor  : Using 'application/json', given [*/*] and supported [application/json, application/*+json]
2025-06-13T05:35:36.827Z DEBUG 5621 --- [risk-assets-api] [io-12000-exec-6] o.s.w.s.m.m.a.HttpEntityMethodProcessor  : Writing [com.jpmc.riskassets.model.RiskSummary@9373d5f]
2025-06-13T05:35:36.828Z DEBUG 5621 --- [risk-assets-api] [io-12000-exec-6] o.s.web.servlet.DispatcherServlet        : Completed 200 OK
2025-06-13T05:35:36.830Z DEBUG 5621 --- [risk-assets-api] [o-12000-exec-10] o.s.web.servlet.DispatcherServlet        : Completed 200 OK
2025-06-13T05:35:36.920Z DEBUG 5621 --- [risk-assets-api] [io-12000-exec-5] o.s.web.servlet.DispatcherServlet        : GET "/api/assets", parameters={}
2025-06-13T05:35:36.921Z DEBUG 5621 --- [risk-assets-api] [io-12000-exec-4] o.s.web.servlet.DispatcherServlet        : GET "/api/assets/risk-level/HIGH", parameters={}
2025-06-13T05:35:36.921Z DEBUG 5621 --- [risk-assets-api] [io-12000-exec-2] o.s.web.servlet.DispatcherServlet        : GET "/api/assets/1", parameters={}
2025-06-13T05:35:36.921Z DEBUG 5621 --- [risk-assets-api] [io-12000-exec-5] s.w.s.m.m.a.RequestMappingHandlerMapping : Mapped to com.jpmc.riskassets.controller.RiskAssetController#getAllAssets()
2025-06-13T05:35:36.921Z DEBUG 5621 --- [risk-assets-api] [io-12000-exec-4] s.w.s.m.m.a.RequestMappingHandlerMapping : Mapped to com.jpmc.riskassets.controller.RiskAssetController#getAssetsByRiskLevel(RiskLevel)
2025-06-13T05:35:36.921Z DEBUG 5621 --- [risk-assets-api] [io-12000-exec-2] s.w.s.m.m.a.RequestMappingHandlerMapping : Mapped to com.jpmc.riskassets.controller.RiskAssetController#getAssetById(Long)
Hibernate: 
    select
        ra1_0.id,
        ra1_0.created_at,
        ra1_0.description,
        ra1_0.location,
        ra1_0.name,
        ra1_0.owner,
        ra1_0.risk_level,
        ra1_0.risk_score,
        ra1_0.type,
        ra1_0.updated_at,
        ra1_0.asset_value 
    from
        risk_assets ra1_0 
    where
        ra1_0.id=?
Hibernate: 
    select
        ra1_0.id,
        ra1_0.created_at,
        ra1_0.description,
        ra1_0.location,
        ra1_0.name,
        ra1_0.owner,
        ra1_0.risk_level,
        ra1_0.risk_score,
        ra1_0.type,
        ra1_0.updated_at,
        ra1_0.asset_value 
    from
        risk_assets ra1_0
Hibernate: 
    select
        ra1_0.id,
        ra1_0.created_at,
        ra1_0.description,
        ra1_0.location,
        ra1_0.name,
        ra1_0.owner,
        ra1_0.risk_level,
        ra1_0.risk_score,
        ra1_0.type,
        ra1_0.updated_at,
        ra1_0.asset_value 
    from
        risk_assets ra1_0 
    where
        ra1_0.risk_level=?
2025-06-13T05:35:36.923Z DEBUG 5621 --- [risk-assets-api] [io-12000-exec-2] o.s.w.s.m.m.a.HttpEntityMethodProcessor  : Using 'application/json', given [*/*] and supported [application/json, application/*+json]
2025-06-13T05:35:36.923Z DEBUG 5621 --- [risk-assets-api] [io-12000-exec-2] o.s.w.s.m.m.a.HttpEntityMethodProcessor  : Writing [com.jpmc.riskassets.model.RiskAsset@af51d61]
2025-06-13T05:35:36.924Z DEBUG 5621 --- [risk-assets-api] [io-12000-exec-4] o.s.w.s.m.m.a.HttpEntityMethodProcessor  : Using 'application/json', given [*/*] and supported [application/json, application/*+json]
2025-06-13T05:35:36.924Z DEBUG 5621 --- [risk-assets-api] [io-12000-exec-4] o.s.w.s.m.m.a.HttpEntityMethodProcessor  : Writing [[com.jpmc.riskassets.model.RiskAsset@3db5810d, com.jpmc.riskassets.model.RiskAsset@680b9236, com.jpm (truncated)...]
2025-06-13T05:35:36.924Z DEBUG 5621 --- [risk-assets-api] [io-12000-exec-2] o.s.web.servlet.DispatcherServlet        : Completed 200 OK
2025-06-13T05:35:36.924Z DEBUG 5621 --- [risk-assets-api] [io-12000-exec-4] o.s.web.servlet.DispatcherServlet        : Completed 200 OK
2025-06-13T05:35:36.924Z DEBUG 5621 --- [risk-assets-api] [io-12000-exec-5] o.s.w.s.m.m.a.HttpEntityMethodProcessor  : Using 'application/json', given [*/*] and supported [application/json, application/*+json]
2025-06-13T05:35:36.921Z DEBUG 5621 --- [risk-assets-api] [io-12000-exec-8] o.s.web.servlet.DispatcherServlet        : GET "/api/assets/risk-summary", parameters={}
2025-06-13T05:35:36.925Z DEBUG 5621 --- [risk-assets-api] [io-12000-exec-5] o.s.w.s.m.m.a.HttpEntityMethodProcessor  : Writing [[com.jpmc.riskassets.model.RiskAsset@522946f8, com.jpmc.riskassets.model.RiskAsset@5edd60e4, com.jpm (truncated)...]
2025-06-13T05:35:36.925Z DEBUG 5621 --- [risk-assets-api] [io-12000-exec-8] s.w.s.m.m.a.RequestMappingHandlerMapping : Mapped to com.jpmc.riskassets.controller.RiskAssetController#getRiskSummary()
2025-06-13T05:35:36.925Z DEBUG 5621 --- [risk-assets-api] [io-12000-exec-5] o.s.web.servlet.DispatcherServlet        : Completed 200 OK
Hibernate: 
    select
        count(*) 
    from
        risk_assets ra1_0
Hibernate: 
    select
        sum(ra1_0.asset_value) 
    from
        risk_assets ra1_0
Hibernate: 
    select
        avg(ra1_0.risk_score) 
    from
        risk_assets ra1_0
Hibernate: 
    select
        count(ra1_0.id) 
    from
        risk_assets ra1_0 
    where
        ra1_0.risk_level=?
Hibernate: 
    select
        count(ra1_0.id) 
    from
        risk_assets ra1_0 
    where
        ra1_0.risk_level=?
Hibernate: 
    select
        count(ra1_0.id) 
    from
        risk_assets ra1_0 
    where
        ra1_0.risk_level=?
Hibernate: 
    select
        count(ra1_0.id) 
    from
        risk_assets ra1_0 
    where
        ra1_0.risk_level=?
2025-06-13T05:35:36.933Z DEBUG 5621 --- [risk-assets-api] [io-12000-exec-8] o.s.w.s.m.m.a.HttpEntityMethodProcessor  : Using 'application/json', given [*/*] and supported [application/json, application/*+json]
2025-06-13T05:35:36.933Z DEBUG 5621 --- [risk-assets-api] [io-12000-exec-8] o.s.w.s.m.m.a.HttpEntityMethodProcessor  : Writing [com.jpmc.riskassets.model.RiskSummary@6fdf0d3e]
2025-06-13T05:35:36.934Z DEBUG 5621 --- [risk-assets-api] [io-12000-exec-8] o.s.web.servlet.DispatcherServlet        : Completed 200 OK
2025-06-13T05:35:37.022Z DEBUG 5621 --- [risk-assets-api] [io-12000-exec-5] o.s.web.servlet.DispatcherServlet        : GET "/api/assets/risk-summary", parameters={}
2025-06-13T05:35:37.022Z DEBUG 5621 --- [risk-assets-api] [io-12000-exec-3] o.s.web.servlet.DispatcherServlet        : GET "/api/assets/1", parameters={}
2025-06-13T05:35:37.023Z DEBUG 5621 --- [risk-assets-api] [o-12000-exec-10] o.s.web.servlet.DispatcherServlet        : GET "/api/assets", parameters={}
2025-06-13T05:35:37.023Z DEBUG 5621 --- [risk-assets-api] [io-12000-exec-5] s.w.s.m.m.a.RequestMappingHandlerMapping : Mapped to com.jpmc.riskassets.controller.RiskAssetController#getRiskSummary()
2025-06-13T05:35:37.023Z DEBUG 5621 --- [risk-assets-api] [io-12000-exec-3] s.w.s.m.m.a.RequestMappingHandlerMapping : Mapped to com.jpmc.riskassets.controller.RiskAssetController#getAssetById(Long)
2025-06-13T05:35:37.022Z DEBUG 5621 --- [risk-assets-api] [io-12000-exec-4] o.s.web.servlet.DispatcherServlet        : GET "/api/assets/risk-level/HIGH", parameters={}
2025-06-13T05:35:37.023Z DEBUG 5621 --- [risk-assets-api] [io-12000-exec-4] s.w.s.m.m.a.RequestMappingHandlerMapping : Mapped to com.jpmc.riskassets.controller.RiskAssetController#getAssetsByRiskLevel(RiskLevel)
Hibernate: 
    select
        count(*) 
    from
        risk_assets ra1_0
Hibernate: 
    select
        ra1_0.id,
        ra1_0.created_at,
        ra1_0.description,
        ra1_0.location,
        ra1_0.name,
        ra1_0.owner,
        ra1_0.risk_level,
        ra1_0.risk_score,
        ra1_0.type,
        ra1_0.updated_at,
        ra1_0.asset_value 
    from
        risk_assets ra1_0 
    where
        ra1_0.id=?
2025-06-13T05:35:37.025Z DEBUG 5621 --- [risk-assets-api] [io-12000-exec-3] o.s.w.s.m.m.a.HttpEntityMethodProcessor  : Using 'application/json', given [*/*] and supported [application/json, application/*+json]
Hibernate: 
    select
        sum(ra1_0.asset_value) 
    from
        risk_assets ra1_0
Hibernate: 
    select
        ra1_0.id,
        ra1_0.created_at,
        ra1_0.description,
        ra1_0.location,
        ra1_0.name,
        ra1_0.owner,
        ra1_0.risk_level,
        ra1_0.risk_score,
        ra1_0.type,
        ra1_0.updated_at,
        ra1_0.asset_value 
    from
        risk_assets ra1_0 
    where
        ra1_0.risk_level=?
2025-06-13T05:35:37.025Z DEBUG 5621 --- [risk-assets-api] [io-12000-exec-3] o.s.w.s.m.m.a.HttpEntityMethodProcessor  : Writing [com.jpmc.riskassets.model.RiskAsset@378c0ec1]
Hibernate: 
    select
        avg(ra1_0.risk_score) 
    from
        risk_assets ra1_0
2025-06-13T05:35:37.026Z DEBUG 5621 --- [risk-assets-api] [io-12000-exec-3] o.s.web.servlet.DispatcherServlet        : Completed 200 OK
2025-06-13T05:35:37.026Z DEBUG 5621 --- [risk-assets-api] [io-12000-exec-4] o.s.w.s.m.m.a.HttpEntityMethodProcessor  : Using 'application/json', given [*/*] and supported [application/json, application/*+json]
2025-06-13T05:35:37.026Z DEBUG 5621 --- [risk-assets-api] [io-12000-exec-4] o.s.w.s.m.m.a.HttpEntityMethodProcessor  : Writing [[com.jpmc.riskassets.model.RiskAsset@3e6164ce, com.jpmc.riskassets.model.RiskAsset@2480bf1f, com.jpm (truncated)...]
Hibernate: 
    select
        count(ra1_0.id) 
    from
        risk_assets ra1_0 
    where
        ra1_0.risk_level=?
2025-06-13T05:35:37.027Z DEBUG 5621 --- [risk-assets-api] [io-12000-exec-4] o.s.web.servlet.DispatcherServlet        : Completed 200 OK
2025-06-13T05:35:37.023Z DEBUG 5621 --- [risk-assets-api] [o-12000-exec-10] s.w.s.m.m.a.RequestMappingHandlerMapping : Mapped to com.jpmc.riskassets.controller.RiskAssetController#getAllAssets()
Hibernate: 
    select
        count(ra1_0.id) 
    from
        risk_assets ra1_0 
    where
        ra1_0.risk_level=?
Hibernate: 
    select
        ra1_0.id,
        ra1_0.created_at,
        ra1_0.description,
        ra1_0.location,
        ra1_0.name,
        ra1_0.owner,
        ra1_0.risk_level,
        ra1_0.risk_score,
        ra1_0.type,
        ra1_0.updated_at,
        ra1_0.asset_value 
    from
        risk_assets ra1_0
Hibernate: 
    select
        count(ra1_0.id) 
    from
        risk_assets ra1_0 
    where
        ra1_0.risk_level=?
Hibernate: 
    select
        count(ra1_0.id) 
    from
        risk_assets ra1_0 
    where
        ra1_0.risk_level=?
2025-06-13T05:35:37.029Z DEBUG 5621 --- [risk-assets-api] [io-12000-exec-5] o.s.w.s.m.m.a.HttpEntityMethodProcessor  : Using 'application/json', given [*/*] and supported [application/json, application/*+json]
2025-06-13T05:35:37.030Z DEBUG 5621 --- [risk-assets-api] [io-12000-exec-5] o.s.w.s.m.m.a.HttpEntityMethodProcessor  : Writing [com.jpmc.riskassets.model.RiskSummary@26a22bdd]
2025-06-13T05:35:37.030Z DEBUG 5621 --- [risk-assets-api] [o-12000-exec-10] o.s.w.s.m.m.a.HttpEntityMethodProcessor  : Using 'application/json', given [*/*] and supported [application/json, application/*+json]
2025-06-13T05:35:37.030Z DEBUG 5621 --- [risk-assets-api] [o-12000-exec-10] o.s.w.s.m.m.a.HttpEntityMethodProcessor  : Writing [[com.jpmc.riskassets.model.RiskAsset@42a23781, com.jpmc.riskassets.model.RiskAsset@74880d32, com.jpm (truncated)...]
2025-06-13T05:35:37.030Z DEBUG 5621 --- [risk-assets-api] [io-12000-exec-5] o.s.web.servlet.DispatcherServlet        : Completed 200 OK
2025-06-13T05:35:37.031Z DEBUG 5621 --- [risk-assets-api] [o-12000-exec-10] o.s.web.servlet.DispatcherServlet        : Completed 200 OK
2025-06-13T05:35:37.124Z DEBUG 5621 --- [risk-assets-api] [io-12000-exec-9] o.s.web.servlet.DispatcherServlet        : GET "/api/assets", parameters={}
2025-06-13T05:35:37.125Z DEBUG 5621 --- [risk-assets-api] [io-12000-exec-3] o.s.web.servlet.DispatcherServlet        : GET "/api/assets/1", parameters={}
2025-06-13T05:35:37.125Z DEBUG 5621 --- [risk-assets-api] [io-12000-exec-9] s.w.s.m.m.a.RequestMappingHandlerMapping : Mapped to com.jpmc.riskassets.controller.RiskAssetController#getAllAssets()
2025-06-13T05:35:37.125Z DEBUG 5621 --- [risk-assets-api] [io-12000-exec-3] s.w.s.m.m.a.RequestMappingHandlerMapping : Mapped to com.jpmc.riskassets.controller.RiskAssetController#getAssetById(Long)
Hibernate: 
    select
        ra1_0.id,
        ra1_0.created_at,
        ra1_0.description,
        ra1_0.location,
        ra1_0.name,
        ra1_0.owner,
        ra1_0.risk_level,
        ra1_0.risk_score,
        ra1_0.type,
        ra1_0.updated_at,
        ra1_0.asset_value 
    from
        risk_assets ra1_0 
    where
        ra1_0.id=?
2025-06-13T05:35:37.126Z DEBUG 5621 --- [risk-assets-api] [io-12000-exec-6] o.s.web.servlet.DispatcherServlet        : GET "/api/assets/risk-level/HIGH", parameters={}
2025-06-13T05:35:37.127Z DEBUG 5621 --- [risk-assets-api] [io-12000-exec-3] o.s.w.s.m.m.a.HttpEntityMethodProcessor  : Using 'application/json', given [*/*] and supported [application/json, application/*+json]
2025-06-13T05:35:37.127Z DEBUG 5621 --- [risk-assets-api] [io-12000-exec-3] o.s.w.s.m.m.a.HttpEntityMethodProcessor  : Writing [com.jpmc.riskassets.model.RiskAsset@5d00ce47]
Hibernate: 
    select
        ra1_0.id,
        ra1_0.created_at,
        ra1_0.description,
        ra1_0.location,
        ra1_0.name,
        ra1_0.owner,
        ra1_0.risk_level,
        ra1_0.risk_score,
        ra1_0.type,
        ra1_0.updated_at,
        ra1_0.asset_value 
    from
        risk_assets ra1_0
2025-06-13T05:35:37.127Z DEBUG 5621 --- [risk-assets-api] [io-12000-exec-3] o.s.web.servlet.DispatcherServlet        : Completed 200 OK
2025-06-13T05:35:37.124Z DEBUG 5621 --- [risk-assets-api] [io-12000-exec-8] o.s.web.servlet.DispatcherServlet        : GET "/api/assets/risk-summary", parameters={}
2025-06-13T05:35:37.128Z DEBUG 5621 --- [risk-assets-api] [io-12000-exec-8] s.w.s.m.m.a.RequestMappingHandlerMapping : Mapped to com.jpmc.riskassets.controller.RiskAssetController#getRiskSummary()
Hibernate: 
    select
        count(*) 
    from
        risk_assets ra1_0
2025-06-13T05:35:37.129Z DEBUG 5621 --- [risk-assets-api] [io-12000-exec-9] o.s.w.s.m.m.a.HttpEntityMethodProcessor  : Using 'application/json', given [*/*] and supported [application/json, application/*+json]
2025-06-13T05:35:37.129Z DEBUG 5621 --- [risk-assets-api] [io-12000-exec-9] o.s.w.s.m.m.a.HttpEntityMethodProcessor  : Writing [[com.jpmc.riskassets.model.RiskAsset@7ad3acab, com.jpmc.riskassets.model.RiskAsset@4228a798, com.jpm (truncated)...]
Hibernate: 
    select
        sum(ra1_0.asset_value) 
    from
        risk_assets ra1_0
Hibernate: 
    select
        avg(ra1_0.risk_score) 
    from
        risk_assets ra1_0
2025-06-13T05:35:37.127Z DEBUG 5621 --- [risk-assets-api] [io-12000-exec-6] s.w.s.m.m.a.RequestMappingHandlerMapping : Mapped to com.jpmc.riskassets.controller.RiskAssetController#getAssetsByRiskLevel(RiskLevel)
Hibernate: 
    select
        count(ra1_0.id) 
    from
        risk_assets ra1_0 
    where
        ra1_0.risk_level=?
2025-06-13T05:35:37.132Z DEBUG 5621 --- [risk-assets-api] [io-12000-exec-9] o.s.web.servlet.DispatcherServlet        : Completed 200 OK
Hibernate: 
    select
        count(ra1_0.id) 
    from
        risk_assets ra1_0 
    where
        ra1_0.risk_level=?
Hibernate: 
    select
        ra1_0.id,
        ra1_0.created_at,
        ra1_0.description,
        ra1_0.location,
        ra1_0.name,
        ra1_0.owner,
        ra1_0.risk_level,
        ra1_0.risk_score,
        ra1_0.type,
        ra1_0.updated_at,
        ra1_0.asset_value 
    from
        risk_assets ra1_0 
    where
        ra1_0.risk_level=?
2025-06-13T05:35:37.133Z DEBUG 5621 --- [risk-assets-api] [io-12000-exec-6] o.s.w.s.m.m.a.HttpEntityMethodProcessor  : Using 'application/json', given [*/*] and supported [application/json, application/*+json]
Hibernate: 
    select
        count(ra1_0.id) 
    from
        risk_assets ra1_0 
    where
        ra1_0.risk_level=?
2025-06-13T05:35:37.133Z DEBUG 5621 --- [risk-assets-api] [io-12000-exec-6] o.s.w.s.m.m.a.HttpEntityMethodProcessor  : Writing [[com.jpmc.riskassets.model.RiskAsset@75dd7c5c, com.jpmc.riskassets.model.RiskAsset@3fb7e736, com.jpm (truncated)...]
2025-06-13T05:35:37.134Z DEBUG 5621 --- [risk-assets-api] [io-12000-exec-6] o.s.web.servlet.DispatcherServlet        : Completed 200 OK
Hibernate: 
    select
        count(ra1_0.id) 
    from
        risk_assets ra1_0 
    where
        ra1_0.risk_level=?
2025-06-13T05:35:37.136Z DEBUG 5621 --- [risk-assets-api] [io-12000-exec-8] o.s.w.s.m.m.a.HttpEntityMethodProcessor  : Using 'application/json', given [*/*] and supported [application/json, application/*+json]
2025-06-13T05:35:37.137Z DEBUG 5621 --- [risk-assets-api] [io-12000-exec-8] o.s.w.s.m.m.a.HttpEntityMethodProcessor  : Writing [com.jpmc.riskassets.model.RiskSummary@1102c123]
2025-06-13T05:35:37.137Z DEBUG 5621 --- [risk-assets-api] [io-12000-exec-8] o.s.web.servlet.DispatcherServlet        : Completed 200 OK
2025-06-13T05:35:37.226Z DEBUG 5621 --- [risk-assets-api] [o-12000-exec-10] o.s.web.servlet.DispatcherServlet        : GET "/api/assets/1", parameters={}
2025-06-13T05:35:37.226Z DEBUG 5621 --- [risk-assets-api] [io-12000-exec-2] o.s.web.servlet.DispatcherServlet        : GET "/api/assets", parameters={}
2025-06-13T05:35:37.227Z DEBUG 5621 --- [risk-assets-api] [io-12000-exec-9] o.s.web.servlet.DispatcherServlet        : GET "/api/assets/risk-summary", parameters={}
2025-06-13T05:35:37.227Z DEBUG 5621 --- [risk-assets-api] [io-12000-exec-2] s.w.s.m.m.a.RequestMappingHandlerMapping : Mapped to com.jpmc.riskassets.controller.RiskAssetController#getAllAssets()
2025-06-13T05:35:37.227Z DEBUG 5621 --- [risk-assets-api] [io-12000-exec-9] s.w.s.m.m.a.RequestMappingHandlerMapping : Mapped to com.jpmc.riskassets.controller.RiskAssetController#getRiskSummary()
Hibernate: 
    select
        count(*) 
    from
        risk_assets ra1_0
Hibernate: 
    select
        ra1_0.id,
        ra1_0.created_at,
        ra1_0.description,
        ra1_0.location,
        ra1_0.name,
        ra1_0.owner,
        ra1_0.risk_level,
        ra1_0.risk_score,
        ra1_0.type,
        ra1_0.updated_at,
        ra1_0.asset_value 
    from
        risk_assets ra1_0
2025-06-13T05:35:37.229Z DEBUG 5621 --- [risk-assets-api] [o-12000-exec-10] s.w.s.m.m.a.RequestMappingHandlerMapping : Mapped to com.jpmc.riskassets.controller.RiskAssetController#getAssetById(Long)
2025-06-13T05:35:37.226Z DEBUG 5621 --- [risk-assets-api] [io-12000-exec-3] o.s.web.servlet.DispatcherServlet        : GET "/api/assets/risk-level/HIGH", parameters={}
2025-06-13T05:35:37.229Z DEBUG 5621 --- [risk-assets-api] [io-12000-exec-3] s.w.s.m.m.a.RequestMappingHandlerMapping : Mapped to com.jpmc.riskassets.controller.RiskAssetController#getAssetsByRiskLevel(RiskLevel)
Hibernate: 
    select
        ra1_0.id,
        ra1_0.created_at,
        ra1_0.description,
        ra1_0.location,
        ra1_0.name,
        ra1_0.owner,
        ra1_0.risk_level,
        ra1_0.risk_score,
        ra1_0.type,
        ra1_0.updated_at,
        ra1_0.asset_value 
    from
        risk_assets ra1_0 
    where
        ra1_0.id=?
Hibernate: 
    select
        ra1_0.id,
        ra1_0.created_at,
        ra1_0.description,
        ra1_0.location,
        ra1_0.name,
        ra1_0.owner,
        ra1_0.risk_level,
        ra1_0.risk_score,
        ra1_0.type,
        ra1_0.updated_at,
        ra1_0.asset_value 
    from
        risk_assets ra1_0 
    where
        ra1_0.risk_level=?
2025-06-13T05:35:37.231Z DEBUG 5621 --- [risk-assets-api] [o-12000-exec-10] o.s.w.s.m.m.a.HttpEntityMethodProcessor  : Using 'application/json', given [*/*] and supported [application/json, application/*+json]
2025-06-13T05:35:37.231Z DEBUG 5621 --- [risk-assets-api] [o-12000-exec-10] o.s.w.s.m.m.a.HttpEntityMethodProcessor  : Writing [com.jpmc.riskassets.model.RiskAsset@3267aedd]
2025-06-13T05:35:37.232Z DEBUG 5621 --- [risk-assets-api] [io-12000-exec-3] o.s.w.s.m.m.a.HttpEntityMethodProcessor  : Using 'application/json', given [*/*] and supported [application/json, application/*+json]
2025-06-13T05:35:37.232Z DEBUG 5621 --- [risk-assets-api] [o-12000-exec-10] o.s.web.servlet.DispatcherServlet        : Completed 200 OK
2025-06-13T05:35:37.232Z DEBUG 5621 --- [risk-assets-api] [io-12000-exec-3] o.s.w.s.m.m.a.HttpEntityMethodProcessor  : Writing [[com.jpmc.riskassets.model.RiskAsset@3d801fd0, com.jpmc.riskassets.model.RiskAsset@44c242a6, com.jpm (truncated)...]
Hibernate: 
    select
        sum(ra1_0.asset_value) 
    from
        risk_assets ra1_0
2025-06-13T05:35:37.234Z DEBUG 5621 --- [risk-assets-api] [io-12000-exec-3] o.s.web.servlet.DispatcherServlet        : Completed 200 OK
Hibernate: 
    select
        avg(ra1_0.risk_score) 
    from
        risk_assets ra1_0
Hibernate: 
    select
        count(ra1_0.id) 
    from
        risk_assets ra1_0 
    where
        ra1_0.risk_level=?
Hibernate: 
    select
        count(ra1_0.id) 
    from
        risk_assets ra1_0 
    where
        ra1_0.risk_level=?
Hibernate: 
    select
        count(ra1_0.id) 
    from
        risk_assets ra1_0 
    where
        ra1_0.risk_level=?
Hibernate: 
    select
        count(ra1_0.id) 
    from
        risk_assets ra1_0 
    where
        ra1_0.risk_level=?
2025-06-13T05:35:37.239Z DEBUG 5621 --- [risk-assets-api] [io-12000-exec-9] o.s.w.s.m.m.a.HttpEntityMethodProcessor  : Using 'application/json', given [*/*] and supported [application/json, application/*+json]
2025-06-13T05:35:37.239Z DEBUG 5621 --- [risk-assets-api] [io-12000-exec-9] o.s.w.s.m.m.a.HttpEntityMethodProcessor  : Writing [com.jpmc.riskassets.model.RiskSummary@42a7bf34]
2025-06-13T05:35:37.239Z DEBUG 5621 --- [risk-assets-api] [io-12000-exec-9] o.s.web.servlet.DispatcherServlet        : Completed 200 OK
2025-06-13T05:35:37.240Z DEBUG 5621 --- [risk-assets-api] [io-12000-exec-2] o.s.w.s.m.m.a.HttpEntityMethodProcessor  : Using 'application/json', given [*/*] and supported [application/json, application/*+json]
2025-06-13T05:35:37.240Z DEBUG 5621 --- [risk-assets-api] [io-12000-exec-2] o.s.w.s.m.m.a.HttpEntityMethodProcessor  : Writing [[com.jpmc.riskassets.model.RiskAsset@7381e015, com.jpmc.riskassets.model.RiskAsset@7269268a, com.jpm (truncated)...]
2025-06-13T05:35:37.241Z DEBUG 5621 --- [risk-assets-api] [io-12000-exec-2] o.s.web.servlet.DispatcherServlet        : Completed 200 OK
2025-06-13T05:35:37.330Z DEBUG 5621 --- [risk-assets-api] [o-12000-exec-10] o.s.web.servlet.DispatcherServlet        : GET "/api/assets/1", parameters={}
2025-06-13T05:35:37.330Z DEBUG 5621 --- [risk-assets-api] [io-12000-exec-8] o.s.web.servlet.DispatcherServlet        : GET "/api/assets", parameters={}
2025-06-13T05:35:37.330Z DEBUG 5621 --- [risk-assets-api] [o-12000-exec-10] s.w.s.m.m.a.RequestMappingHandlerMapping : Mapped to com.jpmc.riskassets.controller.RiskAssetController#getAssetById(Long)
2025-06-13T05:35:37.330Z DEBUG 5621 --- [risk-assets-api] [io-12000-exec-7] o.s.web.servlet.DispatcherServlet        : GET "/api/assets/risk-summary", parameters={}
Hibernate: 
    select
        ra1_0.id,
        ra1_0.created_at,
        ra1_0.description,
        ra1_0.location,
        ra1_0.name,
        ra1_0.owner,
        ra1_0.risk_level,
        ra1_0.risk_score,
        ra1_0.type,
        ra1_0.updated_at,
        ra1_0.asset_value 
    from
        risk_assets ra1_0 
    where
        ra1_0.id=?
2025-06-13T05:35:37.331Z DEBUG 5621 --- [risk-assets-api] [io-12000-exec-3] o.s.web.servlet.DispatcherServlet        : GET "/api/assets/risk-level/HIGH", parameters={}
2025-06-13T05:35:37.332Z DEBUG 5621 --- [risk-assets-api] [io-12000-exec-3] s.w.s.m.m.a.RequestMappingHandlerMapping : Mapped to com.jpmc.riskassets.controller.RiskAssetController#getAssetsByRiskLevel(RiskLevel)
2025-06-13T05:35:37.332Z DEBUG 5621 --- [risk-assets-api] [io-12000-exec-7] s.w.s.m.m.a.RequestMappingHandlerMapping : Mapped to com.jpmc.riskassets.controller.RiskAssetController#getRiskSummary()
2025-06-13T05:35:37.332Z DEBUG 5621 --- [risk-assets-api] [o-12000-exec-10] o.s.w.s.m.m.a.HttpEntityMethodProcessor  : Using 'application/json', given [*/*] and supported [application/json, application/*+json]
2025-06-13T05:35:37.332Z DEBUG 5621 --- [risk-assets-api] [o-12000-exec-10] o.s.w.s.m.m.a.HttpEntityMethodProcessor  : Writing [com.jpmc.riskassets.model.RiskAsset@352ac997]
Hibernate: 
    select
        count(*) 
    from
        risk_assets ra1_0
Hibernate: 
    select
        ra1_0.id,
        ra1_0.created_at,
        ra1_0.description,
        ra1_0.location,
        ra1_0.name,
        ra1_0.owner,
        ra1_0.risk_level,
        ra1_0.risk_score,
        ra1_0.type,
        ra1_0.updated_at,
        ra1_0.asset_value 
    from
        risk_assets ra1_0 
    where
        ra1_0.risk_level=?
Hibernate: 
    select
        sum(ra1_0.asset_value) 
    from
        risk_assets ra1_0
2025-06-13T05:35:37.334Z DEBUG 5621 --- [risk-assets-api] [io-12000-exec-3] o.s.w.s.m.m.a.HttpEntityMethodProcessor  : Using 'application/json', given [*/*] and supported [application/json, application/*+json]
2025-06-13T05:35:37.334Z DEBUG 5621 --- [risk-assets-api] [io-12000-exec-3] o.s.w.s.m.m.a.HttpEntityMethodProcessor  : Writing [[com.jpmc.riskassets.model.RiskAsset@33cc147d, com.jpmc.riskassets.model.RiskAsset@33b86d92, com.jpm (truncated)...]
Hibernate: 
    select
        avg(ra1_0.risk_score) 
    from
        risk_assets ra1_0
2025-06-13T05:35:37.335Z DEBUG 5621 --- [risk-assets-api] [io-12000-exec-3] o.s.web.servlet.DispatcherServlet        : Completed 200 OK
2025-06-13T05:35:37.335Z DEBUG 5621 --- [risk-assets-api] [o-12000-exec-10] o.s.web.servlet.DispatcherServlet        : Completed 200 OK
Hibernate: 
    select
        count(ra1_0.id) 
    from
        risk_assets ra1_0 
    where
        ra1_0.risk_level=?
Hibernate: 
    select
        count(ra1_0.id) 
    from
        risk_assets ra1_0 
    where
        ra1_0.risk_level=?
Hibernate: 
    select
        count(ra1_0.id) 
    from
        risk_assets ra1_0 
    where
        ra1_0.risk_level=?
Hibernate: 
    select
        count(ra1_0.id) 
    from
        risk_assets ra1_0 
    where
        ra1_0.risk_level=?
2025-06-13T05:35:37.340Z DEBUG 5621 --- [risk-assets-api] [io-12000-exec-7] o.s.w.s.m.m.a.HttpEntityMethodProcessor  : Using 'application/json', given [*/*] and supported [application/json, application/*+json]
2025-06-13T05:35:37.340Z DEBUG 5621 --- [risk-assets-api] [io-12000-exec-7] o.s.w.s.m.m.a.HttpEntityMethodProcessor  : Writing [com.jpmc.riskassets.model.RiskSummary@52654e7]
2025-06-13T05:35:37.330Z DEBUG 5621 --- [risk-assets-api] [io-12000-exec-8] s.w.s.m.m.a.RequestMappingHandlerMapping : Mapped to com.jpmc.riskassets.controller.RiskAssetController#getAllAssets()
Hibernate: 
    select
        ra1_0.id,
        ra1_0.created_at,
        ra1_0.description,
        ra1_0.location,
        ra1_0.name,
        ra1_0.owner,
        ra1_0.risk_level,
        ra1_0.risk_score,
        ra1_0.type,
        ra1_0.updated_at,
        ra1_0.asset_value 
    from
        risk_assets ra1_0
2025-06-13T05:35:37.343Z DEBUG 5621 --- [risk-assets-api] [io-12000-exec-7] o.s.web.servlet.DispatcherServlet        : Completed 200 OK
2025-06-13T05:35:37.344Z DEBUG 5621 --- [risk-assets-api] [io-12000-exec-8] o.s.w.s.m.m.a.HttpEntityMethodProcessor  : Using 'application/json', given [*/*] and supported [application/json, application/*+json]
2025-06-13T05:35:37.344Z DEBUG 5621 --- [risk-assets-api] [io-12000-exec-8] o.s.w.s.m.m.a.HttpEntityMethodProcessor  : Writing [[com.jpmc.riskassets.model.RiskAsset@1125ce38, com.jpmc.riskassets.model.RiskAsset@38413f43, com.jpm (truncated)...]
2025-06-13T05:35:37.345Z DEBUG 5621 --- [risk-assets-api] [io-12000-exec-8] o.s.web.servlet.DispatcherServlet        : Completed 200 OK
2025-06-13T05:35:37.346Z DEBUG 5621 --- [risk-assets-api] [io-12000-exec-6] o.s.web.servlet.DispatcherServlet        : GET "/actuator/prometheus", parameters={}
2025-06-13T05:35:37.347Z DEBUG 5621 --- [risk-assets-api] [io-12000-exec-6] m.m.a.RequestResponseBodyMethodProcessor : Read "application/octet-stream" to []
2025-06-13T05:35:37.350Z DEBUG 5621 --- [risk-assets-api] [io-12000-exec-6] o.s.w.s.m.m.a.HttpEntityMethodProcessor  : Found 'Content-Type:application/openmetrics-text;version=1.0.0;charset=utf-8' in response
2025-06-13T05:35:37.351Z DEBUG 5621 --- [risk-assets-api] [io-12000-exec-6] o.s.w.s.m.m.a.HttpEntityMethodProcessor  : Writing ["# TYPE hikaricp_connections_timeout counter<EOL># HELP hikaricp_connections_timeout Connection timeout t (truncated)..."]
2025-06-13T05:35:37.352Z DEBUG 5621 --- [risk-assets-api] [io-12000-exec-6] o.s.web.servlet.DispatcherServlet        : Completed 200 OK
2025-06-13T05:35:37.431Z DEBUG 5621 --- [risk-assets-api] [o-12000-exec-10] o.s.web.servlet.DispatcherServlet        : GET "/api/assets/1", parameters={}
2025-06-13T05:35:37.431Z DEBUG 5621 --- [risk-assets-api] [io-12000-exec-4] o.s.web.servlet.DispatcherServlet        : GET "/api/assets/risk-level/HIGH", parameters={}
2025-06-13T05:35:37.431Z DEBUG 5621 --- [risk-assets-api] [o-12000-exec-10] s.w.s.m.m.a.RequestMappingHandlerMapping : Mapped to com.jpmc.riskassets.controller.RiskAssetController#getAssetById(Long)
2025-06-13T05:35:37.431Z DEBUG 5621 --- [risk-assets-api] [io-12000-exec-3] o.s.web.servlet.DispatcherServlet        : GET "/api/assets", parameters={}
2025-06-13T05:35:37.431Z DEBUG 5621 --- [risk-assets-api] [io-12000-exec-1] o.s.web.servlet.DispatcherServlet        : GET "/api/assets/risk-summary", parameters={}
2025-06-13T05:35:37.432Z DEBUG 5621 --- [risk-assets-api] [io-12000-exec-3] s.w.s.m.m.a.RequestMappingHandlerMapping : Mapped to com.jpmc.riskassets.controller.RiskAssetController#getAllAssets()
2025-06-13T05:35:37.432Z DEBUG 5621 --- [risk-assets-api] [io-12000-exec-1] s.w.s.m.m.a.RequestMappingHandlerMapping : Mapped to com.jpmc.riskassets.controller.RiskAssetController#getRiskSummary()
2025-06-13T05:35:37.432Z DEBUG 5621 --- [risk-assets-api] [io-12000-exec-4] s.w.s.m.m.a.RequestMappingHandlerMapping : Mapped to com.jpmc.riskassets.controller.RiskAssetController#getAssetsByRiskLevel(RiskLevel)
Hibernate: 
    select
        count(*) 
    from
        risk_assets ra1_0
Hibernate: 
    select
        ra1_0.id,
        ra1_0.created_at,
        ra1_0.description,
        ra1_0.location,
        ra1_0.name,
        ra1_0.owner,
        ra1_0.risk_level,
        ra1_0.risk_score,
        ra1_0.type,
        ra1_0.updated_at,
        ra1_0.asset_value 
    from
        risk_assets ra1_0 
    where
        ra1_0.id=?
Hibernate: 
    select
        ra1_0.id,
        ra1_0.created_at,
        ra1_0.description,
        ra1_0.location,
        ra1_0.name,
        ra1_0.owner,
        ra1_0.risk_level,
        ra1_0.risk_score,
        ra1_0.type,
        ra1_0.updated_at,
        ra1_0.asset_value 
    from
        risk_assets ra1_0 
    where
        ra1_0.risk_level=?
2025-06-13T05:35:37.434Z DEBUG 5621 --- [risk-assets-api] [o-12000-exec-10] o.s.w.s.m.m.a.HttpEntityMethodProcessor  : Using 'application/json', given [*/*] and supported [application/json, application/*+json]
Hibernate: 
    select
        sum(ra1_0.asset_value) 
    from
        risk_assets ra1_0
2025-06-13T05:35:37.434Z DEBUG 5621 --- [risk-assets-api] [o-12000-exec-10] o.s.w.s.m.m.a.HttpEntityMethodProcessor  : Writing [com.jpmc.riskassets.model.RiskAsset@8323256]
2025-06-13T05:35:37.435Z DEBUG 5621 --- [risk-assets-api] [o-12000-exec-10] o.s.web.servlet.DispatcherServlet        : Completed 200 OK
Hibernate: 
    select
        ra1_0.id,
        ra1_0.created_at,
        ra1_0.description,
        ra1_0.location,
        ra1_0.name,
        ra1_0.owner,
        ra1_0.risk_level,
        ra1_0.risk_score,
        ra1_0.type,
        ra1_0.updated_at,
        ra1_0.asset_value 
    from
        risk_assets ra1_0
2025-06-13T05:35:37.436Z DEBUG 5621 --- [risk-assets-api] [io-12000-exec-4] o.s.w.s.m.m.a.HttpEntityMethodProcessor  : Using 'application/json', given [*/*] and supported [application/json, application/*+json]
2025-06-13T05:35:37.436Z DEBUG 5621 --- [risk-assets-api] [io-12000-exec-4] o.s.w.s.m.m.a.HttpEntityMethodProcessor  : Writing [[com.jpmc.riskassets.model.RiskAsset@173da5a1, com.jpmc.riskassets.model.RiskAsset@3c9eb, com.jpmc.r (truncated)...]
2025-06-13T05:35:37.436Z DEBUG 5621 --- [risk-assets-api] [io-12000-exec-4] o.s.web.servlet.DispatcherServlet        : Completed 200 OK
2025-06-13T05:35:37.437Z DEBUG 5621 --- [risk-assets-api] [io-12000-exec-3] o.s.w.s.m.m.a.HttpEntityMethodProcessor  : Using 'application/json', given [*/*] and supported [application/json, application/*+json]
Hibernate: 
    select
        avg(ra1_0.risk_score) 
    from
        risk_assets ra1_0
2025-06-13T05:35:37.437Z DEBUG 5621 --- [risk-assets-api] [io-12000-exec-3] o.s.w.s.m.m.a.HttpEntityMethodProcessor  : Writing [[com.jpmc.riskassets.model.RiskAsset@5dffff90, com.jpmc.riskassets.model.RiskAsset@64f8586d, com.jpm (truncated)...]
2025-06-13T05:35:37.438Z DEBUG 5621 --- [risk-assets-api] [io-12000-exec-3] o.s.web.servlet.DispatcherServlet        : Completed 200 OK
Hibernate: 
    select
        count(ra1_0.id) 
    from
        risk_assets ra1_0 
    where
        ra1_0.risk_level=?
Hibernate: 
    select
        count(ra1_0.id) 
    from
        risk_assets ra1_0 
    where
        ra1_0.risk_level=?
Hibernate: 
    select
        count(ra1_0.id) 
    from
        risk_assets ra1_0 
    where
        ra1_0.risk_level=?
Hibernate: 
    select
        count(ra1_0.id) 
    from
        risk_assets ra1_0 
    where
        ra1_0.risk_level=?
2025-06-13T05:35:37.442Z DEBUG 5621 --- [risk-assets-api] [io-12000-exec-1] o.s.w.s.m.m.a.HttpEntityMethodProcessor  : Using 'application/json', given [*/*] and supported [application/json, application/*+json]
2025-06-13T05:35:37.442Z DEBUG 5621 --- [risk-assets-api] [io-12000-exec-1] o.s.w.s.m.m.a.HttpEntityMethodProcessor  : Writing [com.jpmc.riskassets.model.RiskSummary@518bfb1d]
2025-06-13T05:35:37.443Z DEBUG 5621 --- [risk-assets-api] [io-12000-exec-1] o.s.web.servlet.DispatcherServlet        : Completed 200 OK
2025-06-13T05:35:37.532Z DEBUG 5621 --- [risk-assets-api] [io-12000-exec-5] o.s.web.servlet.DispatcherServlet        : GET "/api/assets/1", parameters={}
2025-06-13T05:35:37.532Z DEBUG 5621 --- [risk-assets-api] [io-12000-exec-4] o.s.web.servlet.DispatcherServlet        : GET "/api/assets/risk-level/HIGH", parameters={}
2025-06-13T05:35:37.533Z DEBUG 5621 --- [risk-assets-api] [io-12000-exec-6] o.s.web.servlet.DispatcherServlet        : GET "/api/assets", parameters={}
2025-06-13T05:35:37.533Z DEBUG 5621 --- [risk-assets-api] [io-12000-exec-5] s.w.s.m.m.a.RequestMappingHandlerMapping : Mapped to com.jpmc.riskassets.controller.RiskAssetController#getAssetById(Long)
2025-06-13T05:35:37.533Z DEBUG 5621 --- [risk-assets-api] [io-12000-exec-6] s.w.s.m.m.a.RequestMappingHandlerMapping : Mapped to com.jpmc.riskassets.controller.RiskAssetController#getAllAssets()
2025-06-13T05:35:37.532Z DEBUG 5621 --- [risk-assets-api] [o-12000-exec-10] o.s.web.servlet.DispatcherServlet        : GET "/api/assets/risk-summary", parameters={}
2025-06-13T05:35:37.533Z DEBUG 5621 --- [risk-assets-api] [o-12000-exec-10] s.w.s.m.m.a.RequestMappingHandlerMapping : Mapped to com.jpmc.riskassets.controller.RiskAssetController#getRiskSummary()
2025-06-13T05:35:37.533Z DEBUG 5621 --- [risk-assets-api] [io-12000-exec-4] s.w.s.m.m.a.RequestMappingHandlerMapping : Mapped to com.jpmc.riskassets.controller.RiskAssetController#getAssetsByRiskLevel(RiskLevel)
Hibernate: 
    select
        ra1_0.id,
        ra1_0.created_at,
        ra1_0.description,
        ra1_0.location,
        ra1_0.name,
        ra1_0.owner,
        ra1_0.risk_level,
        ra1_0.risk_score,
        ra1_0.type,
        ra1_0.updated_at,
        ra1_0.asset_value 
    from
        risk_assets ra1_0 
    where
        ra1_0.id=?
Hibernate: 
    select
        count(*) 
    from
        risk_assets ra1_0
Hibernate: 
    select
        ra1_0.id,
        ra1_0.created_at,
        ra1_0.description,
        ra1_0.location,
        ra1_0.name,
        ra1_0.owner,
        ra1_0.risk_level,
        ra1_0.risk_score,
        ra1_0.type,
        ra1_0.updated_at,
        ra1_0.asset_value 
    from
        risk_assets ra1_0
2025-06-13T05:35:37.535Z DEBUG 5621 --- [risk-assets-api] [io-12000-exec-5] o.s.w.s.m.m.a.HttpEntityMethodProcessor  : Using 'application/json', given [*/*] and supported [application/json, application/*+json]
2025-06-13T05:35:37.535Z DEBUG 5621 --- [risk-assets-api] [io-12000-exec-5] o.s.w.s.m.m.a.HttpEntityMethodProcessor  : Writing [com.jpmc.riskassets.model.RiskAsset@741c630f]
Hibernate: 
    select
        sum(ra1_0.asset_value) 
    from
        risk_assets ra1_0
2025-06-13T05:35:37.535Z DEBUG 5621 --- [risk-assets-api] [io-12000-exec-5] o.s.web.servlet.DispatcherServlet        : Completed 200 OK
Hibernate: 
    select
        avg(ra1_0.risk_score) 
    from
        risk_assets ra1_0
2025-06-13T05:35:37.536Z DEBUG 5621 --- [risk-assets-api] [io-12000-exec-6] o.s.w.s.m.m.a.HttpEntityMethodProcessor  : Using 'application/json', given [*/*] and supported [application/json, application/*+json]
2025-06-13T05:35:37.536Z DEBUG 5621 --- [risk-assets-api] [io-12000-exec-6] o.s.w.s.m.m.a.HttpEntityMethodProcessor  : Writing [[com.jpmc.riskassets.model.RiskAsset@4c0c9fa1, com.jpmc.riskassets.model.RiskAsset@2a1370e9, com.jpm (truncated)...]
Hibernate: 
    select
        count(ra1_0.id) 
    from
        risk_assets ra1_0 
    where
        ra1_0.risk_level=?
2025-06-13T05:35:37.537Z DEBUG 5621 --- [risk-assets-api] [io-12000-exec-6] o.s.web.servlet.DispatcherServlet        : Completed 200 OK
Hibernate: 
    select
        ra1_0.id,
        ra1_0.created_at,
        ra1_0.description,
        ra1_0.location,
        ra1_0.name,
        ra1_0.owner,
        ra1_0.risk_level,
        ra1_0.risk_score,
        ra1_0.type,
        ra1_0.updated_at,
        ra1_0.asset_value 
    from
        risk_assets ra1_0 
    where
        ra1_0.risk_level=?
2025-06-13T05:35:37.539Z DEBUG 5621 --- [risk-assets-api] [io-12000-exec-4] o.s.w.s.m.m.a.HttpEntityMethodProcessor  : Using 'application/json', given [*/*] and supported [application/json, application/*+json]
2025-06-13T05:35:37.539Z DEBUG 5621 --- [risk-assets-api] [io-12000-exec-4] o.s.w.s.m.m.a.HttpEntityMethodProcessor  : Writing [[com.jpmc.riskassets.model.RiskAsset@255dbf00, com.jpmc.riskassets.model.RiskAsset@d34ecbc, com.jpmc (truncated)...]
2025-06-13T05:35:37.540Z DEBUG 5621 --- [risk-assets-api] [io-12000-exec-4] o.s.web.servlet.DispatcherServlet        : Completed 200 OK
Hibernate: 
    select
        count(ra1_0.id) 
    from
        risk_assets ra1_0 
    where
        ra1_0.risk_level=?
Hibernate: 
    select
        count(ra1_0.id) 
    from
        risk_assets ra1_0 
    where
        ra1_0.risk_level=?
Hibernate: 
    select
        count(ra1_0.id) 
    from
        risk_assets ra1_0 
    where
        ra1_0.risk_level=?
2025-06-13T05:35:37.543Z DEBUG 5621 --- [risk-assets-api] [o-12000-exec-10] o.s.w.s.m.m.a.HttpEntityMethodProcessor  : Using 'application/json', given [*/*] and supported [application/json, application/*+json]
2025-06-13T05:35:37.543Z DEBUG 5621 --- [risk-assets-api] [o-12000-exec-10] o.s.w.s.m.m.a.HttpEntityMethodProcessor  : Writing [com.jpmc.riskassets.model.RiskSummary@40757d2]
2025-06-13T05:35:37.544Z DEBUG 5621 --- [risk-assets-api] [o-12000-exec-10] o.s.web.servlet.DispatcherServlet        : Completed 200 OK
2025-06-13T05:35:37.635Z DEBUG 5621 --- [risk-assets-api] [io-12000-exec-8] o.s.web.servlet.DispatcherServlet        : GET "/api/assets/1", parameters={}
2025-06-13T05:35:37.635Z DEBUG 5621 --- [risk-assets-api] [io-12000-exec-2] o.s.web.servlet.DispatcherServlet        : GET "/api/assets/risk-level/HIGH", parameters={}
2025-06-13T05:35:37.635Z DEBUG 5621 --- [risk-assets-api] [io-12000-exec-8] s.w.s.m.m.a.RequestMappingHandlerMapping : Mapped to com.jpmc.riskassets.controller.RiskAssetController#getAssetById(Long)
2025-06-13T05:35:37.635Z DEBUG 5621 --- [risk-assets-api] [io-12000-exec-2] s.w.s.m.m.a.RequestMappingHandlerMapping : Mapped to com.jpmc.riskassets.controller.RiskAssetController#getAssetsByRiskLevel(RiskLevel)
2025-06-13T05:35:37.636Z DEBUG 5621 --- [risk-assets-api] [io-12000-exec-1] o.s.web.servlet.DispatcherServlet        : GET "/api/assets/risk-summary", parameters={}
2025-06-13T05:35:37.636Z DEBUG 5621 --- [risk-assets-api] [io-12000-exec-5] o.s.web.servlet.DispatcherServlet        : GET "/api/assets", parameters={}
2025-06-13T05:35:37.636Z DEBUG 5621 --- [risk-assets-api] [io-12000-exec-1] s.w.s.m.m.a.RequestMappingHandlerMapping : Mapped to com.jpmc.riskassets.controller.RiskAssetController#getRiskSummary()
2025-06-13T05:35:37.636Z DEBUG 5621 --- [risk-assets-api] [io-12000-exec-5] s.w.s.m.m.a.RequestMappingHandlerMapping : Mapped to com.jpmc.riskassets.controller.RiskAssetController#getAllAssets()
Hibernate: 
    select
        ra1_0.id,
        ra1_0.created_at,
        ra1_0.description,
        ra1_0.location,
        ra1_0.name,
        ra1_0.owner,
        ra1_0.risk_level,
        ra1_0.risk_score,
        ra1_0.type,
        ra1_0.updated_at,
        ra1_0.asset_value 
    from
        risk_assets ra1_0 
    where
        ra1_0.id=?
Hibernate: 
    select
        count(*) 
    from
        risk_assets ra1_0
2025-06-13T05:35:37.637Z DEBUG 5621 --- [risk-assets-api] [io-12000-exec-8] o.s.w.s.m.m.a.HttpEntityMethodProcessor  : Using 'application/json', given [*/*] and supported [application/json, application/*+json]
Hibernate: 
    select
        ra1_0.id,
        ra1_0.created_at,
        ra1_0.description,
        ra1_0.location,
        ra1_0.name,
        ra1_0.owner,
        ra1_0.risk_level,
        ra1_0.risk_score,
        ra1_0.type,
        ra1_0.updated_at,
        ra1_0.asset_value 
    from
        risk_assets ra1_0
2025-06-13T05:35:37.637Z DEBUG 5621 --- [risk-assets-api] [io-12000-exec-8] o.s.w.s.m.m.a.HttpEntityMethodProcessor  : Writing [com.jpmc.riskassets.model.RiskAsset@53201dcb]
2025-06-13T05:35:37.638Z DEBUG 5621 --- [risk-assets-api] [io-12000-exec-8] o.s.web.servlet.DispatcherServlet        : Completed 200 OK
Hibernate: 
    select
        ra1_0.id,
        ra1_0.created_at,
        ra1_0.description,
        ra1_0.location,
        ra1_0.name,
        ra1_0.owner,
        ra1_0.risk_level,
        ra1_0.risk_score,
        ra1_0.type,
        ra1_0.updated_at,
        ra1_0.asset_value 
    from
        risk_assets ra1_0 
    where
        ra1_0.risk_level=?
2025-06-13T05:35:37.639Z DEBUG 5621 --- [risk-assets-api] [io-12000-exec-5] o.s.w.s.m.m.a.HttpEntityMethodProcessor  : Using 'application/json', given [*/*] and supported [application/json, application/*+json]
2025-06-13T05:35:37.639Z DEBUG 5621 --- [risk-assets-api] [io-12000-exec-5] o.s.w.s.m.m.a.HttpEntityMethodProcessor  : Writing [[com.jpmc.riskassets.model.RiskAsset@30d62aa9, com.jpmc.riskassets.model.RiskAsset@3587b77f, com.jpm (truncated)...]
2025-06-13T05:35:37.639Z DEBUG 5621 --- [risk-assets-api] [io-12000-exec-2] o.s.w.s.m.m.a.HttpEntityMethodProcessor  : Using 'application/json', given [*/*] and supported [application/json, application/*+json]
2025-06-13T05:35:37.639Z DEBUG 5621 --- [risk-assets-api] [io-12000-exec-2] o.s.w.s.m.m.a.HttpEntityMethodProcessor  : Writing [[com.jpmc.riskassets.model.RiskAsset@602eb7d6, com.jpmc.riskassets.model.RiskAsset@5c7ec0c, com.jpmc (truncated)...]
2025-06-13T05:35:37.640Z DEBUG 5621 --- [risk-assets-api] [io-12000-exec-5] o.s.web.servlet.DispatcherServlet        : Completed 200 OK
2025-06-13T05:35:37.640Z DEBUG 5621 --- [risk-assets-api] [io-12000-exec-2] o.s.web.servlet.DispatcherServlet        : Completed 200 OK
Hibernate: 
    select
        sum(ra1_0.asset_value) 
    from
        risk_assets ra1_0
Hibernate: 
    select
        avg(ra1_0.risk_score) 
    from
        risk_assets ra1_0
Hibernate: 
    select
        count(ra1_0.id) 
    from
        risk_assets ra1_0 
    where
        ra1_0.risk_level=?
Hibernate: 
    select
        count(ra1_0.id) 
    from
        risk_assets ra1_0 
    where
        ra1_0.risk_level=?
Hibernate: 
    select
        count(ra1_0.id) 
    from
        risk_assets ra1_0 
    where
        ra1_0.risk_level=?
Hibernate: 
    select
        count(ra1_0.id) 
    from
        risk_assets ra1_0 
    where
        ra1_0.risk_level=?
2025-06-13T05:35:37.646Z DEBUG 5621 --- [risk-assets-api] [io-12000-exec-1] o.s.w.s.m.m.a.HttpEntityMethodProcessor  : Using 'application/json', given [*/*] and supported [application/json, application/*+json]
2025-06-13T05:35:37.647Z DEBUG 5621 --- [risk-assets-api] [io-12000-exec-1] o.s.w.s.m.m.a.HttpEntityMethodProcessor  : Writing [com.jpmc.riskassets.model.RiskSummary@71cf3fe6]
2025-06-13T05:35:37.647Z DEBUG 5621 --- [risk-assets-api] [io-12000-exec-1] o.s.web.servlet.DispatcherServlet        : Completed 200 OK
2025-06-13T05:35:37.737Z DEBUG 5621 --- [risk-assets-api] [io-12000-exec-8] o.s.web.servlet.DispatcherServlet        : GET "/api/assets/risk-level/HIGH", parameters={}
2025-06-13T05:35:37.737Z DEBUG 5621 --- [risk-assets-api] [io-12000-exec-9] o.s.web.servlet.DispatcherServlet        : GET "/api/assets", parameters={}
2025-06-13T05:35:37.737Z DEBUG 5621 --- [risk-assets-api] [io-12000-exec-5] o.s.web.servlet.DispatcherServlet        : GET "/api/assets/risk-summary", parameters={}
2025-06-13T05:35:37.737Z DEBUG 5621 --- [risk-assets-api] [io-12000-exec-9] s.w.s.m.m.a.RequestMappingHandlerMapping : Mapped to com.jpmc.riskassets.controller.RiskAssetController#getAllAssets()
2025-06-13T05:35:37.737Z DEBUG 5621 --- [risk-assets-api] [io-12000-exec-8] s.w.s.m.m.a.RequestMappingHandlerMapping : Mapped to com.jpmc.riskassets.controller.RiskAssetController#getAssetsByRiskLevel(RiskLevel)
2025-06-13T05:35:37.737Z DEBUG 5621 --- [risk-assets-api] [o-12000-exec-10] o.s.web.servlet.DispatcherServlet        : GET "/api/assets/1", parameters={}
2025-06-13T05:35:37.737Z DEBUG 5621 --- [risk-assets-api] [o-12000-exec-10] s.w.s.m.m.a.RequestMappingHandlerMapping : Mapped to com.jpmc.riskassets.controller.RiskAssetController#getAssetById(Long)
Hibernate: 
    select
        ra1_0.id,
        ra1_0.created_at,
        ra1_0.description,
        ra1_0.location,
        ra1_0.name,
        ra1_0.owner,
        ra1_0.risk_level,
        ra1_0.risk_score,
        ra1_0.type,
        ra1_0.updated_at,
        ra1_0.asset_value 
    from
        risk_assets ra1_0 
    where
        ra1_0.id=?
Hibernate: 
    select
        ra1_0.id,
        ra1_0.created_at,
        ra1_0.description,
        ra1_0.location,
        ra1_0.name,
        ra1_0.owner,
        ra1_0.risk_level,
        ra1_0.risk_score,
        ra1_0.type,
        ra1_0.updated_at,
        ra1_0.asset_value 
    from
        risk_assets ra1_0
Hibernate: 
    select
        ra1_0.id,
        ra1_0.created_at,
        ra1_0.description,
        ra1_0.location,
        ra1_0.name,
        ra1_0.owner,
        ra1_0.risk_level,
        ra1_0.risk_score,
        ra1_0.type,
        ra1_0.updated_at,
        ra1_0.asset_value 
    from
        risk_assets ra1_0 
    where
        ra1_0.risk_level=?
2025-06-13T05:35:37.739Z DEBUG 5621 --- [risk-assets-api] [o-12000-exec-10] o.s.w.s.m.m.a.HttpEntityMethodProcessor  : Using 'application/json', given [*/*] and supported [application/json, application/*+json]
2025-06-13T05:35:37.739Z DEBUG 5621 --- [risk-assets-api] [o-12000-exec-10] o.s.w.s.m.m.a.HttpEntityMethodProcessor  : Writing [com.jpmc.riskassets.model.RiskAsset@5e754a66]
2025-06-13T05:35:37.740Z DEBUG 5621 --- [risk-assets-api] [o-12000-exec-10] o.s.web.servlet.DispatcherServlet        : Completed 200 OK
2025-06-13T05:35:37.741Z DEBUG 5621 --- [risk-assets-api] [io-12000-exec-9] o.s.w.s.m.m.a.HttpEntityMethodProcessor  : Using 'application/json', given [*/*] and supported [application/json, application/*+json]
2025-06-13T05:35:37.741Z DEBUG 5621 --- [risk-assets-api] [io-12000-exec-9] o.s.w.s.m.m.a.HttpEntityMethodProcessor  : Writing [[com.jpmc.riskassets.model.RiskAsset@704ab6e4, com.jpmc.riskassets.model.RiskAsset@2e0544b2, com.jpm (truncated)...]
2025-06-13T05:35:37.737Z DEBUG 5621 --- [risk-assets-api] [io-12000-exec-5] s.w.s.m.m.a.RequestMappingHandlerMapping : Mapped to com.jpmc.riskassets.controller.RiskAssetController#getRiskSummary()
2025-06-13T05:35:37.741Z DEBUG 5621 --- [risk-assets-api] [io-12000-exec-8] o.s.w.s.m.m.a.HttpEntityMethodProcessor  : Using 'application/json', given [*/*] and supported [application/json, application/*+json]
2025-06-13T05:35:37.741Z DEBUG 5621 --- [risk-assets-api] [io-12000-exec-8] o.s.w.s.m.m.a.HttpEntityMethodProcessor  : Writing [[com.jpmc.riskassets.model.RiskAsset@71396700, com.jpmc.riskassets.model.RiskAsset@122d0d53, com.jpm (truncated)...]
2025-06-13T05:35:37.742Z DEBUG 5621 --- [risk-assets-api] [io-12000-exec-9] o.s.web.servlet.DispatcherServlet        : Completed 200 OK
Hibernate: 
    select
        count(*) 
    from
        risk_assets ra1_0
2025-06-13T05:35:37.742Z DEBUG 5621 --- [risk-assets-api] [io-12000-exec-8] o.s.web.servlet.DispatcherServlet        : Completed 200 OK
Hibernate: 
    select
        sum(ra1_0.asset_value) 
    from
        risk_assets ra1_0
Hibernate: 
    select
        avg(ra1_0.risk_score) 
    from
        risk_assets ra1_0
Hibernate: 
    select
        count(ra1_0.id) 
    from
        risk_assets ra1_0 
    where
        ra1_0.risk_level=?
Hibernate: 
    select
        count(ra1_0.id) 
    from
        risk_assets ra1_0 
    where
        ra1_0.risk_level=?
Hibernate: 
    select
        count(ra1_0.id) 
    from
        risk_assets ra1_0 
    where
        ra1_0.risk_level=?
Hibernate: 
    select
        count(ra1_0.id) 
    from
        risk_assets ra1_0 
    where
        ra1_0.risk_level=?
2025-06-13T05:35:37.748Z DEBUG 5621 --- [risk-assets-api] [io-12000-exec-5] o.s.w.s.m.m.a.HttpEntityMethodProcessor  : Using 'application/json', given [*/*] and supported [application/json, application/*+json]
2025-06-13T05:35:37.748Z DEBUG 5621 --- [risk-assets-api] [io-12000-exec-5] o.s.w.s.m.m.a.HttpEntityMethodProcessor  : Writing [com.jpmc.riskassets.model.RiskSummary@2fed1d36]
2025-06-13T05:35:37.749Z DEBUG 5621 --- [risk-assets-api] [io-12000-exec-5] o.s.web.servlet.DispatcherServlet        : Completed 200 OK
2025-06-13T05:35:37.838Z DEBUG 5621 --- [risk-assets-api] [io-12000-exec-1] o.s.web.servlet.DispatcherServlet        : GET "/api/assets/1", parameters={}
2025-06-13T05:35:37.839Z DEBUG 5621 --- [risk-assets-api] [io-12000-exec-1] s.w.s.m.m.a.RequestMappingHandlerMapping : Mapped to com.jpmc.riskassets.controller.RiskAssetController#getAssetById(Long)
2025-06-13T05:35:37.839Z DEBUG 5621 --- [risk-assets-api] [io-12000-exec-7] o.s.web.servlet.DispatcherServlet        : GET "/api/assets/risk-summary", parameters={}
2025-06-13T05:35:37.839Z DEBUG 5621 --- [risk-assets-api] [io-12000-exec-9] o.s.web.servlet.DispatcherServlet        : GET "/api/assets/risk-level/HIGH", parameters={}
2025-06-13T05:35:37.839Z DEBUG 5621 --- [risk-assets-api] [io-12000-exec-7] s.w.s.m.m.a.RequestMappingHandlerMapping : Mapped to com.jpmc.riskassets.controller.RiskAssetController#getRiskSummary()
2025-06-13T05:35:37.839Z DEBUG 5621 --- [risk-assets-api] [io-12000-exec-9] s.w.s.m.m.a.RequestMappingHandlerMapping : Mapped to com.jpmc.riskassets.controller.RiskAssetController#getAssetsByRiskLevel(RiskLevel)
2025-06-13T05:35:37.840Z DEBUG 5621 --- [risk-assets-api] [o-12000-exec-10] o.s.web.servlet.DispatcherServlet        : GET "/api/assets", parameters={}
Hibernate: 
    select
        ra1_0.id,
        ra1_0.created_at,
        ra1_0.description,
        ra1_0.location,
        ra1_0.name,
        ra1_0.owner,
        ra1_0.risk_level,
        ra1_0.risk_score,
        ra1_0.type,
        ra1_0.updated_at,
        ra1_0.asset_value 
    from
        risk_assets ra1_0 
    where
        ra1_0.id=?
2025-06-13T05:35:37.840Z DEBUG 5621 --- [risk-assets-api] [o-12000-exec-10] s.w.s.m.m.a.RequestMappingHandlerMapping : Mapped to com.jpmc.riskassets.controller.RiskAssetController#getAllAssets()
Hibernate: 
    select
        ra1_0.id,
        ra1_0.created_at,
        ra1_0.description,
        ra1_0.location,
        ra1_0.name,
        ra1_0.owner,
        ra1_0.risk_level,
        ra1_0.risk_score,
        ra1_0.type,
        ra1_0.updated_at,
        ra1_0.asset_value 
    from
        risk_assets ra1_0 
    where
        ra1_0.risk_level=?
2025-06-13T05:35:37.841Z DEBUG 5621 --- [risk-assets-api] [io-12000-exec-1] o.s.w.s.m.m.a.HttpEntityMethodProcessor  : Using 'application/json', given [*/*] and supported [application/json, application/*+json]
Hibernate: 
    select
        count(*) 
    from
        risk_assets ra1_0
2025-06-13T05:35:37.841Z DEBUG 5621 --- [risk-assets-api] [io-12000-exec-1] o.s.w.s.m.m.a.HttpEntityMethodProcessor  : Writing [com.jpmc.riskassets.model.RiskAsset@58e9a79]
Hibernate: 
    select
        ra1_0.id,
        ra1_0.created_at,
        ra1_0.description,
        ra1_0.location,
        ra1_0.name,
        ra1_0.owner,
        ra1_0.risk_level,
        ra1_0.risk_score,
        ra1_0.type,
        ra1_0.updated_at,
        ra1_0.asset_value 
    from
        risk_assets ra1_0
2025-06-13T05:35:37.842Z DEBUG 5621 --- [risk-assets-api] [io-12000-exec-1] o.s.web.servlet.DispatcherServlet        : Completed 200 OK
Hibernate: 
    select
        sum(ra1_0.asset_value) 
    from
        risk_assets ra1_0
2025-06-13T05:35:37.842Z DEBUG 5621 --- [risk-assets-api] [io-12000-exec-9] o.s.w.s.m.m.a.HttpEntityMethodProcessor  : Using 'application/json', given [*/*] and supported [application/json, application/*+json]
2025-06-13T05:35:37.842Z DEBUG 5621 --- [risk-assets-api] [io-12000-exec-9] o.s.w.s.m.m.a.HttpEntityMethodProcessor  : Writing [[com.jpmc.riskassets.model.RiskAsset@56db78d8, com.jpmc.riskassets.model.RiskAsset@34f18767, com.jpm (truncated)...]
2025-06-13T05:35:37.843Z DEBUG 5621 --- [risk-assets-api] [io-12000-exec-9] o.s.web.servlet.DispatcherServlet        : Completed 200 OK
Hibernate: 
    select
        avg(ra1_0.risk_score) 
    from
        risk_assets ra1_0
Hibernate: 
    select
        count(ra1_0.id) 
    from
        risk_assets ra1_0 
    where
        ra1_0.risk_level=?
2025-06-13T05:35:37.844Z DEBUG 5621 --- [risk-assets-api] [o-12000-exec-10] o.s.w.s.m.m.a.HttpEntityMethodProcessor  : Using 'application/json', given [*/*] and supported [application/json, application/*+json]
2025-06-13T05:35:37.844Z DEBUG 5621 --- [risk-assets-api] [o-12000-exec-10] o.s.w.s.m.m.a.HttpEntityMethodProcessor  : Writing [[com.jpmc.riskassets.model.RiskAsset@20f847ab, com.jpmc.riskassets.model.RiskAsset@6799f971, com.jpm (truncated)...]
Hibernate: 
    select
        count(ra1_0.id) 
    from
        risk_assets ra1_0 
    where
        ra1_0.risk_level=?
Hibernate: 
    select
        count(ra1_0.id) 
    from
        risk_assets ra1_0 
    where
        ra1_0.risk_level=?
2025-06-13T05:35:37.847Z DEBUG 5621 --- [risk-assets-api] [o-12000-exec-10] o.s.web.servlet.DispatcherServlet        : Completed 200 OK
Hibernate: 
    select
        count(ra1_0.id) 
    from
        risk_assets ra1_0 
    where
        ra1_0.risk_level=?
2025-06-13T05:35:37.847Z DEBUG 5621 --- [risk-assets-api] [io-12000-exec-7] o.s.w.s.m.m.a.HttpEntityMethodProcessor  : Using 'application/json', given [*/*] and supported [application/json, application/*+json]
2025-06-13T05:35:37.847Z DEBUG 5621 --- [risk-assets-api] [io-12000-exec-7] o.s.w.s.m.m.a.HttpEntityMethodProcessor  : Writing [com.jpmc.riskassets.model.RiskSummary@eab28cb]
2025-06-13T05:35:37.848Z DEBUG 5621 --- [risk-assets-api] [io-12000-exec-7] o.s.web.servlet.DispatcherServlet        : Completed 200 OK
2025-06-13T05:35:37.940Z DEBUG 5621 --- [risk-assets-api] [io-12000-exec-4] o.s.web.servlet.DispatcherServlet        : GET "/api/assets", parameters={}
2025-06-13T05:35:37.940Z DEBUG 5621 --- [risk-assets-api] [io-12000-exec-1] o.s.web.servlet.DispatcherServlet        : GET "/api/assets/risk-summary", parameters={}
2025-06-13T05:35:37.940Z DEBUG 5621 --- [risk-assets-api] [io-12000-exec-4] s.w.s.m.m.a.RequestMappingHandlerMapping : Mapped to com.jpmc.riskassets.controller.RiskAssetController#getAllAssets()
2025-06-13T05:35:37.940Z DEBUG 5621 --- [risk-assets-api] [io-12000-exec-1] s.w.s.m.m.a.RequestMappingHandlerMapping : Mapped to com.jpmc.riskassets.controller.RiskAssetController#getRiskSummary()
2025-06-13T05:35:37.940Z DEBUG 5621 --- [risk-assets-api] [io-12000-exec-5] o.s.web.servlet.DispatcherServlet        : GET "/api/assets/1", parameters={}
2025-06-13T05:35:37.941Z DEBUG 5621 --- [risk-assets-api] [io-12000-exec-5] s.w.s.m.m.a.RequestMappingHandlerMapping : Mapped to com.jpmc.riskassets.controller.RiskAssetController#getAssetById(Long)
2025-06-13T05:35:37.941Z DEBUG 5621 --- [risk-assets-api] [io-12000-exec-8] o.s.web.servlet.DispatcherServlet        : GET "/api/assets/risk-level/HIGH", parameters={}
2025-06-13T05:35:37.942Z DEBUG 5621 --- [risk-assets-api] [io-12000-exec-8] s.w.s.m.m.a.RequestMappingHandlerMapping : Mapped to com.jpmc.riskassets.controller.RiskAssetController#getAssetsByRiskLevel(RiskLevel)
Hibernate: 
    select
        ra1_0.id,
        ra1_0.created_at,
        ra1_0.description,
        ra1_0.location,
        ra1_0.name,
        ra1_0.owner,
        ra1_0.risk_level,
        ra1_0.risk_score,
        ra1_0.type,
        ra1_0.updated_at,
        ra1_0.asset_value 
    from
        risk_assets ra1_0 
    where
        ra1_0.id=?
Hibernate: 
    select
        ra1_0.id,
        ra1_0.created_at,
        ra1_0.description,
        ra1_0.location,
        ra1_0.name,
        ra1_0.owner,
        ra1_0.risk_level,
        ra1_0.risk_score,
        ra1_0.type,
        ra1_0.updated_at,
        ra1_0.asset_value 
    from
        risk_assets ra1_0
2025-06-13T05:35:37.943Z DEBUG 5621 --- [risk-assets-api] [io-12000-exec-5] o.s.w.s.m.m.a.HttpEntityMethodProcessor  : Using 'application/json', given [*/*] and supported [application/json, application/*+json]
2025-06-13T05:35:37.943Z DEBUG 5621 --- [risk-assets-api] [io-12000-exec-5] o.s.w.s.m.m.a.HttpEntityMethodProcessor  : Writing [com.jpmc.riskassets.model.RiskAsset@7b843860]
Hibernate: 
    select
        ra1_0.id,
        ra1_0.created_at,
        ra1_0.description,
        ra1_0.location,
        ra1_0.name,
        ra1_0.owner,
        ra1_0.risk_level,
        ra1_0.risk_score,
        ra1_0.type,
        ra1_0.updated_at,
        ra1_0.asset_value 
    from
        risk_assets ra1_0 
    where
        ra1_0.risk_level=?
2025-06-13T05:35:37.943Z DEBUG 5621 --- [risk-assets-api] [io-12000-exec-5] o.s.web.servlet.DispatcherServlet        : Completed 200 OK
2025-06-13T05:35:37.944Z DEBUG 5621 --- [risk-assets-api] [io-12000-exec-8] o.s.w.s.m.m.a.HttpEntityMethodProcessor  : Using 'application/json', given [*/*] and supported [application/json, application/*+json]
2025-06-13T05:35:37.944Z DEBUG 5621 --- [risk-assets-api] [io-12000-exec-8] o.s.w.s.m.m.a.HttpEntityMethodProcessor  : Writing [[com.jpmc.riskassets.model.RiskAsset@1d6ff00a, com.jpmc.riskassets.model.RiskAsset@706577ca, com.jpm (truncated)...]
2025-06-13T05:35:37.944Z DEBUG 5621 --- [risk-assets-api] [io-12000-exec-8] o.s.web.servlet.DispatcherServlet        : Completed 200 OK
Hibernate: 
    select
        count(*) 
    from
        risk_assets ra1_0
2025-06-13T05:35:37.945Z DEBUG 5621 --- [risk-assets-api] [io-12000-exec-4] o.s.w.s.m.m.a.HttpEntityMethodProcessor  : Using 'application/json', given [*/*] and supported [application/json, application/*+json]
2025-06-13T05:35:37.945Z DEBUG 5621 --- [risk-assets-api] [io-12000-exec-4] o.s.w.s.m.m.a.HttpEntityMethodProcessor  : Writing [[com.jpmc.riskassets.model.RiskAsset@4f69670, com.jpmc.riskassets.model.RiskAsset@10dabebf, com.jpmc (truncated)...]
2025-06-13T05:35:37.946Z DEBUG 5621 --- [risk-assets-api] [io-12000-exec-4] o.s.web.servlet.DispatcherServlet        : Completed 200 OK
Hibernate: 
    select
        sum(ra1_0.asset_value) 
    from
        risk_assets ra1_0
Hibernate: 
    select
        avg(ra1_0.risk_score) 
    from
        risk_assets ra1_0
Hibernate: 
    select
        count(ra1_0.id) 
    from
        risk_assets ra1_0 
    where
        ra1_0.risk_level=?
Hibernate: 
    select
        count(ra1_0.id) 
    from
        risk_assets ra1_0 
    where
        ra1_0.risk_level=?
Hibernate: 
    select
        count(ra1_0.id) 
    from
        risk_assets ra1_0 
    where
        ra1_0.risk_level=?
Hibernate: 
    select
        count(ra1_0.id) 
    from
        risk_assets ra1_0 
    where
        ra1_0.risk_level=?
2025-06-13T05:35:37.951Z DEBUG 5621 --- [risk-assets-api] [io-12000-exec-1] o.s.w.s.m.m.a.HttpEntityMethodProcessor  : Using 'application/json', given [*/*] and supported [application/json, application/*+json]
2025-06-13T05:35:37.951Z DEBUG 5621 --- [risk-assets-api] [io-12000-exec-1] o.s.w.s.m.m.a.HttpEntityMethodProcessor  : Writing [com.jpmc.riskassets.model.RiskSummary@7343809a]
2025-06-13T05:35:37.952Z DEBUG 5621 --- [risk-assets-api] [io-12000-exec-1] o.s.web.servlet.DispatcherServlet        : Completed 200 OK
2025-06-13T05:35:38.043Z DEBUG 5621 --- [risk-assets-api] [io-12000-exec-5] o.s.web.servlet.DispatcherServlet        : GET "/api/assets/risk-level/HIGH", parameters={}
2025-06-13T05:35:38.043Z DEBUG 5621 --- [risk-assets-api] [io-12000-exec-5] s.w.s.m.m.a.RequestMappingHandlerMapping : Mapped to com.jpmc.riskassets.controller.RiskAssetController#getAssetsByRiskLevel(RiskLevel)
Hibernate: 
    select
        ra1_0.id,
        ra1_0.created_at,
        ra1_0.description,
        ra1_0.location,
        ra1_0.name,
        ra1_0.owner,
        ra1_0.risk_level,
        ra1_0.risk_score,
        ra1_0.type,
        ra1_0.updated_at,
        ra1_0.asset_value 
    from
        risk_assets ra1_0 
    where
        ra1_0.risk_level=?
2025-06-13T05:35:38.043Z DEBUG 5621 --- [risk-assets-api] [io-12000-exec-3] o.s.web.servlet.DispatcherServlet        : GET "/api/assets/risk-summary", parameters={}
2025-06-13T05:35:38.046Z DEBUG 5621 --- [risk-assets-api] [io-12000-exec-3] s.w.s.m.m.a.RequestMappingHandlerMapping : Mapped to com.jpmc.riskassets.controller.RiskAssetController#getRiskSummary()
Hibernate: 
    select
        count(*) 
    from
        risk_assets ra1_0
2025-06-13T05:35:38.048Z DEBUG 5621 --- [risk-assets-api] [o-12000-exec-10] o.s.web.servlet.DispatcherServlet        : GET "/api/assets", parameters={}
2025-06-13T05:35:38.048Z DEBUG 5621 --- [risk-assets-api] [io-12000-exec-9] o.s.web.servlet.DispatcherServlet        : GET "/api/assets/1", parameters={}
2025-06-13T05:35:38.048Z DEBUG 5621 --- [risk-assets-api] [o-12000-exec-10] s.w.s.m.m.a.RequestMappingHandlerMapping : Mapped to com.jpmc.riskassets.controller.RiskAssetController#getAllAssets()
Hibernate: 
    select
        sum(ra1_0.asset_value) 
    from
        risk_assets ra1_0
Hibernate: 
    select
        avg(ra1_0.risk_score) 
    from
        risk_assets ra1_0
Hibernate: 
    select
        ra1_0.id,
        ra1_0.created_at,
        ra1_0.description,
        ra1_0.location,
        ra1_0.name,
        ra1_0.owner,
        ra1_0.risk_level,
        ra1_0.risk_score,
        ra1_0.type,
        ra1_0.updated_at,
        ra1_0.asset_value 
    from
        risk_assets ra1_0
Hibernate: 
    select
        count(ra1_0.id) 
    from
        risk_assets ra1_0 
    where
        ra1_0.risk_level=?
Hibernate: 
    select
        count(ra1_0.id) 
    from
        risk_assets ra1_0 
    where
        ra1_0.risk_level=?
Hibernate: 
    select
        count(ra1_0.id) 
    from
        risk_assets ra1_0 
    where
        ra1_0.risk_level=?
Hibernate: 
    select
        count(ra1_0.id) 
    from
        risk_assets ra1_0 
    where
        ra1_0.risk_level=?
2025-06-13T05:35:38.065Z DEBUG 5621 --- [risk-assets-api] [io-12000-exec-9] s.w.s.m.m.a.RequestMappingHandlerMapping : Mapped to com.jpmc.riskassets.controller.RiskAssetController#getAssetById(Long)
Hibernate: 
    select
        ra1_0.id,
        ra1_0.created_at,
        ra1_0.description,
        ra1_0.location,
        ra1_0.name,
        ra1_0.owner,
        ra1_0.risk_level,
        ra1_0.risk_score,
        ra1_0.type,
        ra1_0.updated_at,
        ra1_0.asset_value 
    from
        risk_assets ra1_0 
    where
        ra1_0.id=?
2025-06-13T05:35:38.067Z DEBUG 5621 --- [risk-assets-api] [io-12000-exec-9] o.s.w.s.m.m.a.HttpEntityMethodProcessor  : Using 'application/json', given [*/*] and supported [application/json, application/*+json]
2025-06-13T05:35:38.067Z DEBUG 5621 --- [risk-assets-api] [io-12000-exec-9] o.s.w.s.m.m.a.HttpEntityMethodProcessor  : Writing [com.jpmc.riskassets.model.RiskAsset@5e4d6d39]
2025-06-13T05:35:38.068Z DEBUG 5621 --- [risk-assets-api] [io-12000-exec-9] o.s.web.servlet.DispatcherServlet        : Completed 200 OK
2025-06-13T05:35:38.068Z DEBUG 5621 --- [risk-assets-api] [o-12000-exec-10] o.s.w.s.m.m.a.HttpEntityMethodProcessor  : Using 'application/json', given [*/*] and supported [application/json, application/*+json]
2025-06-13T05:35:38.068Z DEBUG 5621 --- [risk-assets-api] [o-12000-exec-10] o.s.w.s.m.m.a.HttpEntityMethodProcessor  : Writing [[com.jpmc.riskassets.model.RiskAsset@732d2d73, com.jpmc.riskassets.model.RiskAsset@165fb278, com.jpm (truncated)...]
2025-06-13T05:35:38.069Z DEBUG 5621 --- [risk-assets-api] [o-12000-exec-10] o.s.web.servlet.DispatcherServlet        : Completed 200 OK
2025-06-13T05:35:38.069Z DEBUG 5621 --- [risk-assets-api] [io-12000-exec-5] o.s.w.s.m.m.a.HttpEntityMethodProcessor  : Using 'application/json', given [*/*] and supported [application/json, application/*+json]
2025-06-13T05:35:38.069Z DEBUG 5621 --- [risk-assets-api] [io-12000-exec-5] o.s.w.s.m.m.a.HttpEntityMethodProcessor  : Writing [[com.jpmc.riskassets.model.RiskAsset@63799ff3, com.jpmc.riskassets.model.RiskAsset@59141520, com.jpm (truncated)...]
2025-06-13T05:35:38.069Z DEBUG 5621 --- [risk-assets-api] [io-12000-exec-3] o.s.w.s.m.m.a.HttpEntityMethodProcessor  : Using 'application/json', given [*/*] and supported [application/json, application/*+json]
2025-06-13T05:35:38.069Z DEBUG 5621 --- [risk-assets-api] [io-12000-exec-3] o.s.w.s.m.m.a.HttpEntityMethodProcessor  : Writing [com.jpmc.riskassets.model.RiskSummary@73d440a1]
2025-06-13T05:35:38.070Z DEBUG 5621 --- [risk-assets-api] [io-12000-exec-5] o.s.web.servlet.DispatcherServlet        : Completed 200 OK
2025-06-13T05:35:38.070Z DEBUG 5621 --- [risk-assets-api] [io-12000-exec-3] o.s.web.servlet.DispatcherServlet        : Completed 200 OK
2025-06-13T05:35:38.147Z DEBUG 5621 --- [risk-assets-api] [io-12000-exec-6] o.s.web.servlet.DispatcherServlet        : GET "/api/assets/risk-summary", parameters={}
2025-06-13T05:35:38.147Z DEBUG 5621 --- [risk-assets-api] [io-12000-exec-9] o.s.web.servlet.DispatcherServlet        : GET "/api/assets", parameters={}
2025-06-13T05:35:38.147Z DEBUG 5621 --- [risk-assets-api] [io-12000-exec-1] o.s.web.servlet.DispatcherServlet        : GET "/api/assets/risk-level/HIGH", parameters={}
2025-06-13T05:35:38.147Z DEBUG 5621 --- [risk-assets-api] [io-12000-exec-6] s.w.s.m.m.a.RequestMappingHandlerMapping : Mapped to com.jpmc.riskassets.controller.RiskAssetController#getRiskSummary()
2025-06-13T05:35:38.147Z DEBUG 5621 --- [risk-assets-api] [io-12000-exec-9] s.w.s.m.m.a.RequestMappingHandlerMapping : Mapped to com.jpmc.riskassets.controller.RiskAssetController#getAllAssets()
2025-06-13T05:35:38.147Z DEBUG 5621 --- [risk-assets-api] [io-12000-exec-8] o.s.web.servlet.DispatcherServlet        : GET "/api/assets/1", parameters={}
2025-06-13T05:35:38.148Z DEBUG 5621 --- [risk-assets-api] [io-12000-exec-8] s.w.s.m.m.a.RequestMappingHandlerMapping : Mapped to com.jpmc.riskassets.controller.RiskAssetController#getAssetById(Long)
Hibernate: 
    select
        count(*) 
    from
        risk_assets ra1_0
2025-06-13T05:35:38.148Z DEBUG 5621 --- [risk-assets-api] [io-12000-exec-1] s.w.s.m.m.a.RequestMappingHandlerMapping : Mapped to com.jpmc.riskassets.controller.RiskAssetController#getAssetsByRiskLevel(RiskLevel)
Hibernate: 
    select
        sum(ra1_0.asset_value) 
    from
        risk_assets ra1_0
Hibernate: 
    select
        ra1_0.id,
        ra1_0.created_at,
        ra1_0.description,
        ra1_0.location,
        ra1_0.name,
        ra1_0.owner,
        ra1_0.risk_level,
        ra1_0.risk_score,
        ra1_0.type,
        ra1_0.updated_at,
        ra1_0.asset_value 
    from
        risk_assets ra1_0 
    where
        ra1_0.risk_level=?
Hibernate: 
    select
        ra1_0.id,
        ra1_0.created_at,
        ra1_0.description,
        ra1_0.location,
        ra1_0.name,
        ra1_0.owner,
        ra1_0.risk_level,
        ra1_0.risk_score,
        ra1_0.type,
        ra1_0.updated_at,
        ra1_0.asset_value 
    from
        risk_assets ra1_0 
    where
        ra1_0.id=?
Hibernate: 
    select
        avg(ra1_0.risk_score) 
    from
        risk_assets ra1_0
2025-06-13T05:35:38.150Z DEBUG 5621 --- [risk-assets-api] [io-12000-exec-8] o.s.w.s.m.m.a.HttpEntityMethodProcessor  : Using 'application/json', given [*/*] and supported [application/json, application/*+json]
2025-06-13T05:35:38.150Z DEBUG 5621 --- [risk-assets-api] [io-12000-exec-8] o.s.w.s.m.m.a.HttpEntityMethodProcessor  : Writing [com.jpmc.riskassets.model.RiskAsset@7f189a00]
2025-06-13T05:35:38.150Z DEBUG 5621 --- [risk-assets-api] [io-12000-exec-1] o.s.w.s.m.m.a.HttpEntityMethodProcessor  : Using 'application/json', given [*/*] and supported [application/json, application/*+json]
2025-06-13T05:35:38.151Z DEBUG 5621 --- [risk-assets-api] [io-12000-exec-1] o.s.w.s.m.m.a.HttpEntityMethodProcessor  : Writing [[com.jpmc.riskassets.model.RiskAsset@35c03cdb, com.jpmc.riskassets.model.RiskAsset@e75a795, com.jpmc (truncated)...]
2025-06-13T05:35:38.151Z DEBUG 5621 --- [risk-assets-api] [io-12000-exec-8] o.s.web.servlet.DispatcherServlet        : Completed 200 OK
2025-06-13T05:35:38.151Z DEBUG 5621 --- [risk-assets-api] [io-12000-exec-1] o.s.web.servlet.DispatcherServlet        : Completed 200 OK
Hibernate: 
    select
        count(ra1_0.id) 
    from
        risk_assets ra1_0 
    where
        ra1_0.risk_level=?
Hibernate: 
    select
        count(ra1_0.id) 
    from
        risk_assets ra1_0 
    where
        ra1_0.risk_level=?
Hibernate: 
    select
        count(ra1_0.id) 
    from
        risk_assets ra1_0 
    where
        ra1_0.risk_level=?
Hibernate: 
    select
        count(ra1_0.id) 
    from
        risk_assets ra1_0 
    where
        ra1_0.risk_level=?
Hibernate: 
    select
        ra1_0.id,
        ra1_0.created_at,
        ra1_0.description,
        ra1_0.location,
        ra1_0.name,
        ra1_0.owner,
        ra1_0.risk_level,
        ra1_0.risk_score,
        ra1_0.type,
        ra1_0.updated_at,
        ra1_0.asset_value 
    from
        risk_assets ra1_0
2025-06-13T05:35:38.154Z DEBUG 5621 --- [risk-assets-api] [io-12000-exec-6] o.s.w.s.m.m.a.HttpEntityMethodProcessor  : Using 'application/json', given [*/*] and supported [application/json, application/*+json]
2025-06-13T05:35:38.154Z DEBUG 5621 --- [risk-assets-api] [io-12000-exec-6] o.s.w.s.m.m.a.HttpEntityMethodProcessor  : Writing [com.jpmc.riskassets.model.RiskSummary@1972971c]
2025-06-13T05:35:38.155Z DEBUG 5621 --- [risk-assets-api] [io-12000-exec-6] o.s.web.servlet.DispatcherServlet        : Completed 200 OK
2025-06-13T05:35:38.155Z DEBUG 5621 --- [risk-assets-api] [io-12000-exec-9] o.s.w.s.m.m.a.HttpEntityMethodProcessor  : Using 'application/json', given [*/*] and supported [application/json, application/*+json]
2025-06-13T05:35:38.155Z DEBUG 5621 --- [risk-assets-api] [io-12000-exec-9] o.s.w.s.m.m.a.HttpEntityMethodProcessor  : Writing [[com.jpmc.riskassets.model.RiskAsset@72c73703, com.jpmc.riskassets.model.RiskAsset@24a49849, com.jpm (truncated)...]
2025-06-13T05:35:38.156Z DEBUG 5621 --- [risk-assets-api] [io-12000-exec-9] o.s.web.servlet.DispatcherServlet        : Completed 200 OK
2025-06-13T05:35:38.248Z DEBUG 5621 --- [risk-assets-api] [io-12000-exec-1] o.s.web.servlet.DispatcherServlet        : GET "/api/assets/risk-summary", parameters={}
2025-06-13T05:35:38.249Z DEBUG 5621 --- [risk-assets-api] [io-12000-exec-1] s.w.s.m.m.a.RequestMappingHandlerMapping : Mapped to com.jpmc.riskassets.controller.RiskAssetController#getRiskSummary()
2025-06-13T05:35:38.248Z DEBUG 5621 --- [risk-assets-api] [io-12000-exec-8] o.s.web.servlet.DispatcherServlet        : GET "/api/assets/1", parameters={}
2025-06-13T05:35:38.249Z DEBUG 5621 --- [risk-assets-api] [io-12000-exec-7] o.s.web.servlet.DispatcherServlet        : GET "/api/assets", parameters={}
2025-06-13T05:35:38.248Z DEBUG 5621 --- [risk-assets-api] [o-12000-exec-10] o.s.web.servlet.DispatcherServlet        : GET "/api/assets/risk-level/HIGH", parameters={}
2025-06-13T05:35:38.249Z DEBUG 5621 --- [risk-assets-api] [io-12000-exec-7] s.w.s.m.m.a.RequestMappingHandlerMapping : Mapped to com.jpmc.riskassets.controller.RiskAssetController#getAllAssets()
2025-06-13T05:35:38.249Z DEBUG 5621 --- [risk-assets-api] [io-12000-exec-8] s.w.s.m.m.a.RequestMappingHandlerMapping : Mapped to com.jpmc.riskassets.controller.RiskAssetController#getAssetById(Long)
2025-06-13T05:35:38.249Z DEBUG 5621 --- [risk-assets-api] [o-12000-exec-10] s.w.s.m.m.a.RequestMappingHandlerMapping : Mapped to com.jpmc.riskassets.controller.RiskAssetController#getAssetsByRiskLevel(RiskLevel)
Hibernate: 
    select
        count(*) 
    from
        risk_assets ra1_0
Hibernate: 
    select
        ra1_0.id,
        ra1_0.created_at,
        ra1_0.description,
        ra1_0.location,
        ra1_0.name,
        ra1_0.owner,
        ra1_0.risk_level,
        ra1_0.risk_score,
        ra1_0.type,
        ra1_0.updated_at,
        ra1_0.asset_value 
    from
        risk_assets ra1_0 
    where
        ra1_0.id=?
Hibernate: 
    select
        ra1_0.id,
        ra1_0.created_at,
        ra1_0.description,
        ra1_0.location,
        ra1_0.name,
        ra1_0.owner,
        ra1_0.risk_level,
        ra1_0.risk_score,
        ra1_0.type,
        ra1_0.updated_at,
        ra1_0.asset_value 
    from
        risk_assets ra1_0
Hibernate: 
    select
        ra1_0.id,
        ra1_0.created_at,
        ra1_0.description,
        ra1_0.location,
        ra1_0.name,
        ra1_0.owner,
        ra1_0.risk_level,
        ra1_0.risk_score,
        ra1_0.type,
        ra1_0.updated_at,
        ra1_0.asset_value 
    from
        risk_assets ra1_0 
    where
        ra1_0.risk_level=?
2025-06-13T05:35:38.251Z DEBUG 5621 --- [risk-assets-api] [io-12000-exec-8] o.s.w.s.m.m.a.HttpEntityMethodProcessor  : Using 'application/json', given [*/*] and supported [application/json, application/*+json]
Hibernate: 
    select
        sum(ra1_0.asset_value) 
    from
        risk_assets ra1_0
2025-06-13T05:35:38.251Z DEBUG 5621 --- [risk-assets-api] [io-12000-exec-8] o.s.w.s.m.m.a.HttpEntityMethodProcessor  : Writing [com.jpmc.riskassets.model.RiskAsset@6d45dae]
2025-06-13T05:35:38.251Z DEBUG 5621 --- [risk-assets-api] [o-12000-exec-10] o.s.w.s.m.m.a.HttpEntityMethodProcessor  : Using 'application/json', given [*/*] and supported [application/json, application/*+json]
2025-06-13T05:35:38.251Z DEBUG 5621 --- [risk-assets-api] [o-12000-exec-10] o.s.w.s.m.m.a.HttpEntityMethodProcessor  : Writing [[com.jpmc.riskassets.model.RiskAsset@1a1d6578, com.jpmc.riskassets.model.RiskAsset@4bda2c00, com.jpm (truncated)...]
2025-06-13T05:35:38.252Z DEBUG 5621 --- [risk-assets-api] [io-12000-exec-7] o.s.w.s.m.m.a.HttpEntityMethodProcessor  : Using 'application/json', given [*/*] and supported [application/json, application/*+json]
2025-06-13T05:35:38.252Z DEBUG 5621 --- [risk-assets-api] [io-12000-exec-7] o.s.w.s.m.m.a.HttpEntityMethodProcessor  : Writing [[com.jpmc.riskassets.model.RiskAsset@616d12e9, com.jpmc.riskassets.model.RiskAsset@454c4f14, com.jpm (truncated)...]
2025-06-13T05:35:38.252Z DEBUG 5621 --- [risk-assets-api] [io-12000-exec-8] o.s.web.servlet.DispatcherServlet        : Completed 200 OK
2025-06-13T05:35:38.252Z DEBUG 5621 --- [risk-assets-api] [o-12000-exec-10] o.s.web.servlet.DispatcherServlet        : Completed 200 OK
Hibernate: 
    select
        avg(ra1_0.risk_score) 
    from
        risk_assets ra1_0
Hibernate: 
    select
        count(ra1_0.id) 
    from
        risk_assets ra1_0 
    where
        ra1_0.risk_level=?
Hibernate: 
    select
        count(ra1_0.id) 
    from
        risk_assets ra1_0 
    where
        ra1_0.risk_level=?
2025-06-13T05:35:38.255Z DEBUG 5621 --- [risk-assets-api] [io-12000-exec-7] o.s.web.servlet.DispatcherServlet        : Completed 200 OK
Hibernate: 
    select
        count(ra1_0.id) 
    from
        risk_assets ra1_0 
    where
        ra1_0.risk_level=?
Hibernate: 
    select
        count(ra1_0.id) 
    from
        risk_assets ra1_0 
    where
        ra1_0.risk_level=?
2025-06-13T05:35:38.257Z DEBUG 5621 --- [risk-assets-api] [io-12000-exec-1] o.s.w.s.m.m.a.HttpEntityMethodProcessor  : Using 'application/json', given [*/*] and supported [application/json, application/*+json]
2025-06-13T05:35:38.257Z DEBUG 5621 --- [risk-assets-api] [io-12000-exec-1] o.s.w.s.m.m.a.HttpEntityMethodProcessor  : Writing [com.jpmc.riskassets.model.RiskSummary@6aa434df]
2025-06-13T05:35:38.257Z DEBUG 5621 --- [risk-assets-api] [io-12000-exec-1] o.s.web.servlet.DispatcherServlet        : Completed 200 OK
2025-06-13T05:35:38.357Z DEBUG 5621 --- [risk-assets-api] [io-12000-exec-4] o.s.web.servlet.DispatcherServlet        : GET "/api/assets/risk-summary", parameters={}
2025-06-13T05:35:38.357Z DEBUG 5621 --- [risk-assets-api] [io-12000-exec-2] o.s.web.servlet.DispatcherServlet        : GET "/api/assets/risk-level/HIGH", parameters={}
2025-06-13T05:35:38.357Z DEBUG 5621 --- [risk-assets-api] [io-12000-exec-4] s.w.s.m.m.a.RequestMappingHandlerMapping : Mapped to com.jpmc.riskassets.controller.RiskAssetController#getRiskSummary()
2025-06-13T05:35:38.358Z DEBUG 5621 --- [risk-assets-api] [io-12000-exec-8] o.s.web.servlet.DispatcherServlet        : GET "/api/assets", parameters={}
2025-06-13T05:35:38.358Z DEBUG 5621 --- [risk-assets-api] [io-12000-exec-8] s.w.s.m.m.a.RequestMappingHandlerMapping : Mapped to com.jpmc.riskassets.controller.RiskAssetController#getAllAssets()
Hibernate: 
    select
        count(*) 
    from
        risk_assets ra1_0
Hibernate: 
    select
        ra1_0.id,
        ra1_0.created_at,
        ra1_0.description,
        ra1_0.location,
        ra1_0.name,
        ra1_0.owner,
        ra1_0.risk_level,
        ra1_0.risk_score,
        ra1_0.type,
        ra1_0.updated_at,
        ra1_0.asset_value 
    from
        risk_assets ra1_0
Hibernate: 
    select
        sum(ra1_0.asset_value) 
    from
        risk_assets ra1_0
2025-06-13T05:35:38.360Z DEBUG 5621 --- [risk-assets-api] [io-12000-exec-8] o.s.w.s.m.m.a.HttpEntityMethodProcessor  : Using 'application/json', given [*/*] and supported [application/json, application/*+json]
Hibernate: 
    select
        avg(ra1_0.risk_score) 
    from
        risk_assets ra1_0
2025-06-13T05:35:38.361Z DEBUG 5621 --- [risk-assets-api] [io-12000-exec-8] o.s.w.s.m.m.a.HttpEntityMethodProcessor  : Writing [[com.jpmc.riskassets.model.RiskAsset@1b23685, com.jpmc.riskassets.model.RiskAsset@b87e36d, com.jpmc. (truncated)...]
2025-06-13T05:35:38.361Z DEBUG 5621 --- [risk-assets-api] [io-12000-exec-2] s.w.s.m.m.a.RequestMappingHandlerMapping : Mapped to com.jpmc.riskassets.controller.RiskAssetController#getAssetsByRiskLevel(RiskLevel)
2025-06-13T05:35:38.362Z DEBUG 5621 --- [risk-assets-api] [o-12000-exec-10] o.s.web.servlet.DispatcherServlet        : GET "/api/assets/1", parameters={}
2025-06-13T05:35:38.362Z DEBUG 5621 --- [risk-assets-api] [o-12000-exec-10] s.w.s.m.m.a.RequestMappingHandlerMapping : Mapped to com.jpmc.riskassets.controller.RiskAssetController#getAssetById(Long)
Hibernate: 
    select
        ra1_0.id,
        ra1_0.created_at,
        ra1_0.description,
        ra1_0.location,
        ra1_0.name,
        ra1_0.owner,
        ra1_0.risk_level,
        ra1_0.risk_score,
        ra1_0.type,
        ra1_0.updated_at,
        ra1_0.asset_value 
    from
        risk_assets ra1_0 
    where
        ra1_0.id=?
2025-06-13T05:35:38.364Z DEBUG 5621 --- [risk-assets-api] [io-12000-exec-8] o.s.web.servlet.DispatcherServlet        : Completed 200 OK
2025-06-13T05:35:38.364Z DEBUG 5621 --- [risk-assets-api] [o-12000-exec-10] o.s.w.s.m.m.a.HttpEntityMethodProcessor  : Using 'application/json', given [*/*] and supported [application/json, application/*+json]
2025-06-13T05:35:38.364Z DEBUG 5621 --- [risk-assets-api] [o-12000-exec-10] o.s.w.s.m.m.a.HttpEntityMethodProcessor  : Writing [com.jpmc.riskassets.model.RiskAsset@285ceb8e]
2025-06-13T05:35:38.364Z DEBUG 5621 --- [risk-assets-api] [o-12000-exec-10] o.s.web.servlet.DispatcherServlet        : Completed 200 OK
Hibernate: 
    select
        ra1_0.id,
        ra1_0.created_at,
        ra1_0.description,
        ra1_0.location,
        ra1_0.name,
        ra1_0.owner,
        ra1_0.risk_level,
        ra1_0.risk_score,
        ra1_0.type,
        ra1_0.updated_at,
        ra1_0.asset_value 
    from
        risk_assets ra1_0 
    where
        ra1_0.risk_level=?
2025-06-13T05:35:38.365Z DEBUG 5621 --- [risk-assets-api] [io-12000-exec-2] o.s.w.s.m.m.a.HttpEntityMethodProcessor  : Using 'application/json', given [*/*] and supported [application/json, application/*+json]
2025-06-13T05:35:38.365Z DEBUG 5621 --- [risk-assets-api] [io-12000-exec-2] o.s.w.s.m.m.a.HttpEntityMethodProcessor  : Writing [[com.jpmc.riskassets.model.RiskAsset@6223359e, com.jpmc.riskassets.model.RiskAsset@16d48b57, com.jpm (truncated)...]
2025-06-13T05:35:38.366Z DEBUG 5621 --- [risk-assets-api] [io-12000-exec-2] o.s.web.servlet.DispatcherServlet        : Completed 200 OK
Hibernate: 
    select
        count(ra1_0.id) 
    from
        risk_assets ra1_0 
    where
        ra1_0.risk_level=?
Hibernate: 
    select
        count(ra1_0.id) 
    from
        risk_assets ra1_0 
    where
        ra1_0.risk_level=?
Hibernate: 
    select
        count(ra1_0.id) 
    from
        risk_assets ra1_0 
    where
        ra1_0.risk_level=?
Hibernate: 
    select
        count(ra1_0.id) 
    from
        risk_assets ra1_0 
    where
        ra1_0.risk_level=?
2025-06-13T05:35:38.369Z DEBUG 5621 --- [risk-assets-api] [io-12000-exec-4] o.s.w.s.m.m.a.HttpEntityMethodProcessor  : Using 'application/json', given [*/*] and supported [application/json, application/*+json]
2025-06-13T05:35:38.370Z DEBUG 5621 --- [risk-assets-api] [io-12000-exec-4] o.s.w.s.m.m.a.HttpEntityMethodProcessor  : Writing [com.jpmc.riskassets.model.RiskSummary@7358b8a8]
2025-06-13T05:35:38.370Z DEBUG 5621 --- [risk-assets-api] [io-12000-exec-4] o.s.web.servlet.DispatcherServlet        : Completed 200 OK
2025-06-13T05:35:38.459Z DEBUG 5621 --- [risk-assets-api] [o-12000-exec-10] o.s.web.servlet.DispatcherServlet        : GET "/api/assets/risk-summary", parameters={}
2025-06-13T05:35:38.460Z DEBUG 5621 --- [risk-assets-api] [io-12000-exec-2] o.s.web.servlet.DispatcherServlet        : GET "/api/assets/risk-level/HIGH", parameters={}
2025-06-13T05:35:38.460Z DEBUG 5621 --- [risk-assets-api] [io-12000-exec-9] o.s.web.servlet.DispatcherServlet        : GET "/api/assets/1", parameters={}
2025-06-13T05:35:38.460Z DEBUG 5621 --- [risk-assets-api] [o-12000-exec-10] s.w.s.m.m.a.RequestMappingHandlerMapping : Mapped to com.jpmc.riskassets.controller.RiskAssetController#getRiskSummary()
2025-06-13T05:35:38.460Z DEBUG 5621 --- [risk-assets-api] [io-12000-exec-2] s.w.s.m.m.a.RequestMappingHandlerMapping : Mapped to com.jpmc.riskassets.controller.RiskAssetController#getAssetsByRiskLevel(RiskLevel)
Hibernate: 
    select
        count(*) 
    from
        risk_assets ra1_0
2025-06-13T05:35:38.459Z DEBUG 5621 --- [risk-assets-api] [io-12000-exec-1] o.s.web.servlet.DispatcherServlet        : GET "/api/assets", parameters={}
2025-06-13T05:35:38.461Z DEBUG 5621 --- [risk-assets-api] [io-12000-exec-1] s.w.s.m.m.a.RequestMappingHandlerMapping : Mapped to com.jpmc.riskassets.controller.RiskAssetController#getAllAssets()
Hibernate: 
    select
        ra1_0.id,
        ra1_0.created_at,
        ra1_0.description,
        ra1_0.location,
        ra1_0.name,
        ra1_0.owner,
        ra1_0.risk_level,
        ra1_0.risk_score,
        ra1_0.type,
        ra1_0.updated_at,
        ra1_0.asset_value 
    from
        risk_assets ra1_0 
    where
        ra1_0.risk_level=?
Hibernate: 
    select
        ra1_0.id,
        ra1_0.created_at,
        ra1_0.description,
        ra1_0.location,
        ra1_0.name,
        ra1_0.owner,
        ra1_0.risk_level,
        ra1_0.risk_score,
        ra1_0.type,
        ra1_0.updated_at,
        ra1_0.asset_value 
    from
        risk_assets ra1_0
Hibernate: 
    select
        sum(ra1_0.asset_value) 
    from
        risk_assets ra1_0
2025-06-13T05:35:38.462Z DEBUG 5621 --- [risk-assets-api] [io-12000-exec-2] o.s.w.s.m.m.a.HttpEntityMethodProcessor  : Using 'application/json', given [*/*] and supported [application/json, application/*+json]
2025-06-13T05:35:38.462Z DEBUG 5621 --- [risk-assets-api] [io-12000-exec-2] o.s.w.s.m.m.a.HttpEntityMethodProcessor  : Writing [[com.jpmc.riskassets.model.RiskAsset@214e2d74, com.jpmc.riskassets.model.RiskAsset@77632732, com.jpm (truncated)...]
Hibernate: 
    select
        avg(ra1_0.risk_score) 
    from
        risk_assets ra1_0
2025-06-13T05:35:38.463Z DEBUG 5621 --- [risk-assets-api] [io-12000-exec-1] o.s.w.s.m.m.a.HttpEntityMethodProcessor  : Using 'application/json', given [*/*] and supported [application/json, application/*+json]
2025-06-13T05:35:38.463Z DEBUG 5621 --- [risk-assets-api] [io-12000-exec-1] o.s.w.s.m.m.a.HttpEntityMethodProcessor  : Writing [[com.jpmc.riskassets.model.RiskAsset@e22ecd5, com.jpmc.riskassets.model.RiskAsset@54f2c50b, com.jpmc (truncated)...]
2025-06-13T05:35:38.463Z DEBUG 5621 --- [risk-assets-api] [io-12000-exec-2] o.s.web.servlet.DispatcherServlet        : Completed 200 OK
Hibernate: 
    select
        count(ra1_0.id) 
    from
        risk_assets ra1_0 
    where
        ra1_0.risk_level=?
2025-06-13T05:35:38.463Z DEBUG 5621 --- [risk-assets-api] [io-12000-exec-1] o.s.web.servlet.DispatcherServlet        : Completed 200 OK
2025-06-13T05:35:38.460Z DEBUG 5621 --- [risk-assets-api] [io-12000-exec-9] s.w.s.m.m.a.RequestMappingHandlerMapping : Mapped to com.jpmc.riskassets.controller.RiskAssetController#getAssetById(Long)
Hibernate: 
    select
        count(ra1_0.id) 
    from
        risk_assets ra1_0 
    where
        ra1_0.risk_level=?
Hibernate: 
    select
        ra1_0.id,
        ra1_0.created_at,
        ra1_0.description,
        ra1_0.location,
        ra1_0.name,
        ra1_0.owner,
        ra1_0.risk_level,
        ra1_0.risk_score,
        ra1_0.type,
        ra1_0.updated_at,
        ra1_0.asset_value 
    from
        risk_assets ra1_0 
    where
        ra1_0.id=?
Hibernate: 
    select
        count(ra1_0.id) 
    from
        risk_assets ra1_0 
    where
        ra1_0.risk_level=?
2025-06-13T05:35:38.465Z DEBUG 5621 --- [risk-assets-api] [io-12000-exec-9] o.s.w.s.m.m.a.HttpEntityMethodProcessor  : Using 'application/json', given [*/*] and supported [application/json, application/*+json]
2025-06-13T05:35:38.465Z DEBUG 5621 --- [risk-assets-api] [io-12000-exec-9] o.s.w.s.m.m.a.HttpEntityMethodProcessor  : Writing [com.jpmc.riskassets.model.RiskAsset@68a97dab]
2025-06-13T05:35:38.466Z DEBUG 5621 --- [risk-assets-api] [io-12000-exec-9] o.s.web.servlet.DispatcherServlet        : Completed 200 OK
Hibernate: 
    select
        count(ra1_0.id) 
    from
        risk_assets ra1_0 
    where
        ra1_0.risk_level=?
2025-06-13T05:35:38.467Z DEBUG 5621 --- [risk-assets-api] [o-12000-exec-10] o.s.w.s.m.m.a.HttpEntityMethodProcessor  : Using 'application/json', given [*/*] and supported [application/json, application/*+json]
2025-06-13T05:35:38.467Z DEBUG 5621 --- [risk-assets-api] [o-12000-exec-10] o.s.w.s.m.m.a.HttpEntityMethodProcessor  : Writing [com.jpmc.riskassets.model.RiskSummary@65aff598]
2025-06-13T05:35:38.467Z DEBUG 5621 --- [risk-assets-api] [o-12000-exec-10] o.s.web.servlet.DispatcherServlet        : Completed 200 OK
2025-06-13T05:35:38.561Z DEBUG 5621 --- [risk-assets-api] [io-12000-exec-8] o.s.web.servlet.DispatcherServlet        : GET "/api/assets/risk-level/HIGH", parameters={}
2025-06-13T05:35:38.561Z DEBUG 5621 --- [risk-assets-api] [io-12000-exec-1] o.s.web.servlet.DispatcherServlet        : GET "/api/assets", parameters={}
2025-06-13T05:35:38.562Z DEBUG 5621 --- [risk-assets-api] [io-12000-exec-8] s.w.s.m.m.a.RequestMappingHandlerMapping : Mapped to com.jpmc.riskassets.controller.RiskAssetController#getAssetsByRiskLevel(RiskLevel)
2025-06-13T05:35:38.562Z DEBUG 5621 --- [risk-assets-api] [io-12000-exec-1] s.w.s.m.m.a.RequestMappingHandlerMapping : Mapped to com.jpmc.riskassets.controller.RiskAssetController#getAllAssets()
2025-06-13T05:35:38.561Z DEBUG 5621 --- [risk-assets-api] [io-12000-exec-4] o.s.web.servlet.DispatcherServlet        : GET "/api/assets/risk-summary", parameters={}
2025-06-13T05:35:38.562Z DEBUG 5621 --- [risk-assets-api] [io-12000-exec-4] s.w.s.m.m.a.RequestMappingHandlerMapping : Mapped to com.jpmc.riskassets.controller.RiskAssetController#getRiskSummary()
2025-06-13T05:35:38.561Z DEBUG 5621 --- [risk-assets-api] [io-12000-exec-3] o.s.web.servlet.DispatcherServlet        : GET "/api/assets/1", parameters={}
Hibernate: 
    select
        count(*) 
    from
        risk_assets ra1_0
Hibernate: 
    select
        ra1_0.id,
        ra1_0.created_at,
        ra1_0.description,
        ra1_0.location,
        ra1_0.name,
        ra1_0.owner,
        ra1_0.risk_level,
        ra1_0.risk_score,
        ra1_0.type,
        ra1_0.updated_at,
        ra1_0.asset_value 
    from
        risk_assets ra1_0
Hibernate: 
    select
        ra1_0.id,
        ra1_0.created_at,
        ra1_0.description,
        ra1_0.location,
        ra1_0.name,
        ra1_0.owner,
        ra1_0.risk_level,
        ra1_0.risk_score,
        ra1_0.type,
        ra1_0.updated_at,
        ra1_0.asset_value 
    from
        risk_assets ra1_0 
    where
        ra1_0.risk_level=?
Hibernate: 
    select
        sum(ra1_0.asset_value) 
    from
        risk_assets ra1_0
2025-06-13T05:35:38.564Z DEBUG 5621 --- [risk-assets-api] [io-12000-exec-8] o.s.w.s.m.m.a.HttpEntityMethodProcessor  : Using 'application/json', given [*/*] and supported [application/json, application/*+json]
2025-06-13T05:35:38.564Z DEBUG 5621 --- [risk-assets-api] [io-12000-exec-8] o.s.w.s.m.m.a.HttpEntityMethodProcessor  : Writing [[com.jpmc.riskassets.model.RiskAsset@5b97db11, com.jpmc.riskassets.model.RiskAsset@15899042, com.jpm (truncated)...]
2025-06-13T05:35:38.564Z DEBUG 5621 --- [risk-assets-api] [io-12000-exec-1] o.s.w.s.m.m.a.HttpEntityMethodProcessor  : Using 'application/json', given [*/*] and supported [application/json, application/*+json]
2025-06-13T05:35:38.564Z DEBUG 5621 --- [risk-assets-api] [io-12000-exec-1] o.s.w.s.m.m.a.HttpEntityMethodProcessor  : Writing [[com.jpmc.riskassets.model.RiskAsset@59e0b7cc, com.jpmc.riskassets.model.RiskAsset@3602c37b, com.jpm (truncated)...]
Hibernate: 
    select
        avg(ra1_0.risk_score) 
    from
        risk_assets ra1_0
2025-06-13T05:35:38.565Z DEBUG 5621 --- [risk-assets-api] [io-12000-exec-8] o.s.web.servlet.DispatcherServlet        : Completed 200 OK
2025-06-13T05:35:38.565Z DEBUG 5621 --- [risk-assets-api] [io-12000-exec-1] o.s.web.servlet.DispatcherServlet        : Completed 200 OK
2025-06-13T05:35:38.565Z DEBUG 5621 --- [risk-assets-api] [io-12000-exec-3] s.w.s.m.m.a.RequestMappingHandlerMapping : Mapped to com.jpmc.riskassets.controller.RiskAssetController#getAssetById(Long)
Hibernate: 
    select
        count(ra1_0.id) 
    from
        risk_assets ra1_0 
    where
        ra1_0.risk_level=?
Hibernate: 
    select
        ra1_0.id,
        ra1_0.created_at,
        ra1_0.description,
        ra1_0.location,
        ra1_0.name,
        ra1_0.owner,
        ra1_0.risk_level,
        ra1_0.risk_score,
        ra1_0.type,
        ra1_0.updated_at,
        ra1_0.asset_value 
    from
        risk_assets ra1_0 
    where
        ra1_0.id=?
Hibernate: 
    select
        count(ra1_0.id) 
    from
        risk_assets ra1_0 
    where
        ra1_0.risk_level=?
2025-06-13T05:35:38.566Z DEBUG 5621 --- [risk-assets-api] [io-12000-exec-3] o.s.w.s.m.m.a.HttpEntityMethodProcessor  : Using 'application/json', given [*/*] and supported [application/json, application/*+json]
2025-06-13T05:35:38.566Z DEBUG 5621 --- [risk-assets-api] [io-12000-exec-3] o.s.w.s.m.m.a.HttpEntityMethodProcessor  : Writing [com.jpmc.riskassets.model.RiskAsset@22a3113b]
2025-06-13T05:35:38.567Z DEBUG 5621 --- [risk-assets-api] [io-12000-exec-3] o.s.web.servlet.DispatcherServlet        : Completed 200 OK
Hibernate: 
    select
        count(ra1_0.id) 
    from
        risk_assets ra1_0 
    where
        ra1_0.risk_level=?
Hibernate: 
    select
        count(ra1_0.id) 
    from
        risk_assets ra1_0 
    where
        ra1_0.risk_level=?
2025-06-13T05:35:38.568Z DEBUG 5621 --- [risk-assets-api] [io-12000-exec-4] o.s.w.s.m.m.a.HttpEntityMethodProcessor  : Using 'application/json', given [*/*] and supported [application/json, application/*+json]
2025-06-13T05:35:38.568Z DEBUG 5621 --- [risk-assets-api] [io-12000-exec-4] o.s.w.s.m.m.a.HttpEntityMethodProcessor  : Writing [com.jpmc.riskassets.model.RiskSummary@6268927f]
2025-06-13T05:35:38.569Z DEBUG 5621 --- [risk-assets-api] [io-12000-exec-4] o.s.web.servlet.DispatcherServlet        : Completed 200 OK
2025-06-13T05:35:38.663Z DEBUG 5621 --- [risk-assets-api] [io-12000-exec-1] o.s.web.servlet.DispatcherServlet        : GET "/api/assets/1", parameters={}
2025-06-13T05:35:38.663Z DEBUG 5621 --- [risk-assets-api] [io-12000-exec-3] o.s.web.servlet.DispatcherServlet        : GET "/api/assets/risk-level/HIGH", parameters={}
2025-06-13T05:35:38.663Z DEBUG 5621 --- [risk-assets-api] [io-12000-exec-7] o.s.web.servlet.DispatcherServlet        : GET "/api/assets", parameters={}
2025-06-13T05:35:38.663Z DEBUG 5621 --- [risk-assets-api] [io-12000-exec-1] s.w.s.m.m.a.RequestMappingHandlerMapping : Mapped to com.jpmc.riskassets.controller.RiskAssetController#getAssetById(Long)
2025-06-13T05:35:38.663Z DEBUG 5621 --- [risk-assets-api] [io-12000-exec-3] s.w.s.m.m.a.RequestMappingHandlerMapping : Mapped to com.jpmc.riskassets.controller.RiskAssetController#getAssetsByRiskLevel(RiskLevel)
2025-06-13T05:35:38.663Z DEBUG 5621 --- [risk-assets-api] [io-12000-exec-7] s.w.s.m.m.a.RequestMappingHandlerMapping : Mapped to com.jpmc.riskassets.controller.RiskAssetController#getAllAssets()
Hibernate: 
    select
        ra1_0.id,
        ra1_0.created_at,
        ra1_0.description,
        ra1_0.location,
        ra1_0.name,
        ra1_0.owner,
        ra1_0.risk_level,
        ra1_0.risk_score,
        ra1_0.type,
        ra1_0.updated_at,
        ra1_0.asset_value 
    from
        risk_assets ra1_0 
    where
        ra1_0.id=?
2025-06-13T05:35:38.663Z DEBUG 5621 --- [risk-assets-api] [io-12000-exec-6] o.s.web.servlet.DispatcherServlet        : GET "/api/assets/risk-summary", parameters={}
2025-06-13T05:35:38.665Z DEBUG 5621 --- [risk-assets-api] [io-12000-exec-6] s.w.s.m.m.a.RequestMappingHandlerMapping : Mapped to com.jpmc.riskassets.controller.RiskAssetController#getRiskSummary()
Hibernate: 
    select
        ra1_0.id,
        ra1_0.created_at,
        ra1_0.description,
        ra1_0.location,
        ra1_0.name,
        ra1_0.owner,
        ra1_0.risk_level,
        ra1_0.risk_score,
        ra1_0.type,
        ra1_0.updated_at,
        ra1_0.asset_value 
    from
        risk_assets ra1_0 
    where
        ra1_0.risk_level=?
Hibernate: 
    select
        count(*) 
    from
        risk_assets ra1_0
Hibernate: 
    select
        ra1_0.id,
        ra1_0.created_at,
        ra1_0.description,
        ra1_0.location,
        ra1_0.name,
        ra1_0.owner,
        ra1_0.risk_level,
        ra1_0.risk_score,
        ra1_0.type,
        ra1_0.updated_at,
        ra1_0.asset_value 
    from
        risk_assets ra1_0
Hibernate: 
    select
        sum(ra1_0.asset_value) 
    from
        risk_assets ra1_0
2025-06-13T05:35:38.666Z DEBUG 5621 --- [risk-assets-api] [io-12000-exec-3] o.s.w.s.m.m.a.HttpEntityMethodProcessor  : Using 'application/json', given [*/*] and supported [application/json, application/*+json]
2025-06-13T05:35:38.666Z DEBUG 5621 --- [risk-assets-api] [io-12000-exec-1] o.s.w.s.m.m.a.HttpEntityMethodProcessor  : Using 'application/json', given [*/*] and supported [application/json, application/*+json]
2025-06-13T05:35:38.667Z DEBUG 5621 --- [risk-assets-api] [io-12000-exec-3] o.s.w.s.m.m.a.HttpEntityMethodProcessor  : Writing [[com.jpmc.riskassets.model.RiskAsset@482fb171, com.jpmc.riskassets.model.RiskAsset@421226b0, com.jpm (truncated)...]
2025-06-13T05:35:38.667Z DEBUG 5621 --- [risk-assets-api] [io-12000-exec-1] o.s.w.s.m.m.a.HttpEntityMethodProcessor  : Writing [com.jpmc.riskassets.model.RiskAsset@41b269a8]
Hibernate: 
    select
        avg(ra1_0.risk_score) 
    from
        risk_assets ra1_0
2025-06-13T05:35:38.667Z DEBUG 5621 --- [risk-assets-api] [io-12000-exec-7] o.s.w.s.m.m.a.HttpEntityMethodProcessor  : Using 'application/json', given [*/*] and supported [application/json, application/*+json]
2025-06-13T05:35:38.667Z DEBUG 5621 --- [risk-assets-api] [io-12000-exec-7] o.s.w.s.m.m.a.HttpEntityMethodProcessor  : Writing [[com.jpmc.riskassets.model.RiskAsset@4d0c87b4, com.jpmc.riskassets.model.RiskAsset@6c05c312, com.jpm (truncated)...]
2025-06-13T05:35:38.667Z DEBUG 5621 --- [risk-assets-api] [io-12000-exec-1] o.s.web.servlet.DispatcherServlet        : Completed 200 OK
2025-06-13T05:35:38.668Z DEBUG 5621 --- [risk-assets-api] [io-12000-exec-7] o.s.web.servlet.DispatcherServlet        : Completed 200 OK
Hibernate: 
    select
        count(ra1_0.id) 
    from
        risk_assets ra1_0 
    where
        ra1_0.risk_level=?
2025-06-13T05:35:38.669Z DEBUG 5621 --- [risk-assets-api] [io-12000-exec-3] o.s.web.servlet.DispatcherServlet        : Completed 200 OK
Hibernate: 
    select
        count(ra1_0.id) 
    from
        risk_assets ra1_0 
    where
        ra1_0.risk_level=?
Hibernate: 
    select
        count(ra1_0.id) 
    from
        risk_assets ra1_0 
    where
        ra1_0.risk_level=?
Hibernate: 
    select
        count(ra1_0.id) 
    from
        risk_assets ra1_0 
    where
        ra1_0.risk_level=?
2025-06-13T05:35:38.671Z DEBUG 5621 --- [risk-assets-api] [io-12000-exec-6] o.s.w.s.m.m.a.HttpEntityMethodProcessor  : Using 'application/json', given [*/*] and supported [application/json, application/*+json]
2025-06-13T05:35:38.671Z DEBUG 5621 --- [risk-assets-api] [io-12000-exec-6] o.s.w.s.m.m.a.HttpEntityMethodProcessor  : Writing [com.jpmc.riskassets.model.RiskSummary@60e95b34]
2025-06-13T05:35:38.671Z DEBUG 5621 --- [risk-assets-api] [io-12000-exec-6] o.s.web.servlet.DispatcherServlet        : Completed 200 OK
2025-06-13T05:35:38.765Z DEBUG 5621 --- [risk-assets-api] [io-12000-exec-8] o.s.web.servlet.DispatcherServlet        : GET "/api/assets/risk-summary", parameters={}
2025-06-13T05:35:38.765Z DEBUG 5621 --- [risk-assets-api] [io-12000-exec-7] o.s.web.servlet.DispatcherServlet        : GET "/api/assets", parameters={}
2025-06-13T05:35:38.765Z DEBUG 5621 --- [risk-assets-api] [o-12000-exec-10] o.s.web.servlet.DispatcherServlet        : GET "/api/assets/1", parameters={}
2025-06-13T05:35:38.765Z DEBUG 5621 --- [risk-assets-api] [io-12000-exec-8] s.w.s.m.m.a.RequestMappingHandlerMapping : Mapped to com.jpmc.riskassets.controller.RiskAssetController#getRiskSummary()
2025-06-13T05:35:38.765Z DEBUG 5621 --- [risk-assets-api] [io-12000-exec-7] s.w.s.m.m.a.RequestMappingHandlerMapping : Mapped to com.jpmc.riskassets.controller.RiskAssetController#getAllAssets()
2025-06-13T05:35:38.765Z DEBUG 5621 --- [risk-assets-api] [io-12000-exec-4] o.s.web.servlet.DispatcherServlet        : GET "/api/assets/risk-level/HIGH", parameters={}
2025-06-13T05:35:38.765Z DEBUG 5621 --- [risk-assets-api] [o-12000-exec-10] s.w.s.m.m.a.RequestMappingHandlerMapping : Mapped to com.jpmc.riskassets.controller.RiskAssetController#getAssetById(Long)
2025-06-13T05:35:38.766Z DEBUG 5621 --- [risk-assets-api] [io-12000-exec-4] s.w.s.m.m.a.RequestMappingHandlerMapping : Mapped to com.jpmc.riskassets.controller.RiskAssetController#getAssetsByRiskLevel(RiskLevel)
Hibernate: 
    select
        count(*) 
    from
        risk_assets ra1_0
Hibernate: 
    select
        ra1_0.id,
        ra1_0.created_at,
        ra1_0.description,
        ra1_0.location,
        ra1_0.name,
        ra1_0.owner,
        ra1_0.risk_level,
        ra1_0.risk_score,
        ra1_0.type,
        ra1_0.updated_at,
        ra1_0.asset_value 
    from
        risk_assets ra1_0
Hibernate: 
    select
        ra1_0.id,
        ra1_0.created_at,
        ra1_0.description,
        ra1_0.location,
        ra1_0.name,
        ra1_0.owner,
        ra1_0.risk_level,
        ra1_0.risk_score,
        ra1_0.type,
        ra1_0.updated_at,
        ra1_0.asset_value 
    from
        risk_assets ra1_0 
    where
        ra1_0.id=?
Hibernate: 
    select
        sum(ra1_0.asset_value) 
    from
        risk_assets ra1_0
2025-06-13T05:35:38.767Z DEBUG 5621 --- [risk-assets-api] [o-12000-exec-10] o.s.w.s.m.m.a.HttpEntityMethodProcessor  : Using 'application/json', given [*/*] and supported [application/json, application/*+json]
2025-06-13T05:35:38.767Z DEBUG 5621 --- [risk-assets-api] [o-12000-exec-10] o.s.w.s.m.m.a.HttpEntityMethodProcessor  : Writing [com.jpmc.riskassets.model.RiskAsset@3180fccd]
Hibernate: 
    select
        avg(ra1_0.risk_score) 
    from
        risk_assets ra1_0
2025-06-13T05:35:38.768Z DEBUG 5621 --- [risk-assets-api] [io-12000-exec-7] o.s.w.s.m.m.a.HttpEntityMethodProcessor  : Using 'application/json', given [*/*] and supported [application/json, application/*+json]
2025-06-13T05:35:38.768Z DEBUG 5621 --- [risk-assets-api] [io-12000-exec-7] o.s.w.s.m.m.a.HttpEntityMethodProcessor  : Writing [[com.jpmc.riskassets.model.RiskAsset@2755510d, com.jpmc.riskassets.model.RiskAsset@2c0159ab, com.jpm (truncated)...]
2025-06-13T05:35:38.768Z DEBUG 5621 --- [risk-assets-api] [o-12000-exec-10] o.s.web.servlet.DispatcherServlet        : Completed 200 OK
2025-06-13T05:35:38.768Z DEBUG 5621 --- [risk-assets-api] [io-12000-exec-7] o.s.web.servlet.DispatcherServlet        : Completed 200 OK
Hibernate: 
    select
        ra1_0.id,
        ra1_0.created_at,
        ra1_0.description,
        ra1_0.location,
        ra1_0.name,
        ra1_0.owner,
        ra1_0.risk_level,
        ra1_0.risk_score,
        ra1_0.type,
        ra1_0.updated_at,
        ra1_0.asset_value 
    from
        risk_assets ra1_0 
    where
        ra1_0.risk_level=?
Hibernate: 
    select
        count(ra1_0.id) 
    from
        risk_assets ra1_0 
    where
        ra1_0.risk_level=?
2025-06-13T05:35:38.769Z DEBUG 5621 --- [risk-assets-api] [io-12000-exec-4] o.s.w.s.m.m.a.HttpEntityMethodProcessor  : Using 'application/json', given [*/*] and supported [application/json, application/*+json]
2025-06-13T05:35:38.769Z DEBUG 5621 --- [risk-assets-api] [io-12000-exec-4] o.s.w.s.m.m.a.HttpEntityMethodProcessor  : Writing [[com.jpmc.riskassets.model.RiskAsset@38c31e2c, com.jpmc.riskassets.model.RiskAsset@75583362, com.jpm (truncated)...]
2025-06-13T05:35:38.769Z DEBUG 5621 --- [risk-assets-api] [io-12000-exec-4] o.s.web.servlet.DispatcherServlet        : Completed 200 OK
Hibernate: 
    select
        count(ra1_0.id) 
    from
        risk_assets ra1_0 
    where
        ra1_0.risk_level=?
Hibernate: 
    select
        count(ra1_0.id) 
    from
        risk_assets ra1_0 
    where
        ra1_0.risk_level=?
Hibernate: 
    select
        count(ra1_0.id) 
    from
        risk_assets ra1_0 
    where
        ra1_0.risk_level=?
2025-06-13T05:35:38.772Z DEBUG 5621 --- [risk-assets-api] [io-12000-exec-8] o.s.w.s.m.m.a.HttpEntityMethodProcessor  : Using 'application/json', given [*/*] and supported [application/json, application/*+json]
2025-06-13T05:35:38.773Z DEBUG 5621 --- [risk-assets-api] [io-12000-exec-8] o.s.w.s.m.m.a.HttpEntityMethodProcessor  : Writing [com.jpmc.riskassets.model.RiskSummary@34484e20]
2025-06-13T05:35:38.773Z DEBUG 5621 --- [risk-assets-api] [io-12000-exec-8] o.s.web.servlet.DispatcherServlet        : Completed 200 OK
2025-06-13T05:35:38.867Z DEBUG 5621 --- [risk-assets-api] [io-12000-exec-6] o.s.web.servlet.DispatcherServlet        : GET "/api/assets", parameters={}
2025-06-13T05:35:38.867Z DEBUG 5621 --- [risk-assets-api] [o-12000-exec-10] o.s.web.servlet.DispatcherServlet        : GET "/api/assets/risk-summary", parameters={}
2025-06-13T05:35:38.867Z DEBUG 5621 --- [risk-assets-api] [o-12000-exec-10] s.w.s.m.m.a.RequestMappingHandlerMapping : Mapped to com.jpmc.riskassets.controller.RiskAssetController#getRiskSummary()
2025-06-13T05:35:38.867Z DEBUG 5621 --- [risk-assets-api] [io-12000-exec-6] s.w.s.m.m.a.RequestMappingHandlerMapping : Mapped to com.jpmc.riskassets.controller.RiskAssetController#getAllAssets()
2025-06-13T05:35:38.867Z DEBUG 5621 --- [risk-assets-api] [io-12000-exec-7] o.s.web.servlet.DispatcherServlet        : GET "/api/assets/risk-level/HIGH", parameters={}
2025-06-13T05:35:38.868Z DEBUG 5621 --- [risk-assets-api] [io-12000-exec-7] s.w.s.m.m.a.RequestMappingHandlerMapping : Mapped to com.jpmc.riskassets.controller.RiskAssetController#getAssetsByRiskLevel(RiskLevel)
Hibernate: 
    select
        count(*) 
    from
        risk_assets ra1_0
Hibernate: 
    select
        ra1_0.id,
        ra1_0.created_at,
        ra1_0.description,
        ra1_0.location,
        ra1_0.name,
        ra1_0.owner,
        ra1_0.risk_level,
        ra1_0.risk_score,
        ra1_0.type,
        ra1_0.updated_at,
        ra1_0.asset_value 
    from
        risk_assets ra1_0
Hibernate: 
    select
        ra1_0.id,
        ra1_0.created_at,
        ra1_0.description,
        ra1_0.location,
        ra1_0.name,
        ra1_0.owner,
        ra1_0.risk_level,
        ra1_0.risk_score,
        ra1_0.type,
        ra1_0.updated_at,
        ra1_0.asset_value 
    from
        risk_assets ra1_0 
    where
        ra1_0.risk_level=?
Hibernate: 
    select
        sum(ra1_0.asset_value) 
    from
        risk_assets ra1_0
Hibernate: 
    select
        avg(ra1_0.risk_score) 
    from
        risk_assets ra1_0
2025-06-13T05:35:38.870Z DEBUG 5621 --- [risk-assets-api] [io-12000-exec-7] o.s.w.s.m.m.a.HttpEntityMethodProcessor  : Using 'application/json', given [*/*] and supported [application/json, application/*+json]
2025-06-13T05:35:38.870Z DEBUG 5621 --- [risk-assets-api] [io-12000-exec-7] o.s.w.s.m.m.a.HttpEntityMethodProcessor  : Writing [[com.jpmc.riskassets.model.RiskAsset@236b0f04, com.jpmc.riskassets.model.RiskAsset@346ab26e, com.jpm (truncated)...]
2025-06-13T05:35:38.870Z DEBUG 5621 --- [risk-assets-api] [io-12000-exec-6] o.s.w.s.m.m.a.HttpEntityMethodProcessor  : Using 'application/json', given [*/*] and supported [application/json, application/*+json]
2025-06-13T05:35:38.870Z DEBUG 5621 --- [risk-assets-api] [io-12000-exec-6] o.s.w.s.m.m.a.HttpEntityMethodProcessor  : Writing [[com.jpmc.riskassets.model.RiskAsset@17b1eb11, com.jpmc.riskassets.model.RiskAsset@3a1d0ff9, com.jpm (truncated)...]
2025-06-13T05:35:38.871Z DEBUG 5621 --- [risk-assets-api] [io-12000-exec-7] o.s.web.servlet.DispatcherServlet        : Completed 200 OK
Hibernate: 
    select
        count(ra1_0.id) 
    from
        risk_assets ra1_0 
    where
        ra1_0.risk_level=?
2025-06-13T05:35:38.871Z DEBUG 5621 --- [risk-assets-api] [io-12000-exec-6] o.s.web.servlet.DispatcherServlet        : Completed 200 OK
Hibernate: 
    select
        count(ra1_0.id) 
    from
        risk_assets ra1_0 
    where
        ra1_0.risk_level=?
Hibernate: 
    select
        count(ra1_0.id) 
    from
        risk_assets ra1_0 
    where
        ra1_0.risk_level=?
Hibernate: 
    select
        count(ra1_0.id) 
    from
        risk_assets ra1_0 
    where
        ra1_0.risk_level=?
2025-06-13T05:35:38.867Z DEBUG 5621 --- [risk-assets-api] [io-12000-exec-2] o.s.web.servlet.DispatcherServlet        : GET "/api/assets/1", parameters={}
2025-06-13T05:35:38.873Z DEBUG 5621 --- [risk-assets-api] [o-12000-exec-10] o.s.w.s.m.m.a.HttpEntityMethodProcessor  : Using 'application/json', given [*/*] and supported [application/json, application/*+json]
2025-06-13T05:35:38.873Z DEBUG 5621 --- [risk-assets-api] [o-12000-exec-10] o.s.w.s.m.m.a.HttpEntityMethodProcessor  : Writing [com.jpmc.riskassets.model.RiskSummary@1ecd67b7]
2025-06-13T05:35:38.873Z DEBUG 5621 --- [risk-assets-api] [io-12000-exec-2] s.w.s.m.m.a.RequestMappingHandlerMapping : Mapped to com.jpmc.riskassets.controller.RiskAssetController#getAssetById(Long)
2025-06-13T05:35:38.874Z DEBUG 5621 --- [risk-assets-api] [o-12000-exec-10] o.s.web.servlet.DispatcherServlet        : Completed 200 OK
Hibernate: 
    select
        ra1_0.id,
        ra1_0.created_at,
        ra1_0.description,
        ra1_0.location,
        ra1_0.name,
        ra1_0.owner,
        ra1_0.risk_level,
        ra1_0.risk_score,
        ra1_0.type,
        ra1_0.updated_at,
        ra1_0.asset_value 
    from
        risk_assets ra1_0 
    where
        ra1_0.id=?
2025-06-13T05:35:38.875Z DEBUG 5621 --- [risk-assets-api] [io-12000-exec-2] o.s.w.s.m.m.a.HttpEntityMethodProcessor  : Using 'application/json', given [*/*] and supported [application/json, application/*+json]
2025-06-13T05:35:38.875Z DEBUG 5621 --- [risk-assets-api] [io-12000-exec-2] o.s.w.s.m.m.a.HttpEntityMethodProcessor  : Writing [com.jpmc.riskassets.model.RiskAsset@4b93231c]
2025-06-13T05:35:38.875Z DEBUG 5621 --- [risk-assets-api] [io-12000-exec-2] o.s.web.servlet.DispatcherServlet        : Completed 200 OK
2025-06-13T05:35:38.969Z DEBUG 5621 --- [risk-assets-api] [io-12000-exec-8] o.s.web.servlet.DispatcherServlet        : GET "/api/assets/risk-summary", parameters={}
2025-06-13T05:35:38.969Z DEBUG 5621 --- [risk-assets-api] [io-12000-exec-7] o.s.web.servlet.DispatcherServlet        : GET "/api/assets/risk-level/HIGH", parameters={}
2025-06-13T05:35:38.970Z DEBUG 5621 --- [risk-assets-api] [io-12000-exec-8] s.w.s.m.m.a.RequestMappingHandlerMapping : Mapped to com.jpmc.riskassets.controller.RiskAssetController#getRiskSummary()
2025-06-13T05:35:38.970Z DEBUG 5621 --- [risk-assets-api] [io-12000-exec-6] o.s.web.servlet.DispatcherServlet        : GET "/api/assets", parameters={}
2025-06-13T05:35:38.970Z DEBUG 5621 --- [risk-assets-api] [io-12000-exec-5] o.s.web.servlet.DispatcherServlet        : GET "/api/assets/1", parameters={}
2025-06-13T05:35:38.970Z DEBUG 5621 --- [risk-assets-api] [io-12000-exec-6] s.w.s.m.m.a.RequestMappingHandlerMapping : Mapped to com.jpmc.riskassets.controller.RiskAssetController#getAllAssets()
2025-06-13T05:35:38.970Z DEBUG 5621 --- [risk-assets-api] [io-12000-exec-5] s.w.s.m.m.a.RequestMappingHandlerMapping : Mapped to com.jpmc.riskassets.controller.RiskAssetController#getAssetById(Long)
Hibernate: 
    select
        count(*) 
    from
        risk_assets ra1_0
2025-06-13T05:35:38.970Z DEBUG 5621 --- [risk-assets-api] [io-12000-exec-7] s.w.s.m.m.a.RequestMappingHandlerMapping : Mapped to com.jpmc.riskassets.controller.RiskAssetController#getAssetsByRiskLevel(RiskLevel)
Hibernate: 
    select
        ra1_0.id,
        ra1_0.created_at,
        ra1_0.description,
        ra1_0.location,
        ra1_0.name,
        ra1_0.owner,
        ra1_0.risk_level,
        ra1_0.risk_score,
        ra1_0.type,
        ra1_0.updated_at,
        ra1_0.asset_value 
    from
        risk_assets ra1_0 
    where
        ra1_0.id=?
2025-06-13T05:35:38.972Z DEBUG 5621 --- [risk-assets-api] [io-12000-exec-5] o.s.w.s.m.m.a.HttpEntityMethodProcessor  : Using 'application/json', given [*/*] and supported [application/json, application/*+json]
Hibernate: 
    select
        sum(ra1_0.asset_value) 
    from
        risk_assets ra1_0
2025-06-13T05:35:38.972Z DEBUG 5621 --- [risk-assets-api] [io-12000-exec-5] o.s.w.s.m.m.a.HttpEntityMethodProcessor  : Writing [com.jpmc.riskassets.model.RiskAsset@3cfdb964]
Hibernate: 
    select
        ra1_0.id,
        ra1_0.created_at,
        ra1_0.description,
        ra1_0.location,
        ra1_0.name,
        ra1_0.owner,
        ra1_0.risk_level,
        ra1_0.risk_score,
        ra1_0.type,
        ra1_0.updated_at,
        ra1_0.asset_value 
    from
        risk_assets ra1_0 
    where
        ra1_0.risk_level=?
2025-06-13T05:35:38.972Z DEBUG 5621 --- [risk-assets-api] [io-12000-exec-5] o.s.web.servlet.DispatcherServlet        : Completed 200 OK
Hibernate: 
    select
        avg(ra1_0.risk_score) 
    from
        risk_assets ra1_0
2025-06-13T05:35:38.973Z DEBUG 5621 --- [risk-assets-api] [io-12000-exec-7] o.s.w.s.m.m.a.HttpEntityMethodProcessor  : Using 'application/json', given [*/*] and supported [application/json, application/*+json]
2025-06-13T05:35:38.973Z DEBUG 5621 --- [risk-assets-api] [io-12000-exec-7] o.s.w.s.m.m.a.HttpEntityMethodProcessor  : Writing [[com.jpmc.riskassets.model.RiskAsset@511cbc6a, com.jpmc.riskassets.model.RiskAsset@22526db8, com.jpm (truncated)...]
Hibernate: 
    select
        ra1_0.id,
        ra1_0.created_at,
        ra1_0.description,
        ra1_0.location,
        ra1_0.name,
        ra1_0.owner,
        ra1_0.risk_level,
        ra1_0.risk_score,
        ra1_0.type,
        ra1_0.updated_at,
        ra1_0.asset_value 
    from
        risk_assets ra1_0
2025-06-13T05:35:38.973Z DEBUG 5621 --- [risk-assets-api] [io-12000-exec-7] o.s.web.servlet.DispatcherServlet        : Completed 200 OK
Hibernate: 
    select
        count(ra1_0.id) 
    from
        risk_assets ra1_0 
    where
        ra1_0.risk_level=?
2025-06-13T05:35:38.974Z DEBUG 5621 --- [risk-assets-api] [io-12000-exec-6] o.s.w.s.m.m.a.HttpEntityMethodProcessor  : Using 'application/json', given [*/*] and supported [application/json, application/*+json]
2025-06-13T05:35:38.974Z DEBUG 5621 --- [risk-assets-api] [io-12000-exec-6] o.s.w.s.m.m.a.HttpEntityMethodProcessor  : Writing [[com.jpmc.riskassets.model.RiskAsset@3f79763d, com.jpmc.riskassets.model.RiskAsset@4f95da5, com.jpmc (truncated)...]
Hibernate: 
    select
        count(ra1_0.id) 
    from
        risk_assets ra1_0 
    where
        ra1_0.risk_level=?
2025-06-13T05:35:38.975Z DEBUG 5621 --- [risk-assets-api] [io-12000-exec-6] o.s.web.servlet.DispatcherServlet        : Completed 200 OK
Hibernate: 
    select
        count(ra1_0.id) 
    from
        risk_assets ra1_0 
    where
        ra1_0.risk_level=?
Hibernate: 
    select
        count(ra1_0.id) 
    from
        risk_assets ra1_0 
    where
        ra1_0.risk_level=?
2025-06-13T05:35:38.976Z DEBUG 5621 --- [risk-assets-api] [io-12000-exec-8] o.s.w.s.m.m.a.HttpEntityMethodProcessor  : Using 'application/json', given [*/*] and supported [application/json, application/*+json]
2025-06-13T05:35:38.976Z DEBUG 5621 --- [risk-assets-api] [io-12000-exec-8] o.s.w.s.m.m.a.HttpEntityMethodProcessor  : Writing [com.jpmc.riskassets.model.RiskSummary@c332b7b]
2025-06-13T05:35:38.977Z DEBUG 5621 --- [risk-assets-api] [io-12000-exec-8] o.s.web.servlet.DispatcherServlet        : Completed 200 OK
2025-06-13T05:35:39.071Z DEBUG 5621 --- [risk-assets-api] [io-12000-exec-9] o.s.web.servlet.DispatcherServlet        : GET "/api/assets/1", parameters={}
2025-06-13T05:35:39.071Z DEBUG 5621 --- [risk-assets-api] [io-12000-exec-5] o.s.web.servlet.DispatcherServlet        : GET "/api/assets/risk-summary", parameters={}
2025-06-13T05:35:39.071Z DEBUG 5621 --- [risk-assets-api] [io-12000-exec-3] o.s.web.servlet.DispatcherServlet        : GET "/api/assets", parameters={}
2025-06-13T05:35:39.071Z DEBUG 5621 --- [risk-assets-api] [io-12000-exec-3] s.w.s.m.m.a.RequestMappingHandlerMapping : Mapped to com.jpmc.riskassets.controller.RiskAssetController#getAllAssets()
2025-06-13T05:35:39.071Z DEBUG 5621 --- [risk-assets-api] [io-12000-exec-9] s.w.s.m.m.a.RequestMappingHandlerMapping : Mapped to com.jpmc.riskassets.controller.RiskAssetController#getAssetById(Long)
Hibernate: 
    select
        ra1_0.id,
        ra1_0.created_at,
        ra1_0.description,
        ra1_0.location,
        ra1_0.name,
        ra1_0.owner,
        ra1_0.risk_level,
        ra1_0.risk_score,
        ra1_0.type,
        ra1_0.updated_at,
        ra1_0.asset_value 
    from
        risk_assets ra1_0 
    where
        ra1_0.id=?
Hibernate: 
    select
        ra1_0.id,
        ra1_0.created_at,
        ra1_0.description,
        ra1_0.location,
        ra1_0.name,
        ra1_0.owner,
        ra1_0.risk_level,
        ra1_0.risk_score,
        ra1_0.type,
        ra1_0.updated_at,
        ra1_0.asset_value 
    from
        risk_assets ra1_0
2025-06-13T05:35:39.073Z DEBUG 5621 --- [risk-assets-api] [io-12000-exec-9] o.s.w.s.m.m.a.HttpEntityMethodProcessor  : Using 'application/json', given [*/*] and supported [application/json, application/*+json]
2025-06-13T05:35:39.073Z DEBUG 5621 --- [risk-assets-api] [io-12000-exec-9] o.s.w.s.m.m.a.HttpEntityMethodProcessor  : Writing [com.jpmc.riskassets.model.RiskAsset@708b190]
2025-06-13T05:35:39.074Z DEBUG 5621 --- [risk-assets-api] [io-12000-exec-9] o.s.web.servlet.DispatcherServlet        : Completed 200 OK
2025-06-13T05:35:39.074Z DEBUG 5621 --- [risk-assets-api] [io-12000-exec-3] o.s.w.s.m.m.a.HttpEntityMethodProcessor  : Using 'application/json', given [*/*] and supported [application/json, application/*+json]
2025-06-13T05:35:39.074Z DEBUG 5621 --- [risk-assets-api] [io-12000-exec-3] o.s.w.s.m.m.a.HttpEntityMethodProcessor  : Writing [[com.jpmc.riskassets.model.RiskAsset@7b14b5f5, com.jpmc.riskassets.model.RiskAsset@1fe6dc0c, com.jpm (truncated)...]
2025-06-13T05:35:39.074Z DEBUG 5621 --- [risk-assets-api] [io-12000-exec-5] s.w.s.m.m.a.RequestMappingHandlerMapping : Mapped to com.jpmc.riskassets.controller.RiskAssetController#getRiskSummary()
2025-06-13T05:35:39.074Z DEBUG 5621 --- [risk-assets-api] [io-12000-exec-7] o.s.web.servlet.DispatcherServlet        : GET "/api/assets/risk-level/HIGH", parameters={}
2025-06-13T05:35:39.075Z DEBUG 5621 --- [risk-assets-api] [io-12000-exec-7] s.w.s.m.m.a.RequestMappingHandlerMapping : Mapped to com.jpmc.riskassets.controller.RiskAssetController#getAssetsByRiskLevel(RiskLevel)
Hibernate: 
    select
        count(*) 
    from
        risk_assets ra1_0
Hibernate: 
    select
        ra1_0.id,
        ra1_0.created_at,
        ra1_0.description,
        ra1_0.location,
        ra1_0.name,
        ra1_0.owner,
        ra1_0.risk_level,
        ra1_0.risk_score,
        ra1_0.type,
        ra1_0.updated_at,
        ra1_0.asset_value 
    from
        risk_assets ra1_0 
    where
        ra1_0.risk_level=?
Hibernate: 
    select
        sum(ra1_0.asset_value) 
    from
        risk_assets ra1_0
2025-06-13T05:35:39.076Z DEBUG 5621 --- [risk-assets-api] [io-12000-exec-7] o.s.w.s.m.m.a.HttpEntityMethodProcessor  : Using 'application/json', given [*/*] and supported [application/json, application/*+json]
2025-06-13T05:35:39.076Z DEBUG 5621 --- [risk-assets-api] [io-12000-exec-7] o.s.w.s.m.m.a.HttpEntityMethodProcessor  : Writing [[com.jpmc.riskassets.model.RiskAsset@6b1f8394, com.jpmc.riskassets.model.RiskAsset@2925c04, com.jpmc (truncated)...]
Hibernate: 
    select
        avg(ra1_0.risk_score) 
    from
        risk_assets ra1_0
2025-06-13T05:35:39.077Z DEBUG 5621 --- [risk-assets-api] [io-12000-exec-7] o.s.web.servlet.DispatcherServlet        : Completed 200 OK
2025-06-13T05:35:39.077Z DEBUG 5621 --- [risk-assets-api] [io-12000-exec-3] o.s.web.servlet.DispatcherServlet        : Completed 200 OK
Hibernate: 
    select
        count(ra1_0.id) 
    from
        risk_assets ra1_0 
    where
        ra1_0.risk_level=?
Hibernate: 
    select
        count(ra1_0.id) 
    from
        risk_assets ra1_0 
    where
        ra1_0.risk_level=?
Hibernate: 
    select
        count(ra1_0.id) 
    from
        risk_assets ra1_0 
    where
        ra1_0.risk_level=?
Hibernate: 
    select
        count(ra1_0.id) 
    from
        risk_assets ra1_0 
    where
        ra1_0.risk_level=?
2025-06-13T05:35:39.080Z DEBUG 5621 --- [risk-assets-api] [io-12000-exec-5] o.s.w.s.m.m.a.HttpEntityMethodProcessor  : Using 'application/json', given [*/*] and supported [application/json, application/*+json]
2025-06-13T05:35:39.080Z DEBUG 5621 --- [risk-assets-api] [io-12000-exec-5] o.s.w.s.m.m.a.HttpEntityMethodProcessor  : Writing [com.jpmc.riskassets.model.RiskSummary@5b1849c6]
2025-06-13T05:35:39.081Z DEBUG 5621 --- [risk-assets-api] [io-12000-exec-5] o.s.web.servlet.DispatcherServlet        : Completed 200 OK
2025-06-13T05:35:39.173Z DEBUG 5621 --- [risk-assets-api] [io-12000-exec-8] o.s.web.servlet.DispatcherServlet        : GET "/api/assets", parameters={}
2025-06-13T05:35:39.173Z DEBUG 5621 --- [risk-assets-api] [io-12000-exec-9] o.s.web.servlet.DispatcherServlet        : GET "/api/assets/1", parameters={}
2025-06-13T05:35:39.173Z DEBUG 5621 --- [risk-assets-api] [io-12000-exec-2] o.s.web.servlet.DispatcherServlet        : GET "/api/assets/risk-summary", parameters={}
2025-06-13T05:35:39.173Z DEBUG 5621 --- [risk-assets-api] [io-12000-exec-2] s.w.s.m.m.a.RequestMappingHandlerMapping : Mapped to com.jpmc.riskassets.controller.RiskAssetController#getRiskSummary()
2025-06-13T05:35:39.173Z DEBUG 5621 --- [risk-assets-api] [io-12000-exec-8] s.w.s.m.m.a.RequestMappingHandlerMapping : Mapped to com.jpmc.riskassets.controller.RiskAssetController#getAllAssets()
2025-06-13T05:35:39.173Z DEBUG 5621 --- [risk-assets-api] [io-12000-exec-9] s.w.s.m.m.a.RequestMappingHandlerMapping : Mapped to com.jpmc.riskassets.controller.RiskAssetController#getAssetById(Long)
2025-06-13T05:35:39.173Z DEBUG 5621 --- [risk-assets-api] [io-12000-exec-6] o.s.web.servlet.DispatcherServlet        : GET "/api/assets/risk-level/HIGH", parameters={}
2025-06-13T05:35:39.174Z DEBUG 5621 --- [risk-assets-api] [io-12000-exec-6] s.w.s.m.m.a.RequestMappingHandlerMapping : Mapped to com.jpmc.riskassets.controller.RiskAssetController#getAssetsByRiskLevel(RiskLevel)
Hibernate: 
    select
        count(*) 
    from
        risk_assets ra1_0
Hibernate: 
    select
        ra1_0.id,
        ra1_0.created_at,
        ra1_0.description,
        ra1_0.location,
        ra1_0.name,
        ra1_0.owner,
        ra1_0.risk_level,
        ra1_0.risk_score,
        ra1_0.type,
        ra1_0.updated_at,
        ra1_0.asset_value 
    from
        risk_assets ra1_0
Hibernate: 
    select
        ra1_0.id,
        ra1_0.created_at,
        ra1_0.description,
        ra1_0.location,
        ra1_0.name,
        ra1_0.owner,
        ra1_0.risk_level,
        ra1_0.risk_score,
        ra1_0.type,
        ra1_0.updated_at,
        ra1_0.asset_value 
    from
        risk_assets ra1_0 
    where
        ra1_0.risk_level=?
Hibernate: 
    select
        ra1_0.id,
        ra1_0.created_at,
        ra1_0.description,
        ra1_0.location,
        ra1_0.name,
        ra1_0.owner,
        ra1_0.risk_level,
        ra1_0.risk_score,
        ra1_0.type,
        ra1_0.updated_at,
        ra1_0.asset_value 
    from
        risk_assets ra1_0 
    where
        ra1_0.id=?
2025-06-13T05:35:39.175Z DEBUG 5621 --- [risk-assets-api] [io-12000-exec-6] o.s.w.s.m.m.a.HttpEntityMethodProcessor  : Using 'application/json', given [*/*] and supported [application/json, application/*+json]
2025-06-13T05:35:39.175Z DEBUG 5621 --- [risk-assets-api] [io-12000-exec-9] o.s.w.s.m.m.a.HttpEntityMethodProcessor  : Using 'application/json', given [*/*] and supported [application/json, application/*+json]
2025-06-13T05:35:39.175Z DEBUG 5621 --- [risk-assets-api] [io-12000-exec-6] o.s.w.s.m.m.a.HttpEntityMethodProcessor  : Writing [[com.jpmc.riskassets.model.RiskAsset@5427e760, com.jpmc.riskassets.model.RiskAsset@6692e2d6, com.jpm (truncated)...]
2025-06-13T05:35:39.175Z DEBUG 5621 --- [risk-assets-api] [io-12000-exec-9] o.s.w.s.m.m.a.HttpEntityMethodProcessor  : Writing [com.jpmc.riskassets.model.RiskAsset@5c5e1079]
2025-06-13T05:35:39.175Z DEBUG 5621 --- [risk-assets-api] [io-12000-exec-8] o.s.w.s.m.m.a.HttpEntityMethodProcessor  : Using 'application/json', given [*/*] and supported [application/json, application/*+json]
2025-06-13T05:35:39.175Z DEBUG 5621 --- [risk-assets-api] [io-12000-exec-8] o.s.w.s.m.m.a.HttpEntityMethodProcessor  : Writing [[com.jpmc.riskassets.model.RiskAsset@16904534, com.jpmc.riskassets.model.RiskAsset@1ee9515d, com.jpm (truncated)...]
2025-06-13T05:35:39.176Z DEBUG 5621 --- [risk-assets-api] [io-12000-exec-9] o.s.web.servlet.DispatcherServlet        : Completed 200 OK
2025-06-13T05:35:39.176Z DEBUG 5621 --- [risk-assets-api] [io-12000-exec-6] o.s.web.servlet.DispatcherServlet        : Completed 200 OK
2025-06-13T05:35:39.176Z DEBUG 5621 --- [risk-assets-api] [io-12000-exec-8] o.s.web.servlet.DispatcherServlet        : Completed 200 OK
Hibernate: 
    select
        sum(ra1_0.asset_value) 
    from
        risk_assets ra1_0
Hibernate: 
    select
        avg(ra1_0.risk_score) 
    from
        risk_assets ra1_0
Hibernate: 
    select
        count(ra1_0.id) 
    from
        risk_assets ra1_0 
    where
        ra1_0.risk_level=?
Hibernate: 
    select
        count(ra1_0.id) 
    from
        risk_assets ra1_0 
    where
        ra1_0.risk_level=?
Hibernate: 
    select
        count(ra1_0.id) 
    from
        risk_assets ra1_0 
    where
        ra1_0.risk_level=?
Hibernate: 
    select
        count(ra1_0.id) 
    from
        risk_assets ra1_0 
    where
        ra1_0.risk_level=?
2025-06-13T05:35:39.182Z DEBUG 5621 --- [risk-assets-api] [io-12000-exec-2] o.s.w.s.m.m.a.HttpEntityMethodProcessor  : Using 'application/json', given [*/*] and supported [application/json, application/*+json]
2025-06-13T05:35:39.182Z DEBUG 5621 --- [risk-assets-api] [io-12000-exec-2] o.s.w.s.m.m.a.HttpEntityMethodProcessor  : Writing [com.jpmc.riskassets.model.RiskSummary@4c3bd31c]
2025-06-13T05:35:39.182Z DEBUG 5621 --- [risk-assets-api] [io-12000-exec-2] o.s.web.servlet.DispatcherServlet        : Completed 200 OK
2025-06-13T05:35:39.275Z DEBUG 5621 --- [risk-assets-api] [io-12000-exec-5] o.s.web.servlet.DispatcherServlet        : GET "/api/assets/1", parameters={}
2025-06-13T05:35:39.276Z DEBUG 5621 --- [risk-assets-api] [io-12000-exec-5] s.w.s.m.m.a.RequestMappingHandlerMapping : Mapped to com.jpmc.riskassets.controller.RiskAssetController#getAssetById(Long)
Hibernate: 
    select
        ra1_0.id,
        ra1_0.created_at,
        ra1_0.description,
        ra1_0.location,
        ra1_0.name,
        ra1_0.owner,
        ra1_0.risk_level,
        ra1_0.risk_score,
        ra1_0.type,
        ra1_0.updated_at,
        ra1_0.asset_value 
    from
        risk_assets ra1_0 
    where
        ra1_0.id=?
2025-06-13T05:35:39.279Z DEBUG 5621 --- [risk-assets-api] [io-12000-exec-5] o.s.w.s.m.m.a.HttpEntityMethodProcessor  : Using 'application/json', given [*/*] and supported [application/json, application/*+json]
2025-06-13T05:35:39.279Z DEBUG 5621 --- [risk-assets-api] [io-12000-exec-6] o.s.web.servlet.DispatcherServlet        : GET "/api/assets", parameters={}
2025-06-13T05:35:39.279Z DEBUG 5621 --- [risk-assets-api] [io-12000-exec-6] s.w.s.m.m.a.RequestMappingHandlerMapping : Mapped to com.jpmc.riskassets.controller.RiskAssetController#getAllAssets()
Hibernate: 
    select
        ra1_0.id,
        ra1_0.created_at,
        ra1_0.description,
        ra1_0.location,
        ra1_0.name,
        ra1_0.owner,
        ra1_0.risk_level,
        ra1_0.risk_score,
        ra1_0.type,
        ra1_0.updated_at,
        ra1_0.asset_value 
    from
        risk_assets ra1_0
2025-06-13T05:35:39.275Z DEBUG 5621 --- [risk-assets-api] [io-12000-exec-4] o.s.web.servlet.DispatcherServlet        : GET "/api/assets/risk-level/HIGH", parameters={}
2025-06-13T05:35:39.281Z DEBUG 5621 --- [risk-assets-api] [io-12000-exec-4] s.w.s.m.m.a.RequestMappingHandlerMapping : Mapped to com.jpmc.riskassets.controller.RiskAssetController#getAssetsByRiskLevel(RiskLevel)
2025-06-13T05:35:39.282Z DEBUG 5621 --- [risk-assets-api] [io-12000-exec-6] o.s.w.s.m.m.a.HttpEntityMethodProcessor  : Using 'application/json', given [*/*] and supported [application/json, application/*+json]
2025-06-13T05:35:39.282Z DEBUG 5621 --- [risk-assets-api] [io-12000-exec-6] o.s.w.s.m.m.a.HttpEntityMethodProcessor  : Writing [[com.jpmc.riskassets.model.RiskAsset@5710fcce, com.jpmc.riskassets.model.RiskAsset@1d3b5105, com.jpm (truncated)...]
Hibernate: 
    select
        ra1_0.id,
        ra1_0.created_at,
        ra1_0.description,
        ra1_0.location,
        ra1_0.name,
        ra1_0.owner,
        ra1_0.risk_level,
        ra1_0.risk_score,
        ra1_0.type,
        ra1_0.updated_at,
        ra1_0.asset_value 
    from
        risk_assets ra1_0 
    where
        ra1_0.risk_level=?
2025-06-13T05:35:39.283Z DEBUG 5621 --- [risk-assets-api] [io-12000-exec-6] o.s.web.servlet.DispatcherServlet        : Completed 200 OK
2025-06-13T05:35:39.284Z DEBUG 5621 --- [risk-assets-api] [io-12000-exec-4] o.s.w.s.m.m.a.HttpEntityMethodProcessor  : Using 'application/json', given [*/*] and supported [application/json, application/*+json]
2025-06-13T05:35:39.284Z DEBUG 5621 --- [risk-assets-api] [io-12000-exec-4] o.s.w.s.m.m.a.HttpEntityMethodProcessor  : Writing [[com.jpmc.riskassets.model.RiskAsset@75a49a49, com.jpmc.riskassets.model.RiskAsset@55d9c07d, com.jpm (truncated)...]
2025-06-13T05:35:39.284Z DEBUG 5621 --- [risk-assets-api] [io-12000-exec-4] o.s.web.servlet.DispatcherServlet        : Completed 200 OK
2025-06-13T05:35:39.279Z DEBUG 5621 --- [risk-assets-api] [io-12000-exec-5] o.s.w.s.m.m.a.HttpEntityMethodProcessor  : Writing [com.jpmc.riskassets.model.RiskAsset@7820af8d]
2025-06-13T05:35:39.287Z DEBUG 5621 --- [risk-assets-api] [io-12000-exec-7] o.s.web.servlet.DispatcherServlet        : GET "/api/assets/risk-summary", parameters={}
2025-06-13T05:35:39.288Z DEBUG 5621 --- [risk-assets-api] [io-12000-exec-7] s.w.s.m.m.a.RequestMappingHandlerMapping : Mapped to com.jpmc.riskassets.controller.RiskAssetController#getRiskSummary()
Hibernate: 
    select
        count(*) 
    from
        risk_assets ra1_0
Hibernate: 
    select
        sum(ra1_0.asset_value) 
    from
        risk_assets ra1_0
Hibernate: 
    select
        avg(ra1_0.risk_score) 
    from
        risk_assets ra1_0
2025-06-13T05:35:39.291Z DEBUG 5621 --- [risk-assets-api] [io-12000-exec-5] o.s.web.servlet.DispatcherServlet        : Completed 200 OK
Hibernate: 
    select
        count(ra1_0.id) 
    from
        risk_assets ra1_0 
    where
        ra1_0.risk_level=?
Hibernate: 
    select
        count(ra1_0.id) 
    from
        risk_assets ra1_0 
    where
        ra1_0.risk_level=?
Hibernate: 
    select
        count(ra1_0.id) 
    from
        risk_assets ra1_0 
    where
        ra1_0.risk_level=?
Hibernate: 
    select
        count(ra1_0.id) 
    from
        risk_assets ra1_0 
    where
        ra1_0.risk_level=?
2025-06-13T05:35:39.296Z DEBUG 5621 --- [risk-assets-api] [io-12000-exec-7] o.s.w.s.m.m.a.HttpEntityMethodProcessor  : Using 'application/json', given [*/*] and supported [application/json, application/*+json]
2025-06-13T05:35:39.296Z DEBUG 5621 --- [risk-assets-api] [io-12000-exec-7] o.s.w.s.m.m.a.HttpEntityMethodProcessor  : Writing [com.jpmc.riskassets.model.RiskSummary@102986fa]
2025-06-13T05:35:39.297Z DEBUG 5621 --- [risk-assets-api] [io-12000-exec-7] o.s.web.servlet.DispatcherServlet        : Completed 200 OK
2025-06-13T05:35:39.384Z DEBUG 5621 --- [risk-assets-api] [io-12000-exec-1] o.s.web.servlet.DispatcherServlet        : GET "/api/assets", parameters={}
2025-06-13T05:35:39.384Z DEBUG 5621 --- [risk-assets-api] [io-12000-exec-2] o.s.web.servlet.DispatcherServlet        : GET "/api/assets/1", parameters={}
2025-06-13T05:35:39.384Z DEBUG 5621 --- [risk-assets-api] [io-12000-exec-1] s.w.s.m.m.a.RequestMappingHandlerMapping : Mapped to com.jpmc.riskassets.controller.RiskAssetController#getAllAssets()
2025-06-13T05:35:39.384Z DEBUG 5621 --- [risk-assets-api] [io-12000-exec-2] s.w.s.m.m.a.RequestMappingHandlerMapping : Mapped to com.jpmc.riskassets.controller.RiskAssetController#getAssetById(Long)
Hibernate: 
    select
        ra1_0.id,
        ra1_0.created_at,
        ra1_0.description,
        ra1_0.location,
        ra1_0.name,
        ra1_0.owner,
        ra1_0.risk_level,
        ra1_0.risk_score,
        ra1_0.type,
        ra1_0.updated_at,
        ra1_0.asset_value 
    from
        risk_assets ra1_0 
    where
        ra1_0.id=?
Hibernate: 
    select
        ra1_0.id,
        ra1_0.created_at,
        ra1_0.description,
        ra1_0.location,
        ra1_0.name,
        ra1_0.owner,
        ra1_0.risk_level,
        ra1_0.risk_score,
        ra1_0.type,
        ra1_0.updated_at,
        ra1_0.asset_value 
    from
        risk_assets ra1_0
2025-06-13T05:35:39.386Z DEBUG 5621 --- [risk-assets-api] [io-12000-exec-2] o.s.w.s.m.m.a.HttpEntityMethodProcessor  : Using 'application/json', given [*/*] and supported [application/json, application/*+json]
2025-06-13T05:35:39.386Z DEBUG 5621 --- [risk-assets-api] [io-12000-exec-2] o.s.w.s.m.m.a.HttpEntityMethodProcessor  : Writing [com.jpmc.riskassets.model.RiskAsset@4ac900b3]
2025-06-13T05:35:39.386Z DEBUG 5621 --- [risk-assets-api] [io-12000-exec-1] o.s.w.s.m.m.a.HttpEntityMethodProcessor  : Using 'application/json', given [*/*] and supported [application/json, application/*+json]
2025-06-13T05:35:39.386Z DEBUG 5621 --- [risk-assets-api] [io-12000-exec-1] o.s.w.s.m.m.a.HttpEntityMethodProcessor  : Writing [[com.jpmc.riskassets.model.RiskAsset@5bd38088, com.jpmc.riskassets.model.RiskAsset@332c41ff, com.jpm (truncated)...]
2025-06-13T05:35:39.387Z DEBUG 5621 --- [risk-assets-api] [io-12000-exec-2] o.s.web.servlet.DispatcherServlet        : Completed 200 OK
2025-06-13T05:35:39.387Z DEBUG 5621 --- [risk-assets-api] [io-12000-exec-1] o.s.web.servlet.DispatcherServlet        : Completed 200 OK
2025-06-13T05:35:39.384Z DEBUG 5621 --- [risk-assets-api] [io-12000-exec-6] o.s.web.servlet.DispatcherServlet        : GET "/api/assets/risk-level/HIGH", parameters={}
2025-06-13T05:35:39.387Z DEBUG 5621 --- [risk-assets-api] [io-12000-exec-6] s.w.s.m.m.a.RequestMappingHandlerMapping : Mapped to com.jpmc.riskassets.controller.RiskAssetController#getAssetsByRiskLevel(RiskLevel)
Hibernate: 
    select
        ra1_0.id,
        ra1_0.created_at,
        ra1_0.description,
        ra1_0.location,
        ra1_0.name,
        ra1_0.owner,
        ra1_0.risk_level,
        ra1_0.risk_score,
        ra1_0.type,
        ra1_0.updated_at,
        ra1_0.asset_value 
    from
        risk_assets ra1_0 
    where
        ra1_0.risk_level=?
2025-06-13T05:35:39.389Z DEBUG 5621 --- [risk-assets-api] [io-12000-exec-6] o.s.w.s.m.m.a.HttpEntityMethodProcessor  : Using 'application/json', given [*/*] and supported [application/json, application/*+json]
2025-06-13T05:35:39.389Z DEBUG 5621 --- [risk-assets-api] [io-12000-exec-6] o.s.w.s.m.m.a.HttpEntityMethodProcessor  : Writing [[com.jpmc.riskassets.model.RiskAsset@70d6081a, com.jpmc.riskassets.model.RiskAsset@349417e0, com.jpm (truncated)...]
2025-06-13T05:35:39.384Z DEBUG 5621 --- [risk-assets-api] [o-12000-exec-10] o.s.web.servlet.DispatcherServlet        : GET "/api/assets/risk-summary", parameters={}
2025-06-13T05:35:39.389Z DEBUG 5621 --- [risk-assets-api] [o-12000-exec-10] s.w.s.m.m.a.RequestMappingHandlerMapping : Mapped to com.jpmc.riskassets.controller.RiskAssetController#getRiskSummary()
2025-06-13T05:35:39.390Z DEBUG 5621 --- [risk-assets-api] [io-12000-exec-6] o.s.web.servlet.DispatcherServlet        : Completed 200 OK
Hibernate: 
    select
        count(*) 
    from
        risk_assets ra1_0
Hibernate: 
    select
        sum(ra1_0.asset_value) 
    from
        risk_assets ra1_0
Hibernate: 
    select
        avg(ra1_0.risk_score) 
    from
        risk_assets ra1_0
Hibernate: 
    select
        count(ra1_0.id) 
    from
        risk_assets ra1_0 
    where
        ra1_0.risk_level=?
Hibernate: 
    select
        count(ra1_0.id) 
    from
        risk_assets ra1_0 
    where
        ra1_0.risk_level=?
Hibernate: 
    select
        count(ra1_0.id) 
    from
        risk_assets ra1_0 
    where
        ra1_0.risk_level=?
Hibernate: 
    select
        count(ra1_0.id) 
    from
        risk_assets ra1_0 
    where
        ra1_0.risk_level=?
2025-06-13T05:35:39.394Z DEBUG 5621 --- [risk-assets-api] [o-12000-exec-10] o.s.w.s.m.m.a.HttpEntityMethodProcessor  : Using 'application/json', given [*/*] and supported [application/json, application/*+json]
2025-06-13T05:35:39.395Z DEBUG 5621 --- [risk-assets-api] [o-12000-exec-10] o.s.w.s.m.m.a.HttpEntityMethodProcessor  : Writing [com.jpmc.riskassets.model.RiskSummary@20db6990]
2025-06-13T05:35:39.395Z DEBUG 5621 --- [risk-assets-api] [o-12000-exec-10] o.s.web.servlet.DispatcherServlet        : Completed 200 OK
2025-06-13T05:35:39.485Z DEBUG 5621 --- [risk-assets-api] [io-12000-exec-8] o.s.web.servlet.DispatcherServlet        : GET "/api/assets/risk-level/HIGH", parameters={}
2025-06-13T05:35:39.485Z DEBUG 5621 --- [risk-assets-api] [io-12000-exec-3] o.s.web.servlet.DispatcherServlet        : GET "/api/assets", parameters={}
2025-06-13T05:35:39.485Z DEBUG 5621 --- [risk-assets-api] [io-12000-exec-7] o.s.web.servlet.DispatcherServlet        : GET "/api/assets/1", parameters={}
2025-06-13T05:35:39.486Z DEBUG 5621 --- [risk-assets-api] [io-12000-exec-8] s.w.s.m.m.a.RequestMappingHandlerMapping : Mapped to com.jpmc.riskassets.controller.RiskAssetController#getAssetsByRiskLevel(RiskLevel)
2025-06-13T05:35:39.486Z DEBUG 5621 --- [risk-assets-api] [io-12000-exec-3] s.w.s.m.m.a.RequestMappingHandlerMapping : Mapped to com.jpmc.riskassets.controller.RiskAssetController#getAllAssets()
2025-06-13T05:35:39.485Z DEBUG 5621 --- [risk-assets-api] [io-12000-exec-1] o.s.web.servlet.DispatcherServlet        : GET "/api/assets/risk-summary", parameters={}
2025-06-13T05:35:39.486Z DEBUG 5621 --- [risk-assets-api] [io-12000-exec-7] s.w.s.m.m.a.RequestMappingHandlerMapping : Mapped to com.jpmc.riskassets.controller.RiskAssetController#getAssetById(Long)
2025-06-13T05:35:39.486Z DEBUG 5621 --- [risk-assets-api] [io-12000-exec-1] s.w.s.m.m.a.RequestMappingHandlerMapping : Mapped to com.jpmc.riskassets.controller.RiskAssetController#getRiskSummary()
Hibernate: 
    select
        count(*) 
    from
        risk_assets ra1_0
Hibernate: 
    select
        ra1_0.id,
        ra1_0.created_at,
        ra1_0.description,
        ra1_0.location,
        ra1_0.name,
        ra1_0.owner,
        ra1_0.risk_level,
        ra1_0.risk_score,
        ra1_0.type,
        ra1_0.updated_at,
        ra1_0.asset_value 
    from
        risk_assets ra1_0 
    where
        ra1_0.id=?
Hibernate: 
    select
        ra1_0.id,
        ra1_0.created_at,
        ra1_0.description,
        ra1_0.location,
        ra1_0.name,
        ra1_0.owner,
        ra1_0.risk_level,
        ra1_0.risk_score,
        ra1_0.type,
        ra1_0.updated_at,
        ra1_0.asset_value 
    from
        risk_assets ra1_0 
    where
        ra1_0.risk_level=?
2025-06-13T05:35:39.487Z DEBUG 5621 --- [risk-assets-api] [io-12000-exec-7] o.s.w.s.m.m.a.HttpEntityMethodProcessor  : Using 'application/json', given [*/*] and supported [application/json, application/*+json]
2025-06-13T05:35:39.487Z DEBUG 5621 --- [risk-assets-api] [io-12000-exec-7] o.s.w.s.m.m.a.HttpEntityMethodProcessor  : Writing [com.jpmc.riskassets.model.RiskAsset@5b234910]
Hibernate: 
    select
        sum(ra1_0.asset_value) 
    from
        risk_assets ra1_0
2025-06-13T05:35:39.488Z DEBUG 5621 --- [risk-assets-api] [io-12000-exec-8] o.s.w.s.m.m.a.HttpEntityMethodProcessor  : Using 'application/json', given [*/*] and supported [application/json, application/*+json]
2025-06-13T05:35:39.488Z DEBUG 5621 --- [risk-assets-api] [io-12000-exec-8] o.s.w.s.m.m.a.HttpEntityMethodProcessor  : Writing [[com.jpmc.riskassets.model.RiskAsset@2f620a3f, com.jpmc.riskassets.model.RiskAsset@6c8dcc6a, com.jpm (truncated)...]
Hibernate: 
    select
        avg(ra1_0.risk_score) 
    from
        risk_assets ra1_0
2025-06-13T05:35:39.488Z DEBUG 5621 --- [risk-assets-api] [io-12000-exec-8] o.s.web.servlet.DispatcherServlet        : Completed 200 OK
Hibernate: 
    select
        count(ra1_0.id) 
    from
        risk_assets ra1_0 
    where
        ra1_0.risk_level=?
Hibernate: 
    select
        ra1_0.id,
        ra1_0.created_at,
        ra1_0.description,
        ra1_0.location,
        ra1_0.name,
        ra1_0.owner,
        ra1_0.risk_level,
        ra1_0.risk_score,
        ra1_0.type,
        ra1_0.updated_at,
        ra1_0.asset_value 
    from
        risk_assets ra1_0
Hibernate: 
    select
        count(ra1_0.id) 
    from
        risk_assets ra1_0 
    where
        ra1_0.risk_level=?
Hibernate: 
    select
        count(ra1_0.id) 
    from
        risk_assets ra1_0 
    where
        ra1_0.risk_level=?
Hibernate: 
    select
        count(ra1_0.id) 
    from
        risk_assets ra1_0 
    where
        ra1_0.risk_level=?
2025-06-13T05:35:39.492Z DEBUG 5621 --- [risk-assets-api] [io-12000-exec-1] o.s.w.s.m.m.a.HttpEntityMethodProcessor  : Using 'application/json', given [*/*] and supported [application/json, application/*+json]
2025-06-13T05:35:39.492Z DEBUG 5621 --- [risk-assets-api] [io-12000-exec-1] o.s.w.s.m.m.a.HttpEntityMethodProcessor  : Writing [com.jpmc.riskassets.model.RiskSummary@7249a7ca]
2025-06-13T05:35:39.492Z DEBUG 5621 --- [risk-assets-api] [io-12000-exec-1] o.s.web.servlet.DispatcherServlet        : Completed 200 OK
2025-06-13T05:35:39.493Z DEBUG 5621 --- [risk-assets-api] [io-12000-exec-3] o.s.w.s.m.m.a.HttpEntityMethodProcessor  : Using 'application/json', given [*/*] and supported [application/json, application/*+json]
2025-06-13T05:35:39.493Z DEBUG 5621 --- [risk-assets-api] [io-12000-exec-3] o.s.w.s.m.m.a.HttpEntityMethodProcessor  : Writing [[com.jpmc.riskassets.model.RiskAsset@208f3275, com.jpmc.riskassets.model.RiskAsset@11fcbd30, com.jpm (truncated)...]
2025-06-13T05:35:39.488Z DEBUG 5621 --- [risk-assets-api] [io-12000-exec-7] o.s.web.servlet.DispatcherServlet        : Completed 200 OK
2025-06-13T05:35:39.494Z DEBUG 5621 --- [risk-assets-api] [io-12000-exec-3] o.s.web.servlet.DispatcherServlet        : Completed 200 OK
2025-06-13T05:35:39.587Z DEBUG 5621 --- [risk-assets-api] [io-12000-exec-8] o.s.web.servlet.DispatcherServlet        : GET "/api/assets/risk-summary", parameters={}
2025-06-13T05:35:39.587Z DEBUG 5621 --- [risk-assets-api] [io-12000-exec-5] o.s.web.servlet.DispatcherServlet        : GET "/api/assets", parameters={}
2025-06-13T05:35:39.588Z DEBUG 5621 --- [risk-assets-api] [io-12000-exec-8] s.w.s.m.m.a.RequestMappingHandlerMapping : Mapped to com.jpmc.riskassets.controller.RiskAssetController#getRiskSummary()
2025-06-13T05:35:39.587Z DEBUG 5621 --- [risk-assets-api] [io-12000-exec-2] o.s.web.servlet.DispatcherServlet        : GET "/api/assets/risk-level/HIGH", parameters={}
2025-06-13T05:35:39.587Z DEBUG 5621 --- [risk-assets-api] [o-12000-exec-10] o.s.web.servlet.DispatcherServlet        : GET "/api/assets/1", parameters={}
2025-06-13T05:35:39.588Z DEBUG 5621 --- [risk-assets-api] [io-12000-exec-2] s.w.s.m.m.a.RequestMappingHandlerMapping : Mapped to com.jpmc.riskassets.controller.RiskAssetController#getAssetsByRiskLevel(RiskLevel)
2025-06-13T05:35:39.588Z DEBUG 5621 --- [risk-assets-api] [o-12000-exec-10] s.w.s.m.m.a.RequestMappingHandlerMapping : Mapped to com.jpmc.riskassets.controller.RiskAssetController#getAssetById(Long)
2025-06-13T05:35:39.588Z DEBUG 5621 --- [risk-assets-api] [io-12000-exec-5] s.w.s.m.m.a.RequestMappingHandlerMapping : Mapped to com.jpmc.riskassets.controller.RiskAssetController#getAllAssets()
Hibernate: 
    select
        ra1_0.id,
        ra1_0.created_at,
        ra1_0.description,
        ra1_0.location,
        ra1_0.name,
        ra1_0.owner,
        ra1_0.risk_level,
        ra1_0.risk_score,
        ra1_0.type,
        ra1_0.updated_at,
        ra1_0.asset_value 
    from
        risk_assets ra1_0 
    where
        ra1_0.id=?
Hibernate: 
    select
        ra1_0.id,
        ra1_0.created_at,
        ra1_0.description,
        ra1_0.location,
        ra1_0.name,
        ra1_0.owner,
        ra1_0.risk_level,
        ra1_0.risk_score,
        ra1_0.type,
        ra1_0.updated_at,
        ra1_0.asset_value 
    from
        risk_assets ra1_0 
    where
        ra1_0.risk_level=?
Hibernate: 
    select
        ra1_0.id,
        ra1_0.created_at,
        ra1_0.description,
        ra1_0.location,
        ra1_0.name,
        ra1_0.owner,
        ra1_0.risk_level,
        ra1_0.risk_score,
        ra1_0.type,
        ra1_0.updated_at,
        ra1_0.asset_value 
    from
        risk_assets ra1_0
2025-06-13T05:35:39.590Z DEBUG 5621 --- [risk-assets-api] [o-12000-exec-10] o.s.w.s.m.m.a.HttpEntityMethodProcessor  : Using 'application/json', given [*/*] and supported [application/json, application/*+json]
2025-06-13T05:35:39.590Z DEBUG 5621 --- [risk-assets-api] [io-12000-exec-2] o.s.w.s.m.m.a.HttpEntityMethodProcessor  : Using 'application/json', given [*/*] and supported [application/json, application/*+json]
2025-06-13T05:35:39.590Z DEBUG 5621 --- [risk-assets-api] [o-12000-exec-10] o.s.w.s.m.m.a.HttpEntityMethodProcessor  : Writing [com.jpmc.riskassets.model.RiskAsset@3b4cc441]
2025-06-13T05:35:39.590Z DEBUG 5621 --- [risk-assets-api] [io-12000-exec-2] o.s.w.s.m.m.a.HttpEntityMethodProcessor  : Writing [[com.jpmc.riskassets.model.RiskAsset@8cb3a88, com.jpmc.riskassets.model.RiskAsset@62b13acf, com.jpmc (truncated)...]
Hibernate: 
    select
        count(*) 
    from
        risk_assets ra1_0
2025-06-13T05:35:39.591Z DEBUG 5621 --- [risk-assets-api] [io-12000-exec-5] o.s.w.s.m.m.a.HttpEntityMethodProcessor  : Using 'application/json', given [*/*] and supported [application/json, application/*+json]
2025-06-13T05:35:39.591Z DEBUG 5621 --- [risk-assets-api] [io-12000-exec-5] o.s.w.s.m.m.a.HttpEntityMethodProcessor  : Writing [[com.jpmc.riskassets.model.RiskAsset@79fcffce, com.jpmc.riskassets.model.RiskAsset@18bce33a, com.jpm (truncated)...]
2025-06-13T05:35:39.591Z DEBUG 5621 --- [risk-assets-api] [o-12000-exec-10] o.s.web.servlet.DispatcherServlet        : Completed 200 OK
2025-06-13T05:35:39.591Z DEBUG 5621 --- [risk-assets-api] [io-12000-exec-5] o.s.web.servlet.DispatcherServlet        : Completed 200 OK
Hibernate: 
    select
        sum(ra1_0.asset_value) 
    from
        risk_assets ra1_0
Hibernate: 
    select
        avg(ra1_0.risk_score) 
    from
        risk_assets ra1_0
Hibernate: 
    select
        count(ra1_0.id) 
    from
        risk_assets ra1_0 
    where
        ra1_0.risk_level=?
2025-06-13T05:35:39.595Z DEBUG 5621 --- [risk-assets-api] [io-12000-exec-2] o.s.web.servlet.DispatcherServlet        : Completed 200 OK
Hibernate: 
    select
        count(ra1_0.id) 
    from
        risk_assets ra1_0 
    where
        ra1_0.risk_level=?
Hibernate: 
    select
        count(ra1_0.id) 
    from
        risk_assets ra1_0 
    where
        ra1_0.risk_level=?
Hibernate: 
    select
        count(ra1_0.id) 
    from
        risk_assets ra1_0 
    where
        ra1_0.risk_level=?
2025-06-13T05:35:39.598Z DEBUG 5621 --- [risk-assets-api] [io-12000-exec-8] o.s.w.s.m.m.a.HttpEntityMethodProcessor  : Using 'application/json', given [*/*] and supported [application/json, application/*+json]
2025-06-13T05:35:39.598Z DEBUG 5621 --- [risk-assets-api] [io-12000-exec-8] o.s.w.s.m.m.a.HttpEntityMethodProcessor  : Writing [com.jpmc.riskassets.model.RiskSummary@23c2b1d3]
2025-06-13T05:35:39.598Z DEBUG 5621 --- [risk-assets-api] [io-12000-exec-8] o.s.web.servlet.DispatcherServlet        : Completed 200 OK
2025-06-13T05:35:39.690Z DEBUG 5621 --- [risk-assets-api] [io-12000-exec-6] o.s.web.servlet.DispatcherServlet        : GET "/api/assets/risk-level/HIGH", parameters={}
2025-06-13T05:35:39.690Z DEBUG 5621 --- [risk-assets-api] [o-12000-exec-10] o.s.web.servlet.DispatcherServlet        : GET "/api/assets/1", parameters={}
2025-06-13T05:35:39.690Z DEBUG 5621 --- [risk-assets-api] [o-12000-exec-10] s.w.s.m.m.a.RequestMappingHandlerMapping : Mapped to com.jpmc.riskassets.controller.RiskAssetController#getAssetById(Long)
Hibernate: 
    select
        ra1_0.id,
        ra1_0.created_at,
        ra1_0.description,
        ra1_0.location,
        ra1_0.name,
        ra1_0.owner,
        ra1_0.risk_level,
        ra1_0.risk_score,
        ra1_0.type,
        ra1_0.updated_at,
        ra1_0.asset_value 
    from
        risk_assets ra1_0 
    where
        ra1_0.id=?
2025-06-13T05:35:39.692Z DEBUG 5621 --- [risk-assets-api] [o-12000-exec-10] o.s.w.s.m.m.a.HttpEntityMethodProcessor  : Using 'application/json', given [*/*] and supported [application/json, application/*+json]
2025-06-13T05:35:39.693Z DEBUG 5621 --- [risk-assets-api] [o-12000-exec-10] o.s.w.s.m.m.a.HttpEntityMethodProcessor  : Writing [com.jpmc.riskassets.model.RiskAsset@18c1e8f7]
2025-06-13T05:35:39.693Z DEBUG 5621 --- [risk-assets-api] [o-12000-exec-10] o.s.web.servlet.DispatcherServlet        : Completed 200 OK
2025-06-13T05:35:39.693Z DEBUG 5621 --- [risk-assets-api] [io-12000-exec-9] o.s.web.servlet.DispatcherServlet        : GET "/api/assets", parameters={}
2025-06-13T05:35:39.693Z DEBUG 5621 --- [risk-assets-api] [io-12000-exec-9] s.w.s.m.m.a.RequestMappingHandlerMapping : Mapped to com.jpmc.riskassets.controller.RiskAssetController#getAllAssets()
Hibernate: 
    select
        ra1_0.id,
        ra1_0.created_at,
        ra1_0.description,
        ra1_0.location,
        ra1_0.name,
        ra1_0.owner,
        ra1_0.risk_level,
        ra1_0.risk_score,
        ra1_0.type,
        ra1_0.updated_at,
        ra1_0.asset_value 
    from
        risk_assets ra1_0
2025-06-13T05:35:39.695Z DEBUG 5621 --- [risk-assets-api] [io-12000-exec-5] o.s.web.servlet.DispatcherServlet        : GET "/api/assets/risk-summary", parameters={}
2025-06-13T05:35:39.695Z DEBUG 5621 --- [risk-assets-api] [io-12000-exec-5] s.w.s.m.m.a.RequestMappingHandlerMapping : Mapped to com.jpmc.riskassets.controller.RiskAssetController#getRiskSummary()
Hibernate: 
    select
        count(*) 
    from
        risk_assets ra1_0
2025-06-13T05:35:39.696Z DEBUG 5621 --- [risk-assets-api] [io-12000-exec-9] o.s.w.s.m.m.a.HttpEntityMethodProcessor  : Using 'application/json', given [*/*] and supported [application/json, application/*+json]
2025-06-13T05:35:39.696Z DEBUG 5621 --- [risk-assets-api] [io-12000-exec-9] o.s.w.s.m.m.a.HttpEntityMethodProcessor  : Writing [[com.jpmc.riskassets.model.RiskAsset@e4491cc, com.jpmc.riskassets.model.RiskAsset@aac9ee2, com.jpmc. (truncated)...]
Hibernate: 
    select
        sum(ra1_0.asset_value) 
    from
        risk_assets ra1_0
2025-06-13T05:35:39.696Z DEBUG 5621 --- [risk-assets-api] [io-12000-exec-9] o.s.web.servlet.DispatcherServlet        : Completed 200 OK
2025-06-13T05:35:39.690Z DEBUG 5621 --- [risk-assets-api] [io-12000-exec-6] s.w.s.m.m.a.RequestMappingHandlerMapping : Mapped to com.jpmc.riskassets.controller.RiskAssetController#getAssetsByRiskLevel(RiskLevel)
Hibernate: 
    select
        avg(ra1_0.risk_score) 
    from
        risk_assets ra1_0
Hibernate: 
    select
        count(ra1_0.id) 
    from
        risk_assets ra1_0 
    where
        ra1_0.risk_level=?
Hibernate: 
    select
        ra1_0.id,
        ra1_0.created_at,
        ra1_0.description,
        ra1_0.location,
        ra1_0.name,
        ra1_0.owner,
        ra1_0.risk_level,
        ra1_0.risk_score,
        ra1_0.type,
        ra1_0.updated_at,
        ra1_0.asset_value 
    from
        risk_assets ra1_0 
    where
        ra1_0.risk_level=?
2025-06-13T05:35:39.698Z DEBUG 5621 --- [risk-assets-api] [io-12000-exec-6] o.s.w.s.m.m.a.HttpEntityMethodProcessor  : Using 'application/json', given [*/*] and supported [application/json, application/*+json]
2025-06-13T05:35:39.698Z DEBUG 5621 --- [risk-assets-api] [io-12000-exec-6] o.s.w.s.m.m.a.HttpEntityMethodProcessor  : Writing [[com.jpmc.riskassets.model.RiskAsset@1f074a80, com.jpmc.riskassets.model.RiskAsset@249c21f1, com.jpm (truncated)...]
Hibernate: 
    select
        count(ra1_0.id) 
    from
        risk_assets ra1_0 
    where
        ra1_0.risk_level=?
2025-06-13T05:35:39.699Z DEBUG 5621 --- [risk-assets-api] [io-12000-exec-6] o.s.web.servlet.DispatcherServlet        : Completed 200 OK
Hibernate: 
    select
        count(ra1_0.id) 
    from
        risk_assets ra1_0 
    where
        ra1_0.risk_level=?
Hibernate: 
    select
        count(ra1_0.id) 
    from
        risk_assets ra1_0 
    where
        ra1_0.risk_level=?
2025-06-13T05:35:39.701Z DEBUG 5621 --- [risk-assets-api] [io-12000-exec-5] o.s.w.s.m.m.a.HttpEntityMethodProcessor  : Using 'application/json', given [*/*] and supported [application/json, application/*+json]
2025-06-13T05:35:39.701Z DEBUG 5621 --- [risk-assets-api] [io-12000-exec-5] o.s.w.s.m.m.a.HttpEntityMethodProcessor  : Writing [com.jpmc.riskassets.model.RiskSummary@6b5cf147]
2025-06-13T05:35:39.701Z DEBUG 5621 --- [risk-assets-api] [io-12000-exec-5] o.s.web.servlet.DispatcherServlet        : Completed 200 OK
2025-06-13T05:35:39.791Z DEBUG 5621 --- [risk-assets-api] [io-12000-exec-4] o.s.web.servlet.DispatcherServlet        : GET "/api/assets", parameters={}
2025-06-13T05:35:39.791Z DEBUG 5621 --- [risk-assets-api] [io-12000-exec-3] o.s.web.servlet.DispatcherServlet        : GET "/api/assets/1", parameters={}
2025-06-13T05:35:39.792Z DEBUG 5621 --- [risk-assets-api] [io-12000-exec-4] s.w.s.m.m.a.RequestMappingHandlerMapping : Mapped to com.jpmc.riskassets.controller.RiskAssetController#getAllAssets()
2025-06-13T05:35:39.792Z DEBUG 5621 --- [risk-assets-api] [io-12000-exec-3] s.w.s.m.m.a.RequestMappingHandlerMapping : Mapped to com.jpmc.riskassets.controller.RiskAssetController#getAssetById(Long)
2025-06-13T05:35:39.792Z DEBUG 5621 --- [risk-assets-api] [o-12000-exec-10] o.s.web.servlet.DispatcherServlet        : GET "/api/assets/risk-summary", parameters={}
2025-06-13T05:35:39.792Z DEBUG 5621 --- [risk-assets-api] [o-12000-exec-10] s.w.s.m.m.a.RequestMappingHandlerMapping : Mapped to com.jpmc.riskassets.controller.RiskAssetController#getRiskSummary()
Hibernate: 
    select
        count(*) 
    from
        risk_assets ra1_0
Hibernate: 
    select
        ra1_0.id,
        ra1_0.created_at,
        ra1_0.description,
        ra1_0.location,
        ra1_0.name,
        ra1_0.owner,
        ra1_0.risk_level,
        ra1_0.risk_score,
        ra1_0.type,
        ra1_0.updated_at,
        ra1_0.asset_value 
    from
        risk_assets ra1_0 
    where
        ra1_0.id=?
2025-06-13T05:35:39.793Z DEBUG 5621 --- [risk-assets-api] [io-12000-exec-6] o.s.web.servlet.DispatcherServlet        : GET "/api/assets/risk-level/HIGH", parameters={}
2025-06-13T05:35:39.793Z DEBUG 5621 --- [risk-assets-api] [io-12000-exec-6] s.w.s.m.m.a.RequestMappingHandlerMapping : Mapped to com.jpmc.riskassets.controller.RiskAssetController#getAssetsByRiskLevel(RiskLevel)
Hibernate: 
    select
        ra1_0.id,
        ra1_0.created_at,
        ra1_0.description,
        ra1_0.location,
        ra1_0.name,
        ra1_0.owner,
        ra1_0.risk_level,
        ra1_0.risk_score,
        ra1_0.type,
        ra1_0.updated_at,
        ra1_0.asset_value 
    from
        risk_assets ra1_0
Hibernate: 
    select
        sum(ra1_0.asset_value) 
    from
        risk_assets ra1_0
Hibernate: 
    select
        ra1_0.id,
        ra1_0.created_at,
        ra1_0.description,
        ra1_0.location,
        ra1_0.name,
        ra1_0.owner,
        ra1_0.risk_level,
        ra1_0.risk_score,
        ra1_0.type,
        ra1_0.updated_at,
        ra1_0.asset_value 
    from
        risk_assets ra1_0 
    where
        ra1_0.risk_level=?
Hibernate: 
    select
        avg(ra1_0.risk_score) 
    from
        risk_assets ra1_0
2025-06-13T05:35:39.795Z DEBUG 5621 --- [risk-assets-api] [io-12000-exec-3] o.s.w.s.m.m.a.HttpEntityMethodProcessor  : Using 'application/json', given [*/*] and supported [application/json, application/*+json]
2025-06-13T05:35:39.795Z DEBUG 5621 --- [risk-assets-api] [io-12000-exec-3] o.s.w.s.m.m.a.HttpEntityMethodProcessor  : Writing [com.jpmc.riskassets.model.RiskAsset@310a94a1]
2025-06-13T05:35:39.795Z DEBUG 5621 --- [risk-assets-api] [io-12000-exec-6] o.s.w.s.m.m.a.HttpEntityMethodProcessor  : Using 'application/json', given [*/*] and supported [application/json, application/*+json]
2025-06-13T05:35:39.795Z DEBUG 5621 --- [risk-assets-api] [io-12000-exec-6] o.s.w.s.m.m.a.HttpEntityMethodProcessor  : Writing [[com.jpmc.riskassets.model.RiskAsset@7b8ae2af, com.jpmc.riskassets.model.RiskAsset@26edb59, com.jpmc (truncated)...]
2025-06-13T05:35:39.795Z DEBUG 5621 --- [risk-assets-api] [io-12000-exec-3] o.s.web.servlet.DispatcherServlet        : Completed 200 OK
Hibernate: 
    select
        count(ra1_0.id) 
    from
        risk_assets ra1_0 
    where
        ra1_0.risk_level=?
2025-06-13T05:35:39.795Z DEBUG 5621 --- [risk-assets-api] [io-12000-exec-6] o.s.web.servlet.DispatcherServlet        : Completed 200 OK
2025-06-13T05:35:39.796Z DEBUG 5621 --- [risk-assets-api] [io-12000-exec-4] o.s.w.s.m.m.a.HttpEntityMethodProcessor  : Using 'application/json', given [*/*] and supported [application/json, application/*+json]
2025-06-13T05:35:39.796Z DEBUG 5621 --- [risk-assets-api] [io-12000-exec-4] o.s.w.s.m.m.a.HttpEntityMethodProcessor  : Writing [[com.jpmc.riskassets.model.RiskAsset@5c952ad3, com.jpmc.riskassets.model.RiskAsset@273cdda3, com.jpm (truncated)...]
2025-06-13T05:35:39.796Z DEBUG 5621 --- [risk-assets-api] [io-12000-exec-4] o.s.web.servlet.DispatcherServlet        : Completed 200 OK
Hibernate: 
    select
        count(ra1_0.id) 
    from
        risk_assets ra1_0 
    where
        ra1_0.risk_level=?
Hibernate: 
    select
        count(ra1_0.id) 
    from
        risk_assets ra1_0 
    where
        ra1_0.risk_level=?
Hibernate: 
    select
        count(ra1_0.id) 
    from
        risk_assets ra1_0 
    where
        ra1_0.risk_level=?
2025-06-13T05:35:39.799Z DEBUG 5621 --- [risk-assets-api] [o-12000-exec-10] o.s.w.s.m.m.a.HttpEntityMethodProcessor  : Using 'application/json', given [*/*] and supported [application/json, application/*+json]
2025-06-13T05:35:39.800Z DEBUG 5621 --- [risk-assets-api] [o-12000-exec-10] o.s.w.s.m.m.a.HttpEntityMethodProcessor  : Writing [com.jpmc.riskassets.model.RiskSummary@8a68c9c]
2025-06-13T05:35:39.800Z DEBUG 5621 --- [risk-assets-api] [o-12000-exec-10] o.s.web.servlet.DispatcherServlet        : Completed 200 OK
2025-06-13T05:35:39.894Z DEBUG 5621 --- [risk-assets-api] [io-12000-exec-8] o.s.web.servlet.DispatcherServlet        : GET "/api/assets", parameters={}
2025-06-13T05:35:39.894Z DEBUG 5621 --- [risk-assets-api] [io-12000-exec-3] o.s.web.servlet.DispatcherServlet        : GET "/api/assets/1", parameters={}
2025-06-13T05:35:39.894Z DEBUG 5621 --- [risk-assets-api] [io-12000-exec-8] s.w.s.m.m.a.RequestMappingHandlerMapping : Mapped to com.jpmc.riskassets.controller.RiskAssetController#getAllAssets()
2025-06-13T05:35:39.894Z DEBUG 5621 --- [risk-assets-api] [io-12000-exec-6] o.s.web.servlet.DispatcherServlet        : GET "/api/assets/risk-level/HIGH", parameters={}
2025-06-13T05:35:39.894Z DEBUG 5621 --- [risk-assets-api] [io-12000-exec-3] s.w.s.m.m.a.RequestMappingHandlerMapping : Mapped to com.jpmc.riskassets.controller.RiskAssetController#getAssetById(Long)
2025-06-13T05:35:39.894Z DEBUG 5621 --- [risk-assets-api] [io-12000-exec-6] s.w.s.m.m.a.RequestMappingHandlerMapping : Mapped to com.jpmc.riskassets.controller.RiskAssetController#getAssetsByRiskLevel(RiskLevel)
Hibernate: 
    select
        ra1_0.id,
        ra1_0.created_at,
        ra1_0.description,
        ra1_0.location,
        ra1_0.name,
        ra1_0.owner,
        ra1_0.risk_level,
        ra1_0.risk_score,
        ra1_0.type,
        ra1_0.updated_at,
        ra1_0.asset_value 
    from
        risk_assets ra1_0 
    where
        ra1_0.id=?
Hibernate: 
    select
        ra1_0.id,
        ra1_0.created_at,
        ra1_0.description,
        ra1_0.location,
        ra1_0.name,
        ra1_0.owner,
        ra1_0.risk_level,
        ra1_0.risk_score,
        ra1_0.type,
        ra1_0.updated_at,
        ra1_0.asset_value 
    from
        risk_assets ra1_0
Hibernate: 
    select
        ra1_0.id,
        ra1_0.created_at,
        ra1_0.description,
        ra1_0.location,
        ra1_0.name,
        ra1_0.owner,
        ra1_0.risk_level,
        ra1_0.risk_score,
        ra1_0.type,
        ra1_0.updated_at,
        ra1_0.asset_value 
    from
        risk_assets ra1_0 
    where
        ra1_0.risk_level=?
2025-06-13T05:35:39.896Z DEBUG 5621 --- [risk-assets-api] [io-12000-exec-3] o.s.w.s.m.m.a.HttpEntityMethodProcessor  : Using 'application/json', given [*/*] and supported [application/json, application/*+json]
2025-06-13T05:35:39.896Z DEBUG 5621 --- [risk-assets-api] [io-12000-exec-3] o.s.w.s.m.m.a.HttpEntityMethodProcessor  : Writing [com.jpmc.riskassets.model.RiskAsset@1c8d4d23]
2025-06-13T05:35:39.896Z DEBUG 5621 --- [risk-assets-api] [io-12000-exec-6] o.s.w.s.m.m.a.HttpEntityMethodProcessor  : Using 'application/json', given [*/*] and supported [application/json, application/*+json]
2025-06-13T05:35:39.896Z DEBUG 5621 --- [risk-assets-api] [io-12000-exec-6] o.s.w.s.m.m.a.HttpEntityMethodProcessor  : Writing [[com.jpmc.riskassets.model.RiskAsset@684250f9, com.jpmc.riskassets.model.RiskAsset@1eba72b9, com.jpm (truncated)...]
2025-06-13T05:35:39.896Z DEBUG 5621 --- [risk-assets-api] [io-12000-exec-8] o.s.w.s.m.m.a.HttpEntityMethodProcessor  : Using 'application/json', given [*/*] and supported [application/json, application/*+json]
2025-06-13T05:35:39.896Z DEBUG 5621 --- [risk-assets-api] [io-12000-exec-8] o.s.w.s.m.m.a.HttpEntityMethodProcessor  : Writing [[com.jpmc.riskassets.model.RiskAsset@3e07f54e, com.jpmc.riskassets.model.RiskAsset@5b2d3524, com.jpm (truncated)...]
2025-06-13T05:35:39.896Z DEBUG 5621 --- [risk-assets-api] [io-12000-exec-3] o.s.web.servlet.DispatcherServlet        : Completed 200 OK
2025-06-13T05:35:39.896Z DEBUG 5621 --- [risk-assets-api] [io-12000-exec-6] o.s.web.servlet.DispatcherServlet        : Completed 200 OK
2025-06-13T05:35:39.896Z DEBUG 5621 --- [risk-assets-api] [io-12000-exec-8] o.s.web.servlet.DispatcherServlet        : Completed 200 OK
2025-06-13T05:35:39.894Z DEBUG 5621 --- [risk-assets-api] [io-12000-exec-5] o.s.web.servlet.DispatcherServlet        : GET "/api/assets/risk-summary", parameters={}
2025-06-13T05:35:39.899Z DEBUG 5621 --- [risk-assets-api] [io-12000-exec-5] s.w.s.m.m.a.RequestMappingHandlerMapping : Mapped to com.jpmc.riskassets.controller.RiskAssetController#getRiskSummary()
Hibernate: 
    select
        count(*) 
    from
        risk_assets ra1_0
Hibernate: 
    select
        sum(ra1_0.asset_value) 
    from
        risk_assets ra1_0
Hibernate: 
    select
        avg(ra1_0.risk_score) 
    from
        risk_assets ra1_0
Hibernate: 
    select
        count(ra1_0.id) 
    from
        risk_assets ra1_0 
    where
        ra1_0.risk_level=?
Hibernate: 
    select
        count(ra1_0.id) 
    from
        risk_assets ra1_0 
    where
        ra1_0.risk_level=?
Hibernate: 
    select
        count(ra1_0.id) 
    from
        risk_assets ra1_0 
    where
        ra1_0.risk_level=?
Hibernate: 
    select
        count(ra1_0.id) 
    from
        risk_assets ra1_0 
    where
        ra1_0.risk_level=?
2025-06-13T05:35:39.908Z DEBUG 5621 --- [risk-assets-api] [io-12000-exec-5] o.s.w.s.m.m.a.HttpEntityMethodProcessor  : Using 'application/json', given [*/*] and supported [application/json, application/*+json]
2025-06-13T05:35:39.909Z DEBUG 5621 --- [risk-assets-api] [io-12000-exec-5] o.s.w.s.m.m.a.HttpEntityMethodProcessor  : Writing [com.jpmc.riskassets.model.RiskSummary@3de7cb36]
2025-06-13T05:35:39.909Z DEBUG 5621 --- [risk-assets-api] [io-12000-exec-5] o.s.web.servlet.DispatcherServlet        : Completed 200 OK
2025-06-13T05:35:39.996Z DEBUG 5621 --- [risk-assets-api] [io-12000-exec-3] o.s.web.servlet.DispatcherServlet        : GET "/api/assets/risk-summary", parameters={}
2025-06-13T05:35:39.996Z DEBUG 5621 --- [risk-assets-api] [io-12000-exec-6] o.s.web.servlet.DispatcherServlet        : GET "/api/assets/risk-level/HIGH", parameters={}
2025-06-13T05:35:39.996Z DEBUG 5621 --- [risk-assets-api] [o-12000-exec-10] o.s.web.servlet.DispatcherServlet        : GET "/api/assets/1", parameters={}
2025-06-13T05:35:39.996Z DEBUG 5621 --- [risk-assets-api] [io-12000-exec-3] s.w.s.m.m.a.RequestMappingHandlerMapping : Mapped to com.jpmc.riskassets.controller.RiskAssetController#getRiskSummary()
2025-06-13T05:35:39.996Z DEBUG 5621 --- [risk-assets-api] [io-12000-exec-7] o.s.web.servlet.DispatcherServlet        : GET "/api/assets", parameters={}
2025-06-13T05:35:39.997Z DEBUG 5621 --- [risk-assets-api] [io-12000-exec-6] s.w.s.m.m.a.RequestMappingHandlerMapping : Mapped to com.jpmc.riskassets.controller.RiskAssetController#getAssetsByRiskLevel(RiskLevel)
2025-06-13T05:35:39.997Z DEBUG 5621 --- [risk-assets-api] [io-12000-exec-7] s.w.s.m.m.a.RequestMappingHandlerMapping : Mapped to com.jpmc.riskassets.controller.RiskAssetController#getAllAssets()
2025-06-13T05:35:39.997Z DEBUG 5621 --- [risk-assets-api] [o-12000-exec-10] s.w.s.m.m.a.RequestMappingHandlerMapping : Mapped to com.jpmc.riskassets.controller.RiskAssetController#getAssetById(Long)
Hibernate: 
    select
        ra1_0.id,
        ra1_0.created_at,
        ra1_0.description,
        ra1_0.location,
        ra1_0.name,
        ra1_0.owner,
        ra1_0.risk_level,
        ra1_0.risk_score,
        ra1_0.type,
        ra1_0.updated_at,
        ra1_0.asset_value 
    from
        risk_assets ra1_0 
    where
        ra1_0.id=?
Hibernate: 
    select
        ra1_0.id,
        ra1_0.created_at,
        ra1_0.description,
        ra1_0.location,
        ra1_0.name,
        ra1_0.owner,
        ra1_0.risk_level,
        ra1_0.risk_score,
        ra1_0.type,
        ra1_0.updated_at,
        ra1_0.asset_value 
    from
        risk_assets ra1_0
Hibernate: 
    select
        ra1_0.id,
        ra1_0.created_at,
        ra1_0.description,
        ra1_0.location,
        ra1_0.name,
        ra1_0.owner,
        ra1_0.risk_level,
        ra1_0.risk_score,
        ra1_0.type,
        ra1_0.updated_at,
        ra1_0.asset_value 
    from
        risk_assets ra1_0 
    where
        ra1_0.risk_level=?
2025-06-13T05:35:39.999Z DEBUG 5621 --- [risk-assets-api] [io-12000-exec-6] o.s.w.s.m.m.a.HttpEntityMethodProcessor  : Using 'application/json', given [*/*] and supported [application/json, application/*+json]
2025-06-13T05:35:39.999Z DEBUG 5621 --- [risk-assets-api] [io-12000-exec-7] o.s.w.s.m.m.a.HttpEntityMethodProcessor  : Using 'application/json', given [*/*] and supported [application/json, application/*+json]
2025-06-13T05:35:39.999Z DEBUG 5621 --- [risk-assets-api] [io-12000-exec-7] o.s.w.s.m.m.a.HttpEntityMethodProcessor  : Writing [[com.jpmc.riskassets.model.RiskAsset@a48930a, com.jpmc.riskassets.model.RiskAsset@6c041bc2, com.jpmc (truncated)...]
2025-06-13T05:35:39.999Z DEBUG 5621 --- [risk-assets-api] [io-12000-exec-6] o.s.w.s.m.m.a.HttpEntityMethodProcessor  : Writing [[com.jpmc.riskassets.model.RiskAsset@17058175, com.jpmc.riskassets.model.RiskAsset@5c8c9c57, com.jpm (truncated)...]
2025-06-13T05:35:40.000Z DEBUG 5621 --- [risk-assets-api] [io-12000-exec-7] o.s.web.servlet.DispatcherServlet        : Completed 200 OK
2025-06-13T05:35:40.000Z DEBUG 5621 --- [risk-assets-api] [io-12000-exec-6] o.s.web.servlet.DispatcherServlet        : Completed 200 OK
Hibernate: 
    select
        count(*) 
    from
        risk_assets ra1_0
2025-06-13T05:35:40.002Z DEBUG 5621 --- [risk-assets-api] [o-12000-exec-10] o.s.w.s.m.m.a.HttpEntityMethodProcessor  : Using 'application/json', given [*/*] and supported [application/json, application/*+json]
2025-06-13T05:35:40.002Z DEBUG 5621 --- [risk-assets-api] [o-12000-exec-10] o.s.w.s.m.m.a.HttpEntityMethodProcessor  : Writing [com.jpmc.riskassets.model.RiskAsset@b19dbde]
2025-06-13T05:35:40.002Z DEBUG 5621 --- [risk-assets-api] [o-12000-exec-10] o.s.web.servlet.DispatcherServlet        : Completed 200 OK
Hibernate: 
    select
        sum(ra1_0.asset_value) 
    from
        risk_assets ra1_0
Hibernate: 
    select
        avg(ra1_0.risk_score) 
    from
        risk_assets ra1_0
Hibernate: 
    select
        count(ra1_0.id) 
    from
        risk_assets ra1_0 
    where
        ra1_0.risk_level=?
Hibernate: 
    select
        count(ra1_0.id) 
    from
        risk_assets ra1_0 
    where
        ra1_0.risk_level=?
Hibernate: 
    select
        count(ra1_0.id) 
    from
        risk_assets ra1_0 
    where
        ra1_0.risk_level=?
Hibernate: 
    select
        count(ra1_0.id) 
    from
        risk_assets ra1_0 
    where
        ra1_0.risk_level=?
2025-06-13T05:35:40.007Z DEBUG 5621 --- [risk-assets-api] [io-12000-exec-3] o.s.w.s.m.m.a.HttpEntityMethodProcessor  : Using 'application/json', given [*/*] and supported [application/json, application/*+json]
2025-06-13T05:35:40.007Z DEBUG 5621 --- [risk-assets-api] [io-12000-exec-3] o.s.w.s.m.m.a.HttpEntityMethodProcessor  : Writing [com.jpmc.riskassets.model.RiskSummary@3abb001e]
2025-06-13T05:35:40.007Z DEBUG 5621 --- [risk-assets-api] [io-12000-exec-3] o.s.web.servlet.DispatcherServlet        : Completed 200 OK
2025-06-13T05:35:40.098Z DEBUG 5621 --- [risk-assets-api] [io-12000-exec-2] o.s.web.servlet.DispatcherServlet        : GET "/api/assets/1", parameters={}
2025-06-13T05:35:40.098Z DEBUG 5621 --- [risk-assets-api] [io-12000-exec-6] o.s.web.servlet.DispatcherServlet        : GET "/api/assets/risk-summary", parameters={}
2025-06-13T05:35:40.098Z DEBUG 5621 --- [risk-assets-api] [io-12000-exec-2] s.w.s.m.m.a.RequestMappingHandlerMapping : Mapped to com.jpmc.riskassets.controller.RiskAssetController#getAssetById(Long)
2025-06-13T05:35:40.098Z DEBUG 5621 --- [risk-assets-api] [io-12000-exec-6] s.w.s.m.m.a.RequestMappingHandlerMapping : Mapped to com.jpmc.riskassets.controller.RiskAssetController#getRiskSummary()
2025-06-13T05:35:40.098Z DEBUG 5621 --- [risk-assets-api] [o-12000-exec-10] o.s.web.servlet.DispatcherServlet        : GET "/api/assets/risk-level/HIGH", parameters={}
2025-06-13T05:35:40.098Z DEBUG 5621 --- [risk-assets-api] [o-12000-exec-10] s.w.s.m.m.a.RequestMappingHandlerMapping : Mapped to com.jpmc.riskassets.controller.RiskAssetController#getAssetsByRiskLevel(RiskLevel)
Hibernate: 
    select
        ra1_0.id,
        ra1_0.created_at,
        ra1_0.description,
        ra1_0.location,
        ra1_0.name,
        ra1_0.owner,
        ra1_0.risk_level,
        ra1_0.risk_score,
        ra1_0.type,
        ra1_0.updated_at,
        ra1_0.asset_value 
    from
        risk_assets ra1_0 
    where
        ra1_0.id=?
Hibernate: 
    select
        count(*) 
    from
        risk_assets ra1_0
2025-06-13T05:35:40.098Z DEBUG 5621 --- [risk-assets-api] [io-12000-exec-5] o.s.web.servlet.DispatcherServlet        : GET "/api/assets", parameters={}
2025-06-13T05:35:40.099Z DEBUG 5621 --- [risk-assets-api] [io-12000-exec-5] s.w.s.m.m.a.RequestMappingHandlerMapping : Mapped to com.jpmc.riskassets.controller.RiskAssetController#getAllAssets()
Hibernate: 
    select
        ra1_0.id,
        ra1_0.created_at,
        ra1_0.description,
        ra1_0.location,
        ra1_0.name,
        ra1_0.owner,
        ra1_0.risk_level,
        ra1_0.risk_score,
        ra1_0.type,
        ra1_0.updated_at,
        ra1_0.asset_value 
    from
        risk_assets ra1_0 
    where
        ra1_0.risk_level=?
Hibernate: 
    select
        sum(ra1_0.asset_value) 
    from
        risk_assets ra1_0
Hibernate: 
    select
        ra1_0.id,
        ra1_0.created_at,
        ra1_0.description,
        ra1_0.location,
        ra1_0.name,
        ra1_0.owner,
        ra1_0.risk_level,
        ra1_0.risk_score,
        ra1_0.type,
        ra1_0.updated_at,
        ra1_0.asset_value 
    from
        risk_assets ra1_0
Hibernate: 
    select
        avg(ra1_0.risk_score) 
    from
        risk_assets ra1_0
2025-06-13T05:35:40.100Z DEBUG 5621 --- [risk-assets-api] [o-12000-exec-10] o.s.w.s.m.m.a.HttpEntityMethodProcessor  : Using 'application/json', given [*/*] and supported [application/json, application/*+json]
2025-06-13T05:35:40.101Z DEBUG 5621 --- [risk-assets-api] [o-12000-exec-10] o.s.w.s.m.m.a.HttpEntityMethodProcessor  : Writing [[com.jpmc.riskassets.model.RiskAsset@7460f189, com.jpmc.riskassets.model.RiskAsset@1cb3815a, com.jpm (truncated)...]
Hibernate: 
    select
        count(ra1_0.id) 
    from
        risk_assets ra1_0 
    where
        ra1_0.risk_level=?
2025-06-13T05:35:40.101Z DEBUG 5621 --- [risk-assets-api] [o-12000-exec-10] o.s.web.servlet.DispatcherServlet        : Completed 200 OK
Hibernate: 
    select
        count(ra1_0.id) 
    from
        risk_assets ra1_0 
    where
        ra1_0.risk_level=?
2025-06-13T05:35:40.102Z DEBUG 5621 --- [risk-assets-api] [io-12000-exec-5] o.s.w.s.m.m.a.HttpEntityMethodProcessor  : Using 'application/json', given [*/*] and supported [application/json, application/*+json]
2025-06-13T05:35:40.102Z DEBUG 5621 --- [risk-assets-api] [io-12000-exec-5] o.s.w.s.m.m.a.HttpEntityMethodProcessor  : Writing [[com.jpmc.riskassets.model.RiskAsset@4d7e38a0, com.jpmc.riskassets.model.RiskAsset@29d4a99f, com.jpm (truncated)...]
2025-06-13T05:35:40.103Z DEBUG 5621 --- [risk-assets-api] [io-12000-exec-2] o.s.w.s.m.m.a.HttpEntityMethodProcessor  : Using 'application/json', given [*/*] and supported [application/json, application/*+json]
2025-06-13T05:35:40.103Z DEBUG 5621 --- [risk-assets-api] [io-12000-exec-2] o.s.w.s.m.m.a.HttpEntityMethodProcessor  : Writing [com.jpmc.riskassets.model.RiskAsset@368069ce]
2025-06-13T05:35:40.103Z DEBUG 5621 --- [risk-assets-api] [io-12000-exec-5] o.s.web.servlet.DispatcherServlet        : Completed 200 OK
2025-06-13T05:35:40.103Z DEBUG 5621 --- [risk-assets-api] [io-12000-exec-2] o.s.web.servlet.DispatcherServlet        : Completed 200 OK
Hibernate: 
    select
        count(ra1_0.id) 
    from
        risk_assets ra1_0 
    where
        ra1_0.risk_level=?
Hibernate: 
    select
        count(ra1_0.id) 
    from
        risk_assets ra1_0 
    where
        ra1_0.risk_level=?
2025-06-13T05:35:40.105Z DEBUG 5621 --- [risk-assets-api] [io-12000-exec-6] o.s.w.s.m.m.a.HttpEntityMethodProcessor  : Using 'application/json', given [*/*] and supported [application/json, application/*+json]
2025-06-13T05:35:40.105Z DEBUG 5621 --- [risk-assets-api] [io-12000-exec-6] o.s.w.s.m.m.a.HttpEntityMethodProcessor  : Writing [com.jpmc.riskassets.model.RiskSummary@74ac7997]
2025-06-13T05:35:40.105Z DEBUG 5621 --- [risk-assets-api] [io-12000-exec-6] o.s.web.servlet.DispatcherServlet        : Completed 200 OK
2025-06-13T05:35:40.200Z DEBUG 5621 --- [risk-assets-api] [io-12000-exec-4] o.s.web.servlet.DispatcherServlet        : GET "/api/assets/risk-summary", parameters={}
2025-06-13T05:35:40.200Z DEBUG 5621 --- [risk-assets-api] [o-12000-exec-10] o.s.web.servlet.DispatcherServlet        : GET "/api/assets/risk-level/HIGH", parameters={}
2025-06-13T05:35:40.200Z DEBUG 5621 --- [risk-assets-api] [io-12000-exec-1] o.s.web.servlet.DispatcherServlet        : GET "/api/assets", parameters={}
2025-06-13T05:35:40.200Z DEBUG 5621 --- [risk-assets-api] [o-12000-exec-10] s.w.s.m.m.a.RequestMappingHandlerMapping : Mapped to com.jpmc.riskassets.controller.RiskAssetController#getAssetsByRiskLevel(RiskLevel)
2025-06-13T05:35:40.200Z DEBUG 5621 --- [risk-assets-api] [io-12000-exec-1] s.w.s.m.m.a.RequestMappingHandlerMapping : Mapped to com.jpmc.riskassets.controller.RiskAssetController#getAllAssets()
Hibernate: 
    select
        ra1_0.id,
        ra1_0.created_at,
        ra1_0.description,
        ra1_0.location,
        ra1_0.name,
        ra1_0.owner,
        ra1_0.risk_level,
        ra1_0.risk_score,
        ra1_0.type,
        ra1_0.updated_at,
        ra1_0.asset_value 
    from
        risk_assets ra1_0
2025-06-13T05:35:40.200Z DEBUG 5621 --- [risk-assets-api] [io-12000-exec-3] o.s.web.servlet.DispatcherServlet        : GET "/api/assets/1", parameters={}
2025-06-13T05:35:40.202Z DEBUG 5621 --- [risk-assets-api] [io-12000-exec-3] s.w.s.m.m.a.RequestMappingHandlerMapping : Mapped to com.jpmc.riskassets.controller.RiskAssetController#getAssetById(Long)
Hibernate: 
    select
        ra1_0.id,
        ra1_0.created_at,
        ra1_0.description,
        ra1_0.location,
        ra1_0.name,
        ra1_0.owner,
        ra1_0.risk_level,
        ra1_0.risk_score,
        ra1_0.type,
        ra1_0.updated_at,
        ra1_0.asset_value 
    from
        risk_assets ra1_0 
    where
        ra1_0.id=?
2025-06-13T05:35:40.203Z DEBUG 5621 --- [risk-assets-api] [io-12000-exec-1] o.s.w.s.m.m.a.HttpEntityMethodProcessor  : Using 'application/json', given [*/*] and supported [application/json, application/*+json]
2025-06-13T05:35:40.203Z DEBUG 5621 --- [risk-assets-api] [io-12000-exec-1] o.s.w.s.m.m.a.HttpEntityMethodProcessor  : Writing [[com.jpmc.riskassets.model.RiskAsset@4faaef05, com.jpmc.riskassets.model.RiskAsset@56ce1edb, com.jpm (truncated)...]
2025-06-13T05:35:40.203Z DEBUG 5621 --- [risk-assets-api] [io-12000-exec-3] o.s.w.s.m.m.a.HttpEntityMethodProcessor  : Using 'application/json', given [*/*] and supported [application/json, application/*+json]
2025-06-13T05:35:40.203Z DEBUG 5621 --- [risk-assets-api] [io-12000-exec-3] o.s.w.s.m.m.a.HttpEntityMethodProcessor  : Writing [com.jpmc.riskassets.model.RiskAsset@50818cf8]
Hibernate: 
    select
        ra1_0.id,
        ra1_0.created_at,
        ra1_0.description,
        ra1_0.location,
        ra1_0.name,
        ra1_0.owner,
        ra1_0.risk_level,
        ra1_0.risk_score,
        ra1_0.type,
        ra1_0.updated_at,
        ra1_0.asset_value 
    from
        risk_assets ra1_0 
    where
        ra1_0.risk_level=?
2025-06-13T05:35:40.200Z DEBUG 5621 --- [risk-assets-api] [io-12000-exec-4] s.w.s.m.m.a.RequestMappingHandlerMapping : Mapped to com.jpmc.riskassets.controller.RiskAssetController#getRiskSummary()
2025-06-13T05:35:40.203Z DEBUG 5621 --- [risk-assets-api] [io-12000-exec-3] o.s.web.servlet.DispatcherServlet        : Completed 200 OK
2025-06-13T05:35:40.204Z DEBUG 5621 --- [risk-assets-api] [io-12000-exec-1] o.s.web.servlet.DispatcherServlet        : Completed 200 OK
Hibernate: 
    select
        count(*) 
    from
        risk_assets ra1_0
2025-06-13T05:35:40.204Z DEBUG 5621 --- [risk-assets-api] [o-12000-exec-10] o.s.w.s.m.m.a.HttpEntityMethodProcessor  : Using 'application/json', given [*/*] and supported [application/json, application/*+json]
2025-06-13T05:35:40.204Z DEBUG 5621 --- [risk-assets-api] [o-12000-exec-10] o.s.w.s.m.m.a.HttpEntityMethodProcessor  : Writing [[com.jpmc.riskassets.model.RiskAsset@7fb40bd, com.jpmc.riskassets.model.RiskAsset@ab752d3, com.jpmc. (truncated)...]
Hibernate: 
    select
        sum(ra1_0.asset_value) 
    from
        risk_assets ra1_0
2025-06-13T05:35:40.205Z DEBUG 5621 --- [risk-assets-api] [o-12000-exec-10] o.s.web.servlet.DispatcherServlet        : Completed 200 OK
Hibernate: 
    select
        avg(ra1_0.risk_score) 
    from
        risk_assets ra1_0
Hibernate: 
    select
        count(ra1_0.id) 
    from
        risk_assets ra1_0 
    where
        ra1_0.risk_level=?
Hibernate: 
    select
        count(ra1_0.id) 
    from
        risk_assets ra1_0 
    where
        ra1_0.risk_level=?
Hibernate: 
    select
        count(ra1_0.id) 
    from
        risk_assets ra1_0 
    where
        ra1_0.risk_level=?
Hibernate: 
    select
        count(ra1_0.id) 
    from
        risk_assets ra1_0 
    where
        ra1_0.risk_level=?
2025-06-13T05:35:40.208Z DEBUG 5621 --- [risk-assets-api] [io-12000-exec-4] o.s.w.s.m.m.a.HttpEntityMethodProcessor  : Using 'application/json', given [*/*] and supported [application/json, application/*+json]
2025-06-13T05:35:40.209Z DEBUG 5621 --- [risk-assets-api] [io-12000-exec-4] o.s.w.s.m.m.a.HttpEntityMethodProcessor  : Writing [com.jpmc.riskassets.model.RiskSummary@10538a7]
2025-06-13T05:35:40.209Z DEBUG 5621 --- [risk-assets-api] [io-12000-exec-4] o.s.web.servlet.DispatcherServlet        : Completed 200 OK
2025-06-13T05:35:40.302Z DEBUG 5621 --- [risk-assets-api] [io-12000-exec-8] o.s.web.servlet.DispatcherServlet        : GET "/api/assets", parameters={}
2025-06-13T05:35:40.302Z DEBUG 5621 --- [risk-assets-api] [io-12000-exec-9] o.s.web.servlet.DispatcherServlet        : GET "/api/assets/1", parameters={}
2025-06-13T05:35:40.302Z DEBUG 5621 --- [risk-assets-api] [io-12000-exec-8] s.w.s.m.m.a.RequestMappingHandlerMapping : Mapped to com.jpmc.riskassets.controller.RiskAssetController#getAllAssets()
2025-06-13T05:35:40.302Z DEBUG 5621 --- [risk-assets-api] [io-12000-exec-9] s.w.s.m.m.a.RequestMappingHandlerMapping : Mapped to com.jpmc.riskassets.controller.RiskAssetController#getAssetById(Long)
2025-06-13T05:35:40.302Z DEBUG 5621 --- [risk-assets-api] [io-12000-exec-3] o.s.web.servlet.DispatcherServlet        : GET "/api/assets/risk-summary", parameters={}
2025-06-13T05:35:40.303Z DEBUG 5621 --- [risk-assets-api] [io-12000-exec-3] s.w.s.m.m.a.RequestMappingHandlerMapping : Mapped to com.jpmc.riskassets.controller.RiskAssetController#getRiskSummary()
Hibernate: 
    select
        count(*) 
    from
        risk_assets ra1_0
Hibernate: 
    select
        ra1_0.id,
        ra1_0.created_at,
        ra1_0.description,
        ra1_0.location,
        ra1_0.name,
        ra1_0.owner,
        ra1_0.risk_level,
        ra1_0.risk_score,
        ra1_0.type,
        ra1_0.updated_at,
        ra1_0.asset_value 
    from
        risk_assets ra1_0 
    where
        ra1_0.id=?
Hibernate: 
    select
        ra1_0.id,
        ra1_0.created_at,
        ra1_0.description,
        ra1_0.location,
        ra1_0.name,
        ra1_0.owner,
        ra1_0.risk_level,
        ra1_0.risk_score,
        ra1_0.type,
        ra1_0.updated_at,
        ra1_0.asset_value 
    from
        risk_assets ra1_0
2025-06-13T05:35:40.304Z DEBUG 5621 --- [risk-assets-api] [io-12000-exec-9] o.s.w.s.m.m.a.HttpEntityMethodProcessor  : Using 'application/json', given [*/*] and supported [application/json, application/*+json]
2025-06-13T05:35:40.304Z DEBUG 5621 --- [risk-assets-api] [io-12000-exec-9] o.s.w.s.m.m.a.HttpEntityMethodProcessor  : Writing [com.jpmc.riskassets.model.RiskAsset@58d7cf96]
Hibernate: 
    select
        sum(ra1_0.asset_value) 
    from
        risk_assets ra1_0
2025-06-13T05:35:40.304Z DEBUG 5621 --- [risk-assets-api] [io-12000-exec-9] o.s.web.servlet.DispatcherServlet        : Completed 200 OK
2025-06-13T05:35:40.304Z DEBUG 5621 --- [risk-assets-api] [io-12000-exec-8] o.s.w.s.m.m.a.HttpEntityMethodProcessor  : Using 'application/json', given [*/*] and supported [application/json, application/*+json]
2025-06-13T05:35:40.305Z DEBUG 5621 --- [risk-assets-api] [io-12000-exec-8] o.s.w.s.m.m.a.HttpEntityMethodProcessor  : Writing [[com.jpmc.riskassets.model.RiskAsset@23b7bf3, com.jpmc.riskassets.model.RiskAsset@6e4b0b03, com.jpmc (truncated)...]
Hibernate: 
    select
        avg(ra1_0.risk_score) 
    from
        risk_assets ra1_0
2025-06-13T05:35:40.305Z DEBUG 5621 --- [risk-assets-api] [io-12000-exec-9] o.s.web.servlet.DispatcherServlet        : GET "/api/assets/risk-level/HIGH", parameters={}
2025-06-13T05:35:40.305Z DEBUG 5621 --- [risk-assets-api] [io-12000-exec-9] s.w.s.m.m.a.RequestMappingHandlerMapping : Mapped to com.jpmc.riskassets.controller.RiskAssetController#getAssetsByRiskLevel(RiskLevel)
2025-06-13T05:35:40.306Z DEBUG 5621 --- [risk-assets-api] [io-12000-exec-8] o.s.web.servlet.DispatcherServlet        : Completed 200 OK
Hibernate: 
    select
        ra1_0.id,
        ra1_0.created_at,
        ra1_0.description,
        ra1_0.location,
        ra1_0.name,
        ra1_0.owner,
        ra1_0.risk_level,
        ra1_0.risk_score,
        ra1_0.type,
        ra1_0.updated_at,
        ra1_0.asset_value 
    from
        risk_assets ra1_0 
    where
        ra1_0.risk_level=?
2025-06-13T05:35:40.307Z DEBUG 5621 --- [risk-assets-api] [io-12000-exec-9] o.s.w.s.m.m.a.HttpEntityMethodProcessor  : Using 'application/json', given [*/*] and supported [application/json, application/*+json]
2025-06-13T05:35:40.307Z DEBUG 5621 --- [risk-assets-api] [io-12000-exec-9] o.s.w.s.m.m.a.HttpEntityMethodProcessor  : Writing [[com.jpmc.riskassets.model.RiskAsset@270ad3e6, com.jpmc.riskassets.model.RiskAsset@555486c, com.jpmc (truncated)...]
2025-06-13T05:35:40.307Z DEBUG 5621 --- [risk-assets-api] [io-12000-exec-9] o.s.web.servlet.DispatcherServlet        : Completed 200 OK
Hibernate: 
    select
        count(ra1_0.id) 
    from
        risk_assets ra1_0 
    where
        ra1_0.risk_level=?
Hibernate: 
    select
        count(ra1_0.id) 
    from
        risk_assets ra1_0 
    where
        ra1_0.risk_level=?
Hibernate: 
    select
        count(ra1_0.id) 
    from
        risk_assets ra1_0 
    where
        ra1_0.risk_level=?
Hibernate: 
    select
        count(ra1_0.id) 
    from
        risk_assets ra1_0 
    where
        ra1_0.risk_level=?
2025-06-13T05:35:40.312Z DEBUG 5621 --- [risk-assets-api] [io-12000-exec-3] o.s.w.s.m.m.a.HttpEntityMethodProcessor  : Using 'application/json', given [*/*] and supported [application/json, application/*+json]
2025-06-13T05:35:40.312Z DEBUG 5621 --- [risk-assets-api] [io-12000-exec-3] o.s.w.s.m.m.a.HttpEntityMethodProcessor  : Writing [com.jpmc.riskassets.model.RiskSummary@13ce2dee]
2025-06-13T05:35:40.312Z DEBUG 5621 --- [risk-assets-api] [io-12000-exec-3] o.s.web.servlet.DispatcherServlet        : Completed 200 OK
2025-06-13T05:35:40.404Z DEBUG 5621 --- [risk-assets-api] [io-12000-exec-6] o.s.web.servlet.DispatcherServlet        : GET "/api/assets", parameters={}
2025-06-13T05:35:40.404Z DEBUG 5621 --- [risk-assets-api] [io-12000-exec-1] o.s.web.servlet.DispatcherServlet        : GET "/api/assets/risk-level/HIGH", parameters={}
2025-06-13T05:35:40.404Z DEBUG 5621 --- [risk-assets-api] [io-12000-exec-6] s.w.s.m.m.a.RequestMappingHandlerMapping : Mapped to com.jpmc.riskassets.controller.RiskAssetController#getAllAssets()
2025-06-13T05:35:40.404Z DEBUG 5621 --- [risk-assets-api] [io-12000-exec-1] s.w.s.m.m.a.RequestMappingHandlerMapping : Mapped to com.jpmc.riskassets.controller.RiskAssetController#getAssetsByRiskLevel(RiskLevel)
Hibernate: 
    select
        ra1_0.id,
        ra1_0.created_at,
        ra1_0.description,
        ra1_0.location,
        ra1_0.name,
        ra1_0.owner,
        ra1_0.risk_level,
        ra1_0.risk_score,
        ra1_0.type,
        ra1_0.updated_at,
        ra1_0.asset_value 
    from
        risk_assets ra1_0 
    where
        ra1_0.risk_level=?
2025-06-13T05:35:40.404Z DEBUG 5621 --- [risk-assets-api] [io-12000-exec-4] o.s.web.servlet.DispatcherServlet        : GET "/api/assets/1", parameters={}
2025-06-13T05:35:40.406Z DEBUG 5621 --- [risk-assets-api] [io-12000-exec-4] s.w.s.m.m.a.RequestMappingHandlerMapping : Mapped to com.jpmc.riskassets.controller.RiskAssetController#getAssetById(Long)
Hibernate: 
    select
        ra1_0.id,
        ra1_0.created_at,
        ra1_0.description,
        ra1_0.location,
        ra1_0.name,
        ra1_0.owner,
        ra1_0.risk_level,
        ra1_0.risk_score,
        ra1_0.type,
        ra1_0.updated_at,
        ra1_0.asset_value 
    from
        risk_assets ra1_0 
    where
        ra1_0.id=?
2025-06-13T05:35:40.407Z DEBUG 5621 --- [risk-assets-api] [io-12000-exec-1] o.s.w.s.m.m.a.HttpEntityMethodProcessor  : Using 'application/json', given [*/*] and supported [application/json, application/*+json]
2025-06-13T05:35:40.407Z DEBUG 5621 --- [risk-assets-api] [io-12000-exec-1] o.s.w.s.m.m.a.HttpEntityMethodProcessor  : Writing [[com.jpmc.riskassets.model.RiskAsset@6067ca72, com.jpmc.riskassets.model.RiskAsset@5457ee9c, com.jpm (truncated)...]
2025-06-13T05:35:40.407Z DEBUG 5621 --- [risk-assets-api] [io-12000-exec-4] o.s.w.s.m.m.a.HttpEntityMethodProcessor  : Using 'application/json', given [*/*] and supported [application/json, application/*+json]
2025-06-13T05:35:40.407Z DEBUG 5621 --- [risk-assets-api] [io-12000-exec-4] o.s.w.s.m.m.a.HttpEntityMethodProcessor  : Writing [com.jpmc.riskassets.model.RiskAsset@69c9bbdb]
2025-06-13T05:35:40.407Z DEBUG 5621 --- [risk-assets-api] [io-12000-exec-8] o.s.web.servlet.DispatcherServlet        : GET "/api/assets/risk-summary", parameters={}
2025-06-13T05:35:40.407Z DEBUG 5621 --- [risk-assets-api] [io-12000-exec-1] o.s.web.servlet.DispatcherServlet        : Completed 200 OK
2025-06-13T05:35:40.407Z DEBUG 5621 --- [risk-assets-api] [io-12000-exec-8] s.w.s.m.m.a.RequestMappingHandlerMapping : Mapped to com.jpmc.riskassets.controller.RiskAssetController#getRiskSummary()
2025-06-13T05:35:40.407Z DEBUG 5621 --- [risk-assets-api] [io-12000-exec-4] o.s.web.servlet.DispatcherServlet        : Completed 200 OK
Hibernate: 
    select
        count(*) 
    from
        risk_assets ra1_0
Hibernate: 
    select
        sum(ra1_0.asset_value) 
    from
        risk_assets ra1_0
Hibernate: 
    select
        ra1_0.id,
        ra1_0.created_at,
        ra1_0.description,
        ra1_0.location,
        ra1_0.name,
        ra1_0.owner,
        ra1_0.risk_level,
        ra1_0.risk_score,
        ra1_0.type,
        ra1_0.updated_at,
        ra1_0.asset_value 
    from
        risk_assets ra1_0
2025-06-13T05:35:40.410Z DEBUG 5621 --- [risk-assets-api] [io-12000-exec-6] o.s.w.s.m.m.a.HttpEntityMethodProcessor  : Using 'application/json', given [*/*] and supported [application/json, application/*+json]
2025-06-13T05:35:40.410Z DEBUG 5621 --- [risk-assets-api] [io-12000-exec-6] o.s.w.s.m.m.a.HttpEntityMethodProcessor  : Writing [[com.jpmc.riskassets.model.RiskAsset@784df136, com.jpmc.riskassets.model.RiskAsset@75208f5, com.jpmc (truncated)...]
2025-06-13T05:35:40.410Z DEBUG 5621 --- [risk-assets-api] [io-12000-exec-6] o.s.web.servlet.DispatcherServlet        : Completed 200 OK
Hibernate: 
    select
        avg(ra1_0.risk_score) 
    from
        risk_assets ra1_0
Hibernate: 
    select
        count(ra1_0.id) 
    from
        risk_assets ra1_0 
    where
        ra1_0.risk_level=?
Hibernate: 
    select
        count(ra1_0.id) 
    from
        risk_assets ra1_0 
    where
        ra1_0.risk_level=?
Hibernate: 
    select
        count(ra1_0.id) 
    from
        risk_assets ra1_0 
    where
        ra1_0.risk_level=?
Hibernate: 
    select
        count(ra1_0.id) 
    from
        risk_assets ra1_0 
    where
        ra1_0.risk_level=?
2025-06-13T05:35:40.415Z DEBUG 5621 --- [risk-assets-api] [io-12000-exec-8] o.s.w.s.m.m.a.HttpEntityMethodProcessor  : Using 'application/json', given [*/*] and supported [application/json, application/*+json]
2025-06-13T05:35:40.415Z DEBUG 5621 --- [risk-assets-api] [io-12000-exec-8] o.s.w.s.m.m.a.HttpEntityMethodProcessor  : Writing [com.jpmc.riskassets.model.RiskSummary@2176584e]
2025-06-13T05:35:40.415Z DEBUG 5621 --- [risk-assets-api] [io-12000-exec-8] o.s.web.servlet.DispatcherServlet        : Completed 200 OK
2025-06-13T05:35:40.506Z DEBUG 5621 --- [risk-assets-api] [io-12000-exec-3] o.s.web.servlet.DispatcherServlet        : GET "/api/assets/1", parameters={}
2025-06-13T05:35:40.506Z DEBUG 5621 --- [risk-assets-api] [o-12000-exec-10] o.s.web.servlet.DispatcherServlet        : GET "/api/assets/risk-summary", parameters={}
2025-06-13T05:35:40.506Z DEBUG 5621 --- [risk-assets-api] [io-12000-exec-3] s.w.s.m.m.a.RequestMappingHandlerMapping : Mapped to com.jpmc.riskassets.controller.RiskAssetController#getAssetById(Long)
2025-06-13T05:35:40.506Z DEBUG 5621 --- [risk-assets-api] [io-12000-exec-5] o.s.web.servlet.DispatcherServlet        : GET "/api/assets/risk-level/HIGH", parameters={}
2025-06-13T05:35:40.506Z DEBUG 5621 --- [risk-assets-api] [io-12000-exec-5] s.w.s.m.m.a.RequestMappingHandlerMapping : Mapped to com.jpmc.riskassets.controller.RiskAssetController#getAssetsByRiskLevel(RiskLevel)
Hibernate: 
    select
        ra1_0.id,
        ra1_0.created_at,
        ra1_0.description,
        ra1_0.location,
        ra1_0.name,
        ra1_0.owner,
        ra1_0.risk_level,
        ra1_0.risk_score,
        ra1_0.type,
        ra1_0.updated_at,
        ra1_0.asset_value 
    from
        risk_assets ra1_0 
    where
        ra1_0.id=?
2025-06-13T05:35:40.508Z DEBUG 5621 --- [risk-assets-api] [io-12000-exec-3] o.s.w.s.m.m.a.HttpEntityMethodProcessor  : Using 'application/json', given [*/*] and supported [application/json, application/*+json]
2025-06-13T05:35:40.508Z DEBUG 5621 --- [risk-assets-api] [io-12000-exec-3] o.s.w.s.m.m.a.HttpEntityMethodProcessor  : Writing [com.jpmc.riskassets.model.RiskAsset@755d320]
Hibernate: 
    select
        ra1_0.id,
        ra1_0.created_at,
        ra1_0.description,
        ra1_0.location,
        ra1_0.name,
        ra1_0.owner,
        ra1_0.risk_level,
        ra1_0.risk_score,
        ra1_0.type,
        ra1_0.updated_at,
        ra1_0.asset_value 
    from
        risk_assets ra1_0 
    where
        ra1_0.risk_level=?
2025-06-13T05:35:40.508Z DEBUG 5621 --- [risk-assets-api] [io-12000-exec-4] o.s.web.servlet.DispatcherServlet        : GET "/api/assets", parameters={}
2025-06-13T05:35:40.508Z DEBUG 5621 --- [risk-assets-api] [io-12000-exec-4] s.w.s.m.m.a.RequestMappingHandlerMapping : Mapped to com.jpmc.riskassets.controller.RiskAssetController#getAllAssets()
2025-06-13T05:35:40.508Z DEBUG 5621 --- [risk-assets-api] [io-12000-exec-5] o.s.w.s.m.m.a.HttpEntityMethodProcessor  : Using 'application/json', given [*/*] and supported [application/json, application/*+json]
2025-06-13T05:35:40.508Z DEBUG 5621 --- [risk-assets-api] [io-12000-exec-5] o.s.w.s.m.m.a.HttpEntityMethodProcessor  : Writing [[com.jpmc.riskassets.model.RiskAsset@3478c0b9, com.jpmc.riskassets.model.RiskAsset@4436d883, com.jpm (truncated)...]
2025-06-13T05:35:40.509Z DEBUG 5621 --- [risk-assets-api] [io-12000-exec-5] o.s.web.servlet.DispatcherServlet        : Completed 200 OK
Hibernate: 
    select
        ra1_0.id,
        ra1_0.created_at,
        ra1_0.description,
        ra1_0.location,
        ra1_0.name,
        ra1_0.owner,
        ra1_0.risk_level,
        ra1_0.risk_score,
        ra1_0.type,
        ra1_0.updated_at,
        ra1_0.asset_value 
    from
        risk_assets ra1_0
2025-06-13T05:35:40.510Z DEBUG 5621 --- [risk-assets-api] [io-12000-exec-4] o.s.w.s.m.m.a.HttpEntityMethodProcessor  : Using 'application/json', given [*/*] and supported [application/json, application/*+json]
2025-06-13T05:35:40.510Z DEBUG 5621 --- [risk-assets-api] [io-12000-exec-4] o.s.w.s.m.m.a.HttpEntityMethodProcessor  : Writing [[com.jpmc.riskassets.model.RiskAsset@157998b3, com.jpmc.riskassets.model.RiskAsset@5281b12b, com.jpm (truncated)...]
2025-06-13T05:35:40.510Z DEBUG 5621 --- [risk-assets-api] [io-12000-exec-3] o.s.web.servlet.DispatcherServlet        : Completed 200 OK
2025-06-13T05:35:40.511Z DEBUG 5621 --- [risk-assets-api] [io-12000-exec-4] o.s.web.servlet.DispatcherServlet        : Completed 200 OK
2025-06-13T05:35:40.511Z DEBUG 5621 --- [risk-assets-api] [o-12000-exec-10] s.w.s.m.m.a.RequestMappingHandlerMapping : Mapped to com.jpmc.riskassets.controller.RiskAssetController#getRiskSummary()
Hibernate: 
    select
        count(*) 
    from
        risk_assets ra1_0
Hibernate: 
    select
        sum(ra1_0.asset_value) 
    from
        risk_assets ra1_0
Hibernate: 
    select
        avg(ra1_0.risk_score) 
    from
        risk_assets ra1_0
Hibernate: 
    select
        count(ra1_0.id) 
    from
        risk_assets ra1_0 
    where
        ra1_0.risk_level=?
Hibernate: 
    select
        count(ra1_0.id) 
    from
        risk_assets ra1_0 
    where
        ra1_0.risk_level=?
Hibernate: 
    select
        count(ra1_0.id) 
    from
        risk_assets ra1_0 
    where
        ra1_0.risk_level=?
Hibernate: 
    select
        count(ra1_0.id) 
    from
        risk_assets ra1_0 
    where
        ra1_0.risk_level=?
2025-06-13T05:35:40.516Z DEBUG 5621 --- [risk-assets-api] [o-12000-exec-10] o.s.w.s.m.m.a.HttpEntityMethodProcessor  : Using 'application/json', given [*/*] and supported [application/json, application/*+json]
2025-06-13T05:35:40.516Z DEBUG 5621 --- [risk-assets-api] [o-12000-exec-10] o.s.w.s.m.m.a.HttpEntityMethodProcessor  : Writing [com.jpmc.riskassets.model.RiskSummary@4e40d791]
2025-06-13T05:35:40.516Z DEBUG 5621 --- [risk-assets-api] [o-12000-exec-10] o.s.web.servlet.DispatcherServlet        : Completed 200 OK
2025-06-13T05:35:40.608Z DEBUG 5621 --- [risk-assets-api] [io-12000-exec-8] o.s.web.servlet.DispatcherServlet        : GET "/api/assets/risk-summary", parameters={}
2025-06-13T05:35:40.608Z DEBUG 5621 --- [risk-assets-api] [io-12000-exec-5] o.s.web.servlet.DispatcherServlet        : GET "/api/assets/1", parameters={}
2025-06-13T05:35:40.608Z DEBUG 5621 --- [risk-assets-api] [io-12000-exec-8] s.w.s.m.m.a.RequestMappingHandlerMapping : Mapped to com.jpmc.riskassets.controller.RiskAssetController#getRiskSummary()
2025-06-13T05:35:40.608Z DEBUG 5621 --- [risk-assets-api] [io-12000-exec-5] s.w.s.m.m.a.RequestMappingHandlerMapping : Mapped to com.jpmc.riskassets.controller.RiskAssetController#getAssetById(Long)
2025-06-13T05:35:40.608Z DEBUG 5621 --- [risk-assets-api] [io-12000-exec-1] o.s.web.servlet.DispatcherServlet        : GET "/api/assets/risk-level/HIGH", parameters={}
2025-06-13T05:35:40.609Z DEBUG 5621 --- [risk-assets-api] [io-12000-exec-1] s.w.s.m.m.a.RequestMappingHandlerMapping : Mapped to com.jpmc.riskassets.controller.RiskAssetController#getAssetsByRiskLevel(RiskLevel)
2025-06-13T05:35:40.608Z DEBUG 5621 --- [risk-assets-api] [io-12000-exec-2] o.s.web.servlet.DispatcherServlet        : GET "/api/assets", parameters={}
2025-06-13T05:35:40.609Z DEBUG 5621 --- [risk-assets-api] [io-12000-exec-2] s.w.s.m.m.a.RequestMappingHandlerMapping : Mapped to com.jpmc.riskassets.controller.RiskAssetController#getAllAssets()
Hibernate: 
    select
        ra1_0.id,
        ra1_0.created_at,
        ra1_0.description,
        ra1_0.location,
        ra1_0.name,
        ra1_0.owner,
        ra1_0.risk_level,
        ra1_0.risk_score,
        ra1_0.type,
        ra1_0.updated_at,
        ra1_0.asset_value 
    from
        risk_assets ra1_0 
    where
        ra1_0.id=?
Hibernate: 
    select
        ra1_0.id,
        ra1_0.created_at,
        ra1_0.description,
        ra1_0.location,
        ra1_0.name,
        ra1_0.owner,
        ra1_0.risk_level,
        ra1_0.risk_score,
        ra1_0.type,
        ra1_0.updated_at,
        ra1_0.asset_value 
    from
        risk_assets ra1_0 
    where
        ra1_0.risk_level=?
Hibernate: 
    select
        ra1_0.id,
        ra1_0.created_at,
        ra1_0.description,
        ra1_0.location,
        ra1_0.name,
        ra1_0.owner,
        ra1_0.risk_level,
        ra1_0.risk_score,
        ra1_0.type,
        ra1_0.updated_at,
        ra1_0.asset_value 
    from
        risk_assets ra1_0
2025-06-13T05:35:40.610Z DEBUG 5621 --- [risk-assets-api] [io-12000-exec-5] o.s.w.s.m.m.a.HttpEntityMethodProcessor  : Using 'application/json', given [*/*] and supported [application/json, application/*+json]
2025-06-13T05:35:40.610Z DEBUG 5621 --- [risk-assets-api] [io-12000-exec-5] o.s.w.s.m.m.a.HttpEntityMethodProcessor  : Writing [com.jpmc.riskassets.model.RiskAsset@ca0eb80]
2025-06-13T05:35:40.610Z DEBUG 5621 --- [risk-assets-api] [io-12000-exec-1] o.s.w.s.m.m.a.HttpEntityMethodProcessor  : Using 'application/json', given [*/*] and supported [application/json, application/*+json]
2025-06-13T05:35:40.610Z DEBUG 5621 --- [risk-assets-api] [io-12000-exec-1] o.s.w.s.m.m.a.HttpEntityMethodProcessor  : Writing [[com.jpmc.riskassets.model.RiskAsset@a99e401, com.jpmc.riskassets.model.RiskAsset@3b5a0d8b, com.jpmc (truncated)...]
2025-06-13T05:35:40.611Z DEBUG 5621 --- [risk-assets-api] [io-12000-exec-2] o.s.w.s.m.m.a.HttpEntityMethodProcessor  : Using 'application/json', given [*/*] and supported [application/json, application/*+json]
2025-06-13T05:35:40.611Z DEBUG 5621 --- [risk-assets-api] [io-12000-exec-2] o.s.w.s.m.m.a.HttpEntityMethodProcessor  : Writing [[com.jpmc.riskassets.model.RiskAsset@1ae2bd1d, com.jpmc.riskassets.model.RiskAsset@3c0bd39a, com.jpm (truncated)...]
2025-06-13T05:35:40.611Z DEBUG 5621 --- [risk-assets-api] [io-12000-exec-1] o.s.web.servlet.DispatcherServlet        : Completed 200 OK
2025-06-13T05:35:40.611Z DEBUG 5621 --- [risk-assets-api] [io-12000-exec-5] o.s.web.servlet.DispatcherServlet        : Completed 200 OK
2025-06-13T05:35:40.611Z DEBUG 5621 --- [risk-assets-api] [io-12000-exec-2] o.s.web.servlet.DispatcherServlet        : Completed 200 OK
Hibernate: 
    select
        count(*) 
    from
        risk_assets ra1_0
Hibernate: 
    select
        sum(ra1_0.asset_value) 
    from
        risk_assets ra1_0
Hibernate: 
    select
        avg(ra1_0.risk_score) 
    from
        risk_assets ra1_0
Hibernate: 
    select
        count(ra1_0.id) 
    from
        risk_assets ra1_0 
    where
        ra1_0.risk_level=?
Hibernate: 
    select
        count(ra1_0.id) 
    from
        risk_assets ra1_0 
    where
        ra1_0.risk_level=?
Hibernate: 
    select
        count(ra1_0.id) 
    from
        risk_assets ra1_0 
    where
        ra1_0.risk_level=?
Hibernate: 
    select
        count(ra1_0.id) 
    from
        risk_assets ra1_0 
    where
        ra1_0.risk_level=?
2025-06-13T05:35:40.616Z DEBUG 5621 --- [risk-assets-api] [io-12000-exec-8] o.s.w.s.m.m.a.HttpEntityMethodProcessor  : Using 'application/json', given [*/*] and supported [application/json, application/*+json]
2025-06-13T05:35:40.616Z DEBUG 5621 --- [risk-assets-api] [io-12000-exec-8] o.s.w.s.m.m.a.HttpEntityMethodProcessor  : Writing [com.jpmc.riskassets.model.RiskSummary@1101b259]
2025-06-13T05:35:40.616Z DEBUG 5621 --- [risk-assets-api] [io-12000-exec-8] o.s.web.servlet.DispatcherServlet        : Completed 200 OK
2025-06-13T05:35:40.710Z DEBUG 5621 --- [risk-assets-api] [io-12000-exec-1] o.s.web.servlet.DispatcherServlet        : GET "/api/assets/risk-summary", parameters={}
2025-06-13T05:35:40.710Z DEBUG 5621 --- [risk-assets-api] [io-12000-exec-6] o.s.web.servlet.DispatcherServlet        : GET "/api/assets", parameters={}
2025-06-13T05:35:40.710Z DEBUG 5621 --- [risk-assets-api] [io-12000-exec-6] s.w.s.m.m.a.RequestMappingHandlerMapping : Mapped to com.jpmc.riskassets.controller.RiskAssetController#getAllAssets()
2025-06-13T05:35:40.710Z DEBUG 5621 --- [risk-assets-api] [io-12000-exec-1] s.w.s.m.m.a.RequestMappingHandlerMapping : Mapped to com.jpmc.riskassets.controller.RiskAssetController#getRiskSummary()
2025-06-13T05:35:40.711Z DEBUG 5621 --- [risk-assets-api] [io-12000-exec-5] o.s.web.servlet.DispatcherServlet        : GET "/api/assets/risk-level/HIGH", parameters={}
2025-06-13T05:35:40.711Z DEBUG 5621 --- [risk-assets-api] [io-12000-exec-5] s.w.s.m.m.a.RequestMappingHandlerMapping : Mapped to com.jpmc.riskassets.controller.RiskAssetController#getAssetsByRiskLevel(RiskLevel)
Hibernate: 
    select
        count(*) 
    from
        risk_assets ra1_0
2025-06-13T05:35:40.711Z DEBUG 5621 --- [risk-assets-api] [o-12000-exec-10] o.s.web.servlet.DispatcherServlet        : GET "/api/assets/1", parameters={}
2025-06-13T05:35:40.711Z DEBUG 5621 --- [risk-assets-api] [o-12000-exec-10] s.w.s.m.m.a.RequestMappingHandlerMapping : Mapped to com.jpmc.riskassets.controller.RiskAssetController#getAssetById(Long)
Hibernate: 
    select
        ra1_0.id,
        ra1_0.created_at,
        ra1_0.description,
        ra1_0.location,
        ra1_0.name,
        ra1_0.owner,
        ra1_0.risk_level,
        ra1_0.risk_score,
        ra1_0.type,
        ra1_0.updated_at,
        ra1_0.asset_value 
    from
        risk_assets ra1_0 
    where
        ra1_0.id=?
Hibernate: 
    select
        ra1_0.id,
        ra1_0.created_at,
        ra1_0.description,
        ra1_0.location,
        ra1_0.name,
        ra1_0.owner,
        ra1_0.risk_level,
        ra1_0.risk_score,
        ra1_0.type,
        ra1_0.updated_at,
        ra1_0.asset_value 
    from
        risk_assets ra1_0 
    where
        ra1_0.risk_level=?
Hibernate: 
    select
        sum(ra1_0.asset_value) 
    from
        risk_assets ra1_0
2025-06-13T05:35:40.713Z DEBUG 5621 --- [risk-assets-api] [o-12000-exec-10] o.s.w.s.m.m.a.HttpEntityMethodProcessor  : Using 'application/json', given [*/*] and supported [application/json, application/*+json]
2025-06-13T05:35:40.713Z DEBUG 5621 --- [risk-assets-api] [io-12000-exec-5] o.s.w.s.m.m.a.HttpEntityMethodProcessor  : Using 'application/json', given [*/*] and supported [application/json, application/*+json]
2025-06-13T05:35:40.713Z DEBUG 5621 --- [risk-assets-api] [o-12000-exec-10] o.s.w.s.m.m.a.HttpEntityMethodProcessor  : Writing [com.jpmc.riskassets.model.RiskAsset@51f7a8db]
2025-06-13T05:35:40.713Z DEBUG 5621 --- [risk-assets-api] [io-12000-exec-5] o.s.w.s.m.m.a.HttpEntityMethodProcessor  : Writing [[com.jpmc.riskassets.model.RiskAsset@450c84d2, com.jpmc.riskassets.model.RiskAsset@6482b138, com.jpm (truncated)...]
Hibernate: 
    select
        avg(ra1_0.risk_score) 
    from
        risk_assets ra1_0
2025-06-13T05:35:40.713Z DEBUG 5621 --- [risk-assets-api] [o-12000-exec-10] o.s.web.servlet.DispatcherServlet        : Completed 200 OK
2025-06-13T05:35:40.713Z DEBUG 5621 --- [risk-assets-api] [io-12000-exec-5] o.s.web.servlet.DispatcherServlet        : Completed 200 OK
Hibernate: 
    select
        count(ra1_0.id) 
    from
        risk_assets ra1_0 
    where
        ra1_0.risk_level=?
Hibernate: 
    select
        count(ra1_0.id) 
    from
        risk_assets ra1_0 
    where
        ra1_0.risk_level=?
Hibernate: 
    select
        ra1_0.id,
        ra1_0.created_at,
        ra1_0.description,
        ra1_0.location,
        ra1_0.name,
        ra1_0.owner,
        ra1_0.risk_level,
        ra1_0.risk_score,
        ra1_0.type,
        ra1_0.updated_at,
        ra1_0.asset_value 
    from
        risk_assets ra1_0
Hibernate: 
    select
        count(ra1_0.id) 
    from
        risk_assets ra1_0 
    where
        ra1_0.risk_level=?
2025-06-13T05:35:40.715Z DEBUG 5621 --- [risk-assets-api] [io-12000-exec-6] o.s.w.s.m.m.a.HttpEntityMethodProcessor  : Using 'application/json', given [*/*] and supported [application/json, application/*+json]
2025-06-13T05:35:40.715Z DEBUG 5621 --- [risk-assets-api] [io-12000-exec-6] o.s.w.s.m.m.a.HttpEntityMethodProcessor  : Writing [[com.jpmc.riskassets.model.RiskAsset@31049ae1, com.jpmc.riskassets.model.RiskAsset@6cbf2e15, com.jpm (truncated)...]
2025-06-13T05:35:40.716Z DEBUG 5621 --- [risk-assets-api] [io-12000-exec-6] o.s.web.servlet.DispatcherServlet        : Completed 200 OK
Hibernate: 
    select
        count(ra1_0.id) 
    from
        risk_assets ra1_0 
    where
        ra1_0.risk_level=?
2025-06-13T05:35:40.718Z DEBUG 5621 --- [risk-assets-api] [io-12000-exec-1] o.s.w.s.m.m.a.HttpEntityMethodProcessor  : Using 'application/json', given [*/*] and supported [application/json, application/*+json]
2025-06-13T05:35:40.719Z DEBUG 5621 --- [risk-assets-api] [io-12000-exec-1] o.s.w.s.m.m.a.HttpEntityMethodProcessor  : Writing [com.jpmc.riskassets.model.RiskSummary@54ff25f0]
2025-06-13T05:35:40.719Z DEBUG 5621 --- [risk-assets-api] [io-12000-exec-1] o.s.web.servlet.DispatcherServlet        : Completed 200 OK
2025-06-13T05:35:40.812Z DEBUG 5621 --- [risk-assets-api] [io-12000-exec-5] o.s.web.servlet.DispatcherServlet        : GET "/api/assets/risk-summary", parameters={}
2025-06-13T05:35:40.812Z DEBUG 5621 --- [risk-assets-api] [io-12000-exec-7] o.s.web.servlet.DispatcherServlet        : GET "/api/assets/risk-level/HIGH", parameters={}
2025-06-13T05:35:40.812Z DEBUG 5621 --- [risk-assets-api] [io-12000-exec-8] o.s.web.servlet.DispatcherServlet        : GET "/api/assets/1", parameters={}
2025-06-13T05:35:40.813Z DEBUG 5621 --- [risk-assets-api] [io-12000-exec-7] s.w.s.m.m.a.RequestMappingHandlerMapping : Mapped to com.jpmc.riskassets.controller.RiskAssetController#getAssetsByRiskLevel(RiskLevel)
2025-06-13T05:35:40.813Z DEBUG 5621 --- [risk-assets-api] [io-12000-exec-8] s.w.s.m.m.a.RequestMappingHandlerMapping : Mapped to com.jpmc.riskassets.controller.RiskAssetController#getAssetById(Long)
2025-06-13T05:35:40.813Z DEBUG 5621 --- [risk-assets-api] [o-12000-exec-10] o.s.web.servlet.DispatcherServlet        : GET "/api/assets", parameters={}
2025-06-13T05:35:40.813Z DEBUG 5621 --- [risk-assets-api] [o-12000-exec-10] s.w.s.m.m.a.RequestMappingHandlerMapping : Mapped to com.jpmc.riskassets.controller.RiskAssetController#getAllAssets()
Hibernate: 
    select
        ra1_0.id,
        ra1_0.created_at,
        ra1_0.description,
        ra1_0.location,
        ra1_0.name,
        ra1_0.owner,
        ra1_0.risk_level,
        ra1_0.risk_score,
        ra1_0.type,
        ra1_0.updated_at,
        ra1_0.asset_value 
    from
        risk_assets ra1_0 
    where
        ra1_0.id=?
Hibernate: 
    select
        ra1_0.id,
        ra1_0.created_at,
        ra1_0.description,
        ra1_0.location,
        ra1_0.name,
        ra1_0.owner,
        ra1_0.risk_level,
        ra1_0.risk_score,
        ra1_0.type,
        ra1_0.updated_at,
        ra1_0.asset_value 
    from
        risk_assets ra1_0 
    where
        ra1_0.risk_level=?
2025-06-13T05:35:40.813Z DEBUG 5621 --- [risk-assets-api] [io-12000-exec-5] s.w.s.m.m.a.RequestMappingHandlerMapping : Mapped to com.jpmc.riskassets.controller.RiskAssetController#getRiskSummary()
Hibernate: 
    select
        ra1_0.id,
        ra1_0.created_at,
        ra1_0.description,
        ra1_0.location,
        ra1_0.name,
        ra1_0.owner,
        ra1_0.risk_level,
        ra1_0.risk_score,
        ra1_0.type,
        ra1_0.updated_at,
        ra1_0.asset_value 
    from
        risk_assets ra1_0
Hibernate: 
    select
        count(*) 
    from
        risk_assets ra1_0
2025-06-13T05:35:40.815Z DEBUG 5621 --- [risk-assets-api] [io-12000-exec-7] o.s.w.s.m.m.a.HttpEntityMethodProcessor  : Using 'application/json', given [*/*] and supported [application/json, application/*+json]
2025-06-13T05:35:40.815Z DEBUG 5621 --- [risk-assets-api] [io-12000-exec-7] o.s.w.s.m.m.a.HttpEntityMethodProcessor  : Writing [[com.jpmc.riskassets.model.RiskAsset@2067b6ad, com.jpmc.riskassets.model.RiskAsset@24b14337, com.jpm (truncated)...]
2025-06-13T05:35:40.815Z DEBUG 5621 --- [risk-assets-api] [o-12000-exec-10] o.s.w.s.m.m.a.HttpEntityMethodProcessor  : Using 'application/json', given [*/*] and supported [application/json, application/*+json]
2025-06-13T05:35:40.815Z DEBUG 5621 --- [risk-assets-api] [io-12000-exec-8] o.s.w.s.m.m.a.HttpEntityMethodProcessor  : Using 'application/json', given [*/*] and supported [application/json, application/*+json]
2025-06-13T05:35:40.815Z DEBUG 5621 --- [risk-assets-api] [o-12000-exec-10] o.s.w.s.m.m.a.HttpEntityMethodProcessor  : Writing [[com.jpmc.riskassets.model.RiskAsset@71adc35e, com.jpmc.riskassets.model.RiskAsset@5c7961d2, com.jpm (truncated)...]
2025-06-13T05:35:40.815Z DEBUG 5621 --- [risk-assets-api] [io-12000-exec-8] o.s.w.s.m.m.a.HttpEntityMethodProcessor  : Writing [com.jpmc.riskassets.model.RiskAsset@4192722]
2025-06-13T05:35:40.815Z DEBUG 5621 --- [risk-assets-api] [io-12000-exec-8] o.s.web.servlet.DispatcherServlet        : Completed 200 OK
2025-06-13T05:35:40.815Z DEBUG 5621 --- [risk-assets-api] [o-12000-exec-10] o.s.web.servlet.DispatcherServlet        : Completed 200 OK
2025-06-13T05:35:40.815Z DEBUG 5621 --- [risk-assets-api] [io-12000-exec-7] o.s.web.servlet.DispatcherServlet        : Completed 200 OK
Hibernate: 
    select
        sum(ra1_0.asset_value) 
    from
        risk_assets ra1_0
Hibernate: 
    select
        avg(ra1_0.risk_score) 
    from
        risk_assets ra1_0
Hibernate: 
    select
        count(ra1_0.id) 
    from
        risk_assets ra1_0 
    where
        ra1_0.risk_level=?
Hibernate: 
    select
        count(ra1_0.id) 
    from
        risk_assets ra1_0 
    where
        ra1_0.risk_level=?
Hibernate: 
    select
        count(ra1_0.id) 
    from
        risk_assets ra1_0 
    where
        ra1_0.risk_level=?
Hibernate: 
    select
        count(ra1_0.id) 
    from
        risk_assets ra1_0 
    where
        ra1_0.risk_level=?
2025-06-13T05:35:40.820Z DEBUG 5621 --- [risk-assets-api] [io-12000-exec-5] o.s.w.s.m.m.a.HttpEntityMethodProcessor  : Using 'application/json', given [*/*] and supported [application/json, application/*+json]
2025-06-13T05:35:40.820Z DEBUG 5621 --- [risk-assets-api] [io-12000-exec-5] o.s.w.s.m.m.a.HttpEntityMethodProcessor  : Writing [com.jpmc.riskassets.model.RiskSummary@efe8dba]
2025-06-13T05:35:40.820Z DEBUG 5621 --- [risk-assets-api] [io-12000-exec-5] o.s.web.servlet.DispatcherServlet        : Completed 200 OK
2025-06-13T05:35:40.914Z DEBUG 5621 --- [risk-assets-api] [o-12000-exec-10] o.s.web.servlet.DispatcherServlet        : GET "/api/assets", parameters={}
2025-06-13T05:35:40.914Z DEBUG 5621 --- [risk-assets-api] [io-12000-exec-9] o.s.web.servlet.DispatcherServlet        : GET "/api/assets/1", parameters={}
2025-06-13T05:35:40.915Z DEBUG 5621 --- [risk-assets-api] [o-12000-exec-10] s.w.s.m.m.a.RequestMappingHandlerMapping : Mapped to com.jpmc.riskassets.controller.RiskAssetController#getAllAssets()
2025-06-13T05:35:40.915Z DEBUG 5621 --- [risk-assets-api] [io-12000-exec-9] s.w.s.m.m.a.RequestMappingHandlerMapping : Mapped to com.jpmc.riskassets.controller.RiskAssetController#getAssetById(Long)
Hibernate: 
    select
        ra1_0.id,
        ra1_0.created_at,
        ra1_0.description,
        ra1_0.location,
        ra1_0.name,
        ra1_0.owner,
        ra1_0.risk_level,
        ra1_0.risk_score,
        ra1_0.type,
        ra1_0.updated_at,
        ra1_0.asset_value 
    from
        risk_assets ra1_0 
    where
        ra1_0.id=?
2025-06-13T05:35:40.916Z DEBUG 5621 --- [risk-assets-api] [io-12000-exec-1] o.s.web.servlet.DispatcherServlet        : GET "/api/assets/risk-summary", parameters={}
2025-06-13T05:35:40.916Z DEBUG 5621 --- [risk-assets-api] [io-12000-exec-1] s.w.s.m.m.a.RequestMappingHandlerMapping : Mapped to com.jpmc.riskassets.controller.RiskAssetController#getRiskSummary()
Hibernate: 
    select
        ra1_0.id,
        ra1_0.created_at,
        ra1_0.description,
        ra1_0.location,
        ra1_0.name,
        ra1_0.owner,
        ra1_0.risk_level,
        ra1_0.risk_score,
        ra1_0.type,
        ra1_0.updated_at,
        ra1_0.asset_value 
    from
        risk_assets ra1_0
2025-06-13T05:35:40.916Z DEBUG 5621 --- [risk-assets-api] [io-12000-exec-9] o.s.w.s.m.m.a.HttpEntityMethodProcessor  : Using 'application/json', given [*/*] and supported [application/json, application/*+json]
2025-06-13T05:35:40.916Z DEBUG 5621 --- [risk-assets-api] [io-12000-exec-9] o.s.w.s.m.m.a.HttpEntityMethodProcessor  : Writing [com.jpmc.riskassets.model.RiskAsset@5a0e503e]
2025-06-13T05:35:40.917Z DEBUG 5621 --- [risk-assets-api] [io-12000-exec-8] o.s.web.servlet.DispatcherServlet        : GET "/api/assets/risk-level/HIGH", parameters={}
2025-06-13T05:35:40.917Z DEBUG 5621 --- [risk-assets-api] [io-12000-exec-9] o.s.web.servlet.DispatcherServlet        : Completed 200 OK
2025-06-13T05:35:40.917Z DEBUG 5621 --- [risk-assets-api] [io-12000-exec-8] s.w.s.m.m.a.RequestMappingHandlerMapping : Mapped to com.jpmc.riskassets.controller.RiskAssetController#getAssetsByRiskLevel(RiskLevel)
2025-06-13T05:35:40.917Z DEBUG 5621 --- [risk-assets-api] [o-12000-exec-10] o.s.w.s.m.m.a.HttpEntityMethodProcessor  : Using 'application/json', given [*/*] and supported [application/json, application/*+json]
2025-06-13T05:35:40.917Z DEBUG 5621 --- [risk-assets-api] [o-12000-exec-10] o.s.w.s.m.m.a.HttpEntityMethodProcessor  : Writing [[com.jpmc.riskassets.model.RiskAsset@25e2c36a, com.jpmc.riskassets.model.RiskAsset@6ac23462, com.jpm (truncated)...]
Hibernate: 
    select
        count(*) 
    from
        risk_assets ra1_0
2025-06-13T05:35:40.917Z DEBUG 5621 --- [risk-assets-api] [o-12000-exec-10] o.s.web.servlet.DispatcherServlet        : Completed 200 OK
Hibernate: 
    select
        ra1_0.id,
        ra1_0.created_at,
        ra1_0.description,
        ra1_0.location,
        ra1_0.name,
        ra1_0.owner,
        ra1_0.risk_level,
        ra1_0.risk_score,
        ra1_0.type,
        ra1_0.updated_at,
        ra1_0.asset_value 
    from
        risk_assets ra1_0 
    where
        ra1_0.risk_level=?
Hibernate: 
    select
        sum(ra1_0.asset_value) 
    from
        risk_assets ra1_0
2025-06-13T05:35:40.918Z DEBUG 5621 --- [risk-assets-api] [io-12000-exec-8] o.s.w.s.m.m.a.HttpEntityMethodProcessor  : Using 'application/json', given [*/*] and supported [application/json, application/*+json]
2025-06-13T05:35:40.918Z DEBUG 5621 --- [risk-assets-api] [io-12000-exec-8] o.s.w.s.m.m.a.HttpEntityMethodProcessor  : Writing [[com.jpmc.riskassets.model.RiskAsset@a40e8e8, com.jpmc.riskassets.model.RiskAsset@5704bbc3, com.jpmc (truncated)...]
Hibernate: 
    select
        avg(ra1_0.risk_score) 
    from
        risk_assets ra1_0
2025-06-13T05:35:40.919Z DEBUG 5621 --- [risk-assets-api] [io-12000-exec-8] o.s.web.servlet.DispatcherServlet        : Completed 200 OK
Hibernate: 
    select
        count(ra1_0.id) 
    from
        risk_assets ra1_0 
    where
        ra1_0.risk_level=?
Hibernate: 
    select
        count(ra1_0.id) 
    from
        risk_assets ra1_0 
    where
        ra1_0.risk_level=?
Hibernate: 
    select
        count(ra1_0.id) 
    from
        risk_assets ra1_0 
    where
        ra1_0.risk_level=?
Hibernate: 
    select
        count(ra1_0.id) 
    from
        risk_assets ra1_0 
    where
        ra1_0.risk_level=?
2025-06-13T05:35:40.923Z DEBUG 5621 --- [risk-assets-api] [io-12000-exec-1] o.s.w.s.m.m.a.HttpEntityMethodProcessor  : Using 'application/json', given [*/*] and supported [application/json, application/*+json]
2025-06-13T05:35:40.923Z DEBUG 5621 --- [risk-assets-api] [io-12000-exec-1] o.s.w.s.m.m.a.HttpEntityMethodProcessor  : Writing [com.jpmc.riskassets.model.RiskSummary@6178e55e]
2025-06-13T05:35:40.924Z DEBUG 5621 --- [risk-assets-api] [io-12000-exec-1] o.s.web.servlet.DispatcherServlet        : Completed 200 OK
2025-06-13T05:35:41.016Z DEBUG 5621 --- [risk-assets-api] [io-12000-exec-5] o.s.web.servlet.DispatcherServlet        : GET "/api/assets", parameters={}
2025-06-13T05:35:41.017Z DEBUG 5621 --- [risk-assets-api] [io-12000-exec-5] s.w.s.m.m.a.RequestMappingHandlerMapping : Mapped to com.jpmc.riskassets.controller.RiskAssetController#getAllAssets()
2025-06-13T05:35:41.017Z DEBUG 5621 --- [risk-assets-api] [io-12000-exec-9] o.s.web.servlet.DispatcherServlet        : GET "/api/assets/risk-level/HIGH", parameters={}
2025-06-13T05:35:41.017Z DEBUG 5621 --- [risk-assets-api] [io-12000-exec-9] s.w.s.m.m.a.RequestMappingHandlerMapping : Mapped to com.jpmc.riskassets.controller.RiskAssetController#getAssetsByRiskLevel(RiskLevel)
2025-06-13T05:35:41.016Z DEBUG 5621 --- [risk-assets-api] [io-12000-exec-4] o.s.web.servlet.DispatcherServlet        : GET "/api/assets/1", parameters={}
2025-06-13T05:35:41.017Z DEBUG 5621 --- [risk-assets-api] [io-12000-exec-4] s.w.s.m.m.a.RequestMappingHandlerMapping : Mapped to com.jpmc.riskassets.controller.RiskAssetController#getAssetById(Long)
Hibernate: 
    select
        ra1_0.id,
        ra1_0.created_at,
        ra1_0.description,
        ra1_0.location,
        ra1_0.name,
        ra1_0.owner,
        ra1_0.risk_level,
        ra1_0.risk_score,
        ra1_0.type,
        ra1_0.updated_at,
        ra1_0.asset_value 
    from
        risk_assets ra1_0
Hibernate: 
    select
        ra1_0.id,
        ra1_0.created_at,
        ra1_0.description,
        ra1_0.location,
        ra1_0.name,
        ra1_0.owner,
        ra1_0.risk_level,
        ra1_0.risk_score,
        ra1_0.type,
        ra1_0.updated_at,
        ra1_0.asset_value 
    from
        risk_assets ra1_0 
    where
        ra1_0.risk_level=?
Hibernate: 
    select
        ra1_0.id,
        ra1_0.created_at,
        ra1_0.description,
        ra1_0.location,
        ra1_0.name,
        ra1_0.owner,
        ra1_0.risk_level,
        ra1_0.risk_score,
        ra1_0.type,
        ra1_0.updated_at,
        ra1_0.asset_value 
    from
        risk_assets ra1_0 
    where
        ra1_0.id=?
2025-06-13T05:35:41.016Z DEBUG 5621 --- [risk-assets-api] [io-12000-exec-3] o.s.web.servlet.DispatcherServlet        : GET "/api/assets/risk-summary", parameters={}
2025-06-13T05:35:41.019Z DEBUG 5621 --- [risk-assets-api] [io-12000-exec-9] o.s.w.s.m.m.a.HttpEntityMethodProcessor  : Using 'application/json', given [*/*] and supported [application/json, application/*+json]
2025-06-13T05:35:41.019Z DEBUG 5621 --- [risk-assets-api] [io-12000-exec-3] s.w.s.m.m.a.RequestMappingHandlerMapping : Mapped to com.jpmc.riskassets.controller.RiskAssetController#getRiskSummary()
2025-06-13T05:35:41.019Z DEBUG 5621 --- [risk-assets-api] [io-12000-exec-9] o.s.w.s.m.m.a.HttpEntityMethodProcessor  : Writing [[com.jpmc.riskassets.model.RiskAsset@5ab84654, com.jpmc.riskassets.model.RiskAsset@2ae9be58, com.jpm (truncated)...]
Hibernate: 
    select
        count(*) 
    from
        risk_assets ra1_0
2025-06-13T05:35:41.019Z DEBUG 5621 --- [risk-assets-api] [io-12000-exec-4] o.s.w.s.m.m.a.HttpEntityMethodProcessor  : Using 'application/json', given [*/*] and supported [application/json, application/*+json]
2025-06-13T05:35:41.020Z DEBUG 5621 --- [risk-assets-api] [io-12000-exec-4] o.s.w.s.m.m.a.HttpEntityMethodProcessor  : Writing [com.jpmc.riskassets.model.RiskAsset@49760263]
2025-06-13T05:35:41.020Z DEBUG 5621 --- [risk-assets-api] [io-12000-exec-4] o.s.web.servlet.DispatcherServlet        : Completed 200 OK
Hibernate: 
    select
        sum(ra1_0.asset_value) 
    from
        risk_assets ra1_0
2025-06-13T05:35:41.019Z DEBUG 5621 --- [risk-assets-api] [io-12000-exec-5] o.s.w.s.m.m.a.HttpEntityMethodProcessor  : Using 'application/json', given [*/*] and supported [application/json, application/*+json]
2025-06-13T05:35:41.020Z DEBUG 5621 --- [risk-assets-api] [io-12000-exec-5] o.s.w.s.m.m.a.HttpEntityMethodProcessor  : Writing [[com.jpmc.riskassets.model.RiskAsset@2fca7758, com.jpmc.riskassets.model.RiskAsset@71803840, com.jpm (truncated)...]
Hibernate: 
    select
        avg(ra1_0.risk_score) 
    from
        risk_assets ra1_0
2025-06-13T05:35:41.021Z DEBUG 5621 --- [risk-assets-api] [io-12000-exec-5] o.s.web.servlet.DispatcherServlet        : Completed 200 OK
2025-06-13T05:35:41.019Z DEBUG 5621 --- [risk-assets-api] [io-12000-exec-9] o.s.web.servlet.DispatcherServlet        : Completed 200 OK
Hibernate: 
    select
        count(ra1_0.id) 
    from
        risk_assets ra1_0 
    where
        ra1_0.risk_level=?
Hibernate: 
    select
        count(ra1_0.id) 
    from
        risk_assets ra1_0 
    where
        ra1_0.risk_level=?
Hibernate: 
    select
        count(ra1_0.id) 
    from
        risk_assets ra1_0 
    where
        ra1_0.risk_level=?
Hibernate: 
    select
        count(ra1_0.id) 
    from
        risk_assets ra1_0 
    where
        ra1_0.risk_level=?
2025-06-13T05:35:41.023Z DEBUG 5621 --- [risk-assets-api] [io-12000-exec-3] o.s.w.s.m.m.a.HttpEntityMethodProcessor  : Using 'application/json', given [*/*] and supported [application/json, application/*+json]
2025-06-13T05:35:41.024Z DEBUG 5621 --- [risk-assets-api] [io-12000-exec-3] o.s.w.s.m.m.a.HttpEntityMethodProcessor  : Writing [com.jpmc.riskassets.model.RiskSummary@6c293504]
2025-06-13T05:35:41.024Z DEBUG 5621 --- [risk-assets-api] [io-12000-exec-3] o.s.web.servlet.DispatcherServlet        : Completed 200 OK
2025-06-13T05:35:41.118Z DEBUG 5621 --- [risk-assets-api] [io-12000-exec-1] o.s.web.servlet.DispatcherServlet        : GET "/api/assets/1", parameters={}
2025-06-13T05:35:41.118Z DEBUG 5621 --- [risk-assets-api] [io-12000-exec-6] o.s.web.servlet.DispatcherServlet        : GET "/api/assets", parameters={}
2025-06-13T05:35:41.119Z DEBUG 5621 --- [risk-assets-api] [io-12000-exec-1] s.w.s.m.m.a.RequestMappingHandlerMapping : Mapped to com.jpmc.riskassets.controller.RiskAssetController#getAssetById(Long)
2025-06-13T05:35:41.119Z DEBUG 5621 --- [risk-assets-api] [io-12000-exec-6] s.w.s.m.m.a.RequestMappingHandlerMapping : Mapped to com.jpmc.riskassets.controller.RiskAssetController#getAllAssets()
2025-06-13T05:35:41.119Z DEBUG 5621 --- [risk-assets-api] [io-12000-exec-4] o.s.web.servlet.DispatcherServlet        : GET "/api/assets/risk-summary", parameters={}
2025-06-13T05:35:41.119Z DEBUG 5621 --- [risk-assets-api] [io-12000-exec-4] s.w.s.m.m.a.RequestMappingHandlerMapping : Mapped to com.jpmc.riskassets.controller.RiskAssetController#getRiskSummary()
Hibernate: 
    select
        count(*) 
    from
        risk_assets ra1_0
Hibernate: 
    select
        ra1_0.id,
        ra1_0.created_at,
        ra1_0.description,
        ra1_0.location,
        ra1_0.name,
        ra1_0.owner,
        ra1_0.risk_level,
        ra1_0.risk_score,
        ra1_0.type,
        ra1_0.updated_at,
        ra1_0.asset_value 
    from
        risk_assets ra1_0 
    where
        ra1_0.id=?
Hibernate: 
    select
        ra1_0.id,
        ra1_0.created_at,
        ra1_0.description,
        ra1_0.location,
        ra1_0.name,
        ra1_0.owner,
        ra1_0.risk_level,
        ra1_0.risk_score,
        ra1_0.type,
        ra1_0.updated_at,
        ra1_0.asset_value 
    from
        risk_assets ra1_0
2025-06-13T05:35:41.120Z DEBUG 5621 --- [risk-assets-api] [io-12000-exec-1] o.s.w.s.m.m.a.HttpEntityMethodProcessor  : Using 'application/json', given [*/*] and supported [application/json, application/*+json]
2025-06-13T05:35:41.120Z DEBUG 5621 --- [risk-assets-api] [io-12000-exec-1] o.s.w.s.m.m.a.HttpEntityMethodProcessor  : Writing [com.jpmc.riskassets.model.RiskAsset@5ecd1184]
2025-06-13T05:35:41.120Z DEBUG 5621 --- [risk-assets-api] [io-12000-exec-6] o.s.w.s.m.m.a.HttpEntityMethodProcessor  : Using 'application/json', given [*/*] and supported [application/json, application/*+json]
2025-06-13T05:35:41.120Z DEBUG 5621 --- [risk-assets-api] [io-12000-exec-6] o.s.w.s.m.m.a.HttpEntityMethodProcessor  : Writing [[com.jpmc.riskassets.model.RiskAsset@7fa4405f, com.jpmc.riskassets.model.RiskAsset@40007e1f, com.jpm (truncated)...]
2025-06-13T05:35:41.121Z DEBUG 5621 --- [risk-assets-api] [io-12000-exec-1] o.s.web.servlet.DispatcherServlet        : Completed 200 OK
2025-06-13T05:35:41.121Z DEBUG 5621 --- [risk-assets-api] [o-12000-exec-10] o.s.web.servlet.DispatcherServlet        : GET "/api/assets/risk-level/HIGH", parameters={}
2025-06-13T05:35:41.121Z DEBUG 5621 --- [risk-assets-api] [io-12000-exec-6] o.s.web.servlet.DispatcherServlet        : Completed 200 OK
2025-06-13T05:35:41.121Z DEBUG 5621 --- [risk-assets-api] [o-12000-exec-10] s.w.s.m.m.a.RequestMappingHandlerMapping : Mapped to com.jpmc.riskassets.controller.RiskAssetController#getAssetsByRiskLevel(RiskLevel)
Hibernate: 
    select
        ra1_0.id,
        ra1_0.created_at,
        ra1_0.description,
        ra1_0.location,
        ra1_0.name,
        ra1_0.owner,
        ra1_0.risk_level,
        ra1_0.risk_score,
        ra1_0.type,
        ra1_0.updated_at,
        ra1_0.asset_value 
    from
        risk_assets ra1_0 
    where
        ra1_0.risk_level=?
2025-06-13T05:35:41.123Z DEBUG 5621 --- [risk-assets-api] [o-12000-exec-10] o.s.w.s.m.m.a.HttpEntityMethodProcessor  : Using 'application/json', given [*/*] and supported [application/json, application/*+json]
2025-06-13T05:35:41.123Z DEBUG 5621 --- [risk-assets-api] [o-12000-exec-10] o.s.w.s.m.m.a.HttpEntityMethodProcessor  : Writing [[com.jpmc.riskassets.model.RiskAsset@2aeff3, com.jpmc.riskassets.model.RiskAsset@17cebcbc, com.jpmc. (truncated)...]
2025-06-13T05:35:41.123Z DEBUG 5621 --- [risk-assets-api] [o-12000-exec-10] o.s.web.servlet.DispatcherServlet        : Completed 200 OK
Hibernate: 
    select
        sum(ra1_0.asset_value) 
    from
        risk_assets ra1_0
Hibernate: 
    select
        avg(ra1_0.risk_score) 
    from
        risk_assets ra1_0
Hibernate: 
    select
        count(ra1_0.id) 
    from
        risk_assets ra1_0 
    where
        ra1_0.risk_level=?
Hibernate: 
    select
        count(ra1_0.id) 
    from
        risk_assets ra1_0 
    where
        ra1_0.risk_level=?
Hibernate: 
    select
        count(ra1_0.id) 
    from
        risk_assets ra1_0 
    where
        ra1_0.risk_level=?
Hibernate: 
    select
        count(ra1_0.id) 
    from
        risk_assets ra1_0 
    where
        ra1_0.risk_level=?
2025-06-13T05:35:41.129Z DEBUG 5621 --- [risk-assets-api] [io-12000-exec-4] o.s.w.s.m.m.a.HttpEntityMethodProcessor  : Using 'application/json', given [*/*] and supported [application/json, application/*+json]
2025-06-13T05:35:41.129Z DEBUG 5621 --- [risk-assets-api] [io-12000-exec-4] o.s.w.s.m.m.a.HttpEntityMethodProcessor  : Writing [com.jpmc.riskassets.model.RiskSummary@2c7e6e8d]
2025-06-13T05:35:41.130Z DEBUG 5621 --- [risk-assets-api] [io-12000-exec-4] o.s.web.servlet.DispatcherServlet        : Completed 200 OK
2025-06-13T05:35:41.221Z DEBUG 5621 --- [risk-assets-api] [io-12000-exec-7] o.s.web.servlet.DispatcherServlet        : GET "/api/assets/1", parameters={}
2025-06-13T05:35:41.221Z DEBUG 5621 --- [risk-assets-api] [io-12000-exec-3] o.s.web.servlet.DispatcherServlet        : GET "/api/assets", parameters={}
2025-06-13T05:35:41.221Z DEBUG 5621 --- [risk-assets-api] [io-12000-exec-3] s.w.s.m.m.a.RequestMappingHandlerMapping : Mapped to com.jpmc.riskassets.controller.RiskAssetController#getAllAssets()
2025-06-13T05:35:41.221Z DEBUG 5621 --- [risk-assets-api] [io-12000-exec-7] s.w.s.m.m.a.RequestMappingHandlerMapping : Mapped to com.jpmc.riskassets.controller.RiskAssetController#getAssetById(Long)
2025-06-13T05:35:41.221Z DEBUG 5621 --- [risk-assets-api] [io-12000-exec-6] o.s.web.servlet.DispatcherServlet        : GET "/api/assets/risk-summary", parameters={}
2025-06-13T05:35:41.221Z DEBUG 5621 --- [risk-assets-api] [io-12000-exec-6] s.w.s.m.m.a.RequestMappingHandlerMapping : Mapped to com.jpmc.riskassets.controller.RiskAssetController#getRiskSummary()
2025-06-13T05:35:41.221Z DEBUG 5621 --- [risk-assets-api] [io-12000-exec-1] o.s.web.servlet.DispatcherServlet        : GET "/api/assets/risk-level/HIGH", parameters={}
Hibernate: 
    select
        ra1_0.id,
        ra1_0.created_at,
        ra1_0.description,
        ra1_0.location,
        ra1_0.name,
        ra1_0.owner,
        ra1_0.risk_level,
        ra1_0.risk_score,
        ra1_0.type,
        ra1_0.updated_at,
        ra1_0.asset_value 
    from
        risk_assets ra1_0 
    where
        ra1_0.id=?
2025-06-13T05:35:41.222Z DEBUG 5621 --- [risk-assets-api] [io-12000-exec-1] s.w.s.m.m.a.RequestMappingHandlerMapping : Mapped to com.jpmc.riskassets.controller.RiskAssetController#getAssetsByRiskLevel(RiskLevel)
Hibernate: 
    select
        ra1_0.id,
        ra1_0.created_at,
        ra1_0.description,
        ra1_0.location,
        ra1_0.name,
        ra1_0.owner,
        ra1_0.risk_level,
        ra1_0.risk_score,
        ra1_0.type,
        ra1_0.updated_at,
        ra1_0.asset_value 
    from
        risk_assets ra1_0
Hibernate: 
    select
        ra1_0.id,
        ra1_0.created_at,
        ra1_0.description,
        ra1_0.location,
        ra1_0.name,
        ra1_0.owner,
        ra1_0.risk_level,
        ra1_0.risk_score,
        ra1_0.type,
        ra1_0.updated_at,
        ra1_0.asset_value 
    from
        risk_assets ra1_0 
    where
        ra1_0.risk_level=?
2025-06-13T05:35:41.222Z DEBUG 5621 --- [risk-assets-api] [io-12000-exec-7] o.s.w.s.m.m.a.HttpEntityMethodProcessor  : Using 'application/json', given [*/*] and supported [application/json, application/*+json]
2025-06-13T05:35:41.223Z DEBUG 5621 --- [risk-assets-api] [io-12000-exec-3] o.s.w.s.m.m.a.HttpEntityMethodProcessor  : Using 'application/json', given [*/*] and supported [application/json, application/*+json]
2025-06-13T05:35:41.223Z DEBUG 5621 --- [risk-assets-api] [io-12000-exec-7] o.s.w.s.m.m.a.HttpEntityMethodProcessor  : Writing [com.jpmc.riskassets.model.RiskAsset@7a61c6f4]
2025-06-13T05:35:41.223Z DEBUG 5621 --- [risk-assets-api] [io-12000-exec-3] o.s.w.s.m.m.a.HttpEntityMethodProcessor  : Writing [[com.jpmc.riskassets.model.RiskAsset@19051c1d, com.jpmc.riskassets.model.RiskAsset@15c056cc, com.jpm (truncated)...]
2025-06-13T05:35:41.223Z DEBUG 5621 --- [risk-assets-api] [io-12000-exec-1] o.s.w.s.m.m.a.HttpEntityMethodProcessor  : Using 'application/json', given [*/*] and supported [application/json, application/*+json]
2025-06-13T05:35:41.223Z DEBUG 5621 --- [risk-assets-api] [io-12000-exec-1] o.s.w.s.m.m.a.HttpEntityMethodProcessor  : Writing [[com.jpmc.riskassets.model.RiskAsset@331c3bd4, com.jpmc.riskassets.model.RiskAsset@5ba483d3, com.jpm (truncated)...]
2025-06-13T05:35:41.224Z DEBUG 5621 --- [risk-assets-api] [io-12000-exec-3] o.s.web.servlet.DispatcherServlet        : Completed 200 OK
Hibernate: 
    select
        count(*) 
    from
        risk_assets ra1_0
2025-06-13T05:35:41.224Z DEBUG 5621 --- [risk-assets-api] [io-12000-exec-1] o.s.web.servlet.DispatcherServlet        : Completed 200 OK
2025-06-13T05:35:41.224Z DEBUG 5621 --- [risk-assets-api] [io-12000-exec-7] o.s.web.servlet.DispatcherServlet        : Completed 200 OK
Hibernate: 
    select
        sum(ra1_0.asset_value) 
    from
        risk_assets ra1_0
Hibernate: 
    select
        avg(ra1_0.risk_score) 
    from
        risk_assets ra1_0
Hibernate: 
    select
        count(ra1_0.id) 
    from
        risk_assets ra1_0 
    where
        ra1_0.risk_level=?
Hibernate: 
    select
        count(ra1_0.id) 
    from
        risk_assets ra1_0 
    where
        ra1_0.risk_level=?
Hibernate: 
    select
        count(ra1_0.id) 
    from
        risk_assets ra1_0 
    where
        ra1_0.risk_level=?
Hibernate: 
    select
        count(ra1_0.id) 
    from
        risk_assets ra1_0 
    where
        ra1_0.risk_level=?
2025-06-13T05:35:41.228Z DEBUG 5621 --- [risk-assets-api] [io-12000-exec-6] o.s.w.s.m.m.a.HttpEntityMethodProcessor  : Using 'application/json', given [*/*] and supported [application/json, application/*+json]
2025-06-13T05:35:41.228Z DEBUG 5621 --- [risk-assets-api] [io-12000-exec-6] o.s.w.s.m.m.a.HttpEntityMethodProcessor  : Writing [com.jpmc.riskassets.model.RiskSummary@4449f56]
2025-06-13T05:35:41.228Z DEBUG 5621 --- [risk-assets-api] [io-12000-exec-6] o.s.web.servlet.DispatcherServlet        : Completed 200 OK
2025-06-13T05:35:41.322Z DEBUG 5621 --- [risk-assets-api] [io-12000-exec-2] o.s.web.servlet.DispatcherServlet        : GET "/api/assets", parameters={}
2025-06-13T05:35:41.323Z DEBUG 5621 --- [risk-assets-api] [io-12000-exec-1] o.s.web.servlet.DispatcherServlet        : GET "/api/assets/risk-summary", parameters={}
2025-06-13T05:35:41.323Z DEBUG 5621 --- [risk-assets-api] [io-12000-exec-2] s.w.s.m.m.a.RequestMappingHandlerMapping : Mapped to com.jpmc.riskassets.controller.RiskAssetController#getAllAssets()
2025-06-13T05:35:41.323Z DEBUG 5621 --- [risk-assets-api] [io-12000-exec-9] o.s.web.servlet.DispatcherServlet        : GET "/api/assets/risk-level/HIGH", parameters={}
2025-06-13T05:35:41.323Z DEBUG 5621 --- [risk-assets-api] [io-12000-exec-1] s.w.s.m.m.a.RequestMappingHandlerMapping : Mapped to com.jpmc.riskassets.controller.RiskAssetController#getRiskSummary()
2025-06-13T05:35:41.323Z DEBUG 5621 --- [risk-assets-api] [io-12000-exec-9] s.w.s.m.m.a.RequestMappingHandlerMapping : Mapped to com.jpmc.riskassets.controller.RiskAssetController#getAssetsByRiskLevel(RiskLevel)
2025-06-13T05:35:41.322Z DEBUG 5621 --- [risk-assets-api] [io-12000-exec-4] o.s.web.servlet.DispatcherServlet        : GET "/api/assets/1", parameters={}
2025-06-13T05:35:41.323Z DEBUG 5621 --- [risk-assets-api] [io-12000-exec-4] s.w.s.m.m.a.RequestMappingHandlerMapping : Mapped to com.jpmc.riskassets.controller.RiskAssetController#getAssetById(Long)
Hibernate: 
    select
        count(*) 
    from
        risk_assets ra1_0
Hibernate: 
    select
        ra1_0.id,
        ra1_0.created_at,
        ra1_0.description,
        ra1_0.location,
        ra1_0.name,
        ra1_0.owner,
        ra1_0.risk_level,
        ra1_0.risk_score,
        ra1_0.type,
        ra1_0.updated_at,
        ra1_0.asset_value 
    from
        risk_assets ra1_0 
    where
        ra1_0.id=?
2025-06-13T05:35:41.324Z DEBUG 5621 --- [risk-assets-api] [io-12000-exec-4] o.s.w.s.m.m.a.HttpEntityMethodProcessor  : Using 'application/json', given [*/*] and supported [application/json, application/*+json]
2025-06-13T05:35:41.324Z DEBUG 5621 --- [risk-assets-api] [io-12000-exec-4] o.s.w.s.m.m.a.HttpEntityMethodProcessor  : Writing [com.jpmc.riskassets.model.RiskAsset@6af0e2bf]
Hibernate: 
    select
        sum(ra1_0.asset_value) 
    from
        risk_assets ra1_0
2025-06-13T05:35:41.325Z DEBUG 5621 --- [risk-assets-api] [io-12000-exec-4] o.s.web.servlet.DispatcherServlet        : Completed 200 OK
Hibernate: 
    select
        avg(ra1_0.risk_score) 
    from
        risk_assets ra1_0
Hibernate: 
    select
        count(ra1_0.id) 
    from
        risk_assets ra1_0 
    where
        ra1_0.risk_level=?
Hibernate: 
    select
        count(ra1_0.id) 
    from
        risk_assets ra1_0 
    where
        ra1_0.risk_level=?
Hibernate: 
    select
        ra1_0.id,
        ra1_0.created_at,
        ra1_0.description,
        ra1_0.location,
        ra1_0.name,
        ra1_0.owner,
        ra1_0.risk_level,
        ra1_0.risk_score,
        ra1_0.type,
        ra1_0.updated_at,
        ra1_0.asset_value 
    from
        risk_assets ra1_0
Hibernate: 
    select
        count(ra1_0.id) 
    from
        risk_assets ra1_0 
    where
        ra1_0.risk_level=?
2025-06-13T05:35:41.327Z DEBUG 5621 --- [risk-assets-api] [io-12000-exec-2] o.s.w.s.m.m.a.HttpEntityMethodProcessor  : Using 'application/json', given [*/*] and supported [application/json, application/*+json]
2025-06-13T05:35:41.327Z DEBUG 5621 --- [risk-assets-api] [io-12000-exec-2] o.s.w.s.m.m.a.HttpEntityMethodProcessor  : Writing [[com.jpmc.riskassets.model.RiskAsset@4766bfa5, com.jpmc.riskassets.model.RiskAsset@37815ca1, com.jpm (truncated)...]
Hibernate: 
    select
        count(ra1_0.id) 
    from
        risk_assets ra1_0 
    where
        ra1_0.risk_level=?
2025-06-13T05:35:41.328Z DEBUG 5621 --- [risk-assets-api] [io-12000-exec-2] o.s.web.servlet.DispatcherServlet        : Completed 200 OK
2025-06-13T05:35:41.328Z DEBUG 5621 --- [risk-assets-api] [io-12000-exec-1] o.s.w.s.m.m.a.HttpEntityMethodProcessor  : Using 'application/json', given [*/*] and supported [application/json, application/*+json]
2025-06-13T05:35:41.328Z DEBUG 5621 --- [risk-assets-api] [io-12000-exec-1] o.s.w.s.m.m.a.HttpEntityMethodProcessor  : Writing [com.jpmc.riskassets.model.RiskSummary@89dcbd3]
2025-06-13T05:35:41.328Z DEBUG 5621 --- [risk-assets-api] [io-12000-exec-1] o.s.web.servlet.DispatcherServlet        : Completed 200 OK
Hibernate: 
    select
        ra1_0.id,
        ra1_0.created_at,
        ra1_0.description,
        ra1_0.location,
        ra1_0.name,
        ra1_0.owner,
        ra1_0.risk_level,
        ra1_0.risk_score,
        ra1_0.type,
        ra1_0.updated_at,
        ra1_0.asset_value 
    from
        risk_assets ra1_0 
    where
        ra1_0.risk_level=?
2025-06-13T05:35:41.329Z DEBUG 5621 --- [risk-assets-api] [io-12000-exec-9] o.s.w.s.m.m.a.HttpEntityMethodProcessor  : Using 'application/json', given [*/*] and supported [application/json, application/*+json]
2025-06-13T05:35:41.329Z DEBUG 5621 --- [risk-assets-api] [io-12000-exec-9] o.s.w.s.m.m.a.HttpEntityMethodProcessor  : Writing [[com.jpmc.riskassets.model.RiskAsset@26451cce, com.jpmc.riskassets.model.RiskAsset@642593ce, com.jpm (truncated)...]
2025-06-13T05:35:41.330Z DEBUG 5621 --- [risk-assets-api] [io-12000-exec-9] o.s.web.servlet.DispatcherServlet        : Completed 200 OK
2025-06-13T05:35:41.424Z DEBUG 5621 --- [risk-assets-api] [io-12000-exec-4] o.s.web.servlet.DispatcherServlet        : GET "/api/assets/risk-summary", parameters={}
2025-06-13T05:35:41.424Z DEBUG 5621 --- [risk-assets-api] [io-12000-exec-8] o.s.web.servlet.DispatcherServlet        : GET "/api/assets", parameters={}
2025-06-13T05:35:41.425Z DEBUG 5621 --- [risk-assets-api] [io-12000-exec-4] s.w.s.m.m.a.RequestMappingHandlerMapping : Mapped to com.jpmc.riskassets.controller.RiskAssetController#getRiskSummary()
2025-06-13T05:35:41.425Z DEBUG 5621 --- [risk-assets-api] [io-12000-exec-8] s.w.s.m.m.a.RequestMappingHandlerMapping : Mapped to com.jpmc.riskassets.controller.RiskAssetController#getAllAssets()
2025-06-13T05:35:41.425Z DEBUG 5621 --- [risk-assets-api] [io-12000-exec-3] o.s.web.servlet.DispatcherServlet        : GET "/api/assets/risk-level/HIGH", parameters={}
2025-06-13T05:35:41.425Z DEBUG 5621 --- [risk-assets-api] [io-12000-exec-3] s.w.s.m.m.a.RequestMappingHandlerMapping : Mapped to com.jpmc.riskassets.controller.RiskAssetController#getAssetsByRiskLevel(RiskLevel)
2025-06-13T05:35:41.424Z DEBUG 5621 --- [risk-assets-api] [io-12000-exec-6] o.s.web.servlet.DispatcherServlet        : GET "/api/assets/1", parameters={}
2025-06-13T05:35:41.426Z DEBUG 5621 --- [risk-assets-api] [io-12000-exec-6] s.w.s.m.m.a.RequestMappingHandlerMapping : Mapped to com.jpmc.riskassets.controller.RiskAssetController#getAssetById(Long)
Hibernate: 
    select
        count(*) 
    from
        risk_assets ra1_0
Hibernate: 
    select
        ra1_0.id,
        ra1_0.created_at,
        ra1_0.description,
        ra1_0.location,
        ra1_0.name,
        ra1_0.owner,
        ra1_0.risk_level,
        ra1_0.risk_score,
        ra1_0.type,
        ra1_0.updated_at,
        ra1_0.asset_value 
    from
        risk_assets ra1_0 
    where
        ra1_0.id=?
Hibernate: 
    select
        sum(ra1_0.asset_value) 
    from
        risk_assets ra1_0
2025-06-13T05:35:41.427Z DEBUG 5621 --- [risk-assets-api] [io-12000-exec-6] o.s.w.s.m.m.a.HttpEntityMethodProcessor  : Using 'application/json', given [*/*] and supported [application/json, application/*+json]
2025-06-13T05:35:41.427Z DEBUG 5621 --- [risk-assets-api] [io-12000-exec-6] o.s.w.s.m.m.a.HttpEntityMethodProcessor  : Writing [com.jpmc.riskassets.model.RiskAsset@11aa8042]
Hibernate: 
    select
        avg(ra1_0.risk_score) 
    from
        risk_assets ra1_0
2025-06-13T05:35:41.427Z DEBUG 5621 --- [risk-assets-api] [io-12000-exec-6] o.s.web.servlet.DispatcherServlet        : Completed 200 OK
Hibernate: 
    select
        count(ra1_0.id) 
    from
        risk_assets ra1_0 
    where
        ra1_0.risk_level=?
Hibernate: 
    select
        count(ra1_0.id) 
    from
        risk_assets ra1_0 
    where
        ra1_0.risk_level=?
Hibernate: 
    select
        ra1_0.id,
        ra1_0.created_at,
        ra1_0.description,
        ra1_0.location,
        ra1_0.name,
        ra1_0.owner,
        ra1_0.risk_level,
        ra1_0.risk_score,
        ra1_0.type,
        ra1_0.updated_at,
        ra1_0.asset_value 
    from
        risk_assets ra1_0
2025-06-13T05:35:41.430Z DEBUG 5621 --- [risk-assets-api] [io-12000-exec-8] o.s.w.s.m.m.a.HttpEntityMethodProcessor  : Using 'application/json', given [*/*] and supported [application/json, application/*+json]
2025-06-13T05:35:41.430Z DEBUG 5621 --- [risk-assets-api] [io-12000-exec-8] o.s.w.s.m.m.a.HttpEntityMethodProcessor  : Writing [[com.jpmc.riskassets.model.RiskAsset@3eea2550, com.jpmc.riskassets.model.RiskAsset@4810495c, com.jpm (truncated)...]
2025-06-13T05:35:41.431Z DEBUG 5621 --- [risk-assets-api] [io-12000-exec-8] o.s.web.servlet.DispatcherServlet        : Completed 200 OK
Hibernate: 
    select
        ra1_0.id,
        ra1_0.created_at,
        ra1_0.description,
        ra1_0.location,
        ra1_0.name,
        ra1_0.owner,
        ra1_0.risk_level,
        ra1_0.risk_score,
        ra1_0.type,
        ra1_0.updated_at,
        ra1_0.asset_value 
    from
        risk_assets ra1_0 
    where
        ra1_0.risk_level=?
2025-06-13T05:35:41.432Z DEBUG 5621 --- [risk-assets-api] [io-12000-exec-3] o.s.w.s.m.m.a.HttpEntityMethodProcessor  : Using 'application/json', given [*/*] and supported [application/json, application/*+json]
2025-06-13T05:35:41.432Z DEBUG 5621 --- [risk-assets-api] [io-12000-exec-3] o.s.w.s.m.m.a.HttpEntityMethodProcessor  : Writing [[com.jpmc.riskassets.model.RiskAsset@4ce88092, com.jpmc.riskassets.model.RiskAsset@23683d0e, com.jpm (truncated)...]
2025-06-13T05:35:41.432Z DEBUG 5621 --- [risk-assets-api] [io-12000-exec-3] o.s.web.servlet.DispatcherServlet        : Completed 200 OK
Hibernate: 
    select
        count(ra1_0.id) 
    from
        risk_assets ra1_0 
    where
        ra1_0.risk_level=?
Hibernate: 
    select
        count(ra1_0.id) 
    from
        risk_assets ra1_0 
    where
        ra1_0.risk_level=?
2025-06-13T05:35:41.433Z DEBUG 5621 --- [risk-assets-api] [io-12000-exec-4] o.s.w.s.m.m.a.HttpEntityMethodProcessor  : Using 'application/json', given [*/*] and supported [application/json, application/*+json]
2025-06-13T05:35:41.433Z DEBUG 5621 --- [risk-assets-api] [io-12000-exec-4] o.s.w.s.m.m.a.HttpEntityMethodProcessor  : Writing [com.jpmc.riskassets.model.RiskSummary@4fd7b32b]
2025-06-13T05:35:41.434Z DEBUG 5621 --- [risk-assets-api] [io-12000-exec-4] o.s.web.servlet.DispatcherServlet        : Completed 200 OK
2025-06-13T05:35:41.527Z DEBUG 5621 --- [risk-assets-api] [io-12000-exec-5] o.s.web.servlet.DispatcherServlet        : GET "/api/assets", parameters={}
2025-06-13T05:35:41.527Z DEBUG 5621 --- [risk-assets-api] [io-12000-exec-5] s.w.s.m.m.a.RequestMappingHandlerMapping : Mapped to com.jpmc.riskassets.controller.RiskAssetController#getAllAssets()
Hibernate: 
    select
        ra1_0.id,
        ra1_0.created_at,
        ra1_0.description,
        ra1_0.location,
        ra1_0.name,
        ra1_0.owner,
        ra1_0.risk_level,
        ra1_0.risk_score,
        ra1_0.type,
        ra1_0.updated_at,
        ra1_0.asset_value 
    from
        risk_assets ra1_0
2025-06-13T05:35:41.530Z DEBUG 5621 --- [risk-assets-api] [io-12000-exec-5] o.s.w.s.m.m.a.HttpEntityMethodProcessor  : Using 'application/json', given [*/*] and supported [application/json, application/*+json]
2025-06-13T05:35:41.530Z DEBUG 5621 --- [risk-assets-api] [io-12000-exec-5] o.s.w.s.m.m.a.HttpEntityMethodProcessor  : Writing [[com.jpmc.riskassets.model.RiskAsset@63924b0e, com.jpmc.riskassets.model.RiskAsset@d6a142b, com.jpmc (truncated)...]
2025-06-13T05:35:41.531Z DEBUG 5621 --- [risk-assets-api] [io-12000-exec-5] o.s.web.servlet.DispatcherServlet        : Completed 200 OK
2025-06-13T05:35:41.532Z DEBUG 5621 --- [risk-assets-api] [io-12000-exec-5] o.s.web.servlet.DispatcherServlet        : GET "/api/assets/risk-summary", parameters={}
2025-06-13T05:35:41.532Z DEBUG 5621 --- [risk-assets-api] [io-12000-exec-5] s.w.s.m.m.a.RequestMappingHandlerMapping : Mapped to com.jpmc.riskassets.controller.RiskAssetController#getRiskSummary()
Hibernate: 
    select
        count(*) 
    from
        risk_assets ra1_0
2025-06-13T05:35:41.527Z DEBUG 5621 --- [risk-assets-api] [o-12000-exec-10] o.s.web.servlet.DispatcherServlet        : GET "/api/assets/risk-level/HIGH", parameters={}
Hibernate: 
    select
        sum(ra1_0.asset_value) 
    from
        risk_assets ra1_0
2025-06-13T05:35:41.533Z DEBUG 5621 --- [risk-assets-api] [o-12000-exec-10] s.w.s.m.m.a.RequestMappingHandlerMapping : Mapped to com.jpmc.riskassets.controller.RiskAssetController#getAssetsByRiskLevel(RiskLevel)
Hibernate: 
    select
        avg(ra1_0.risk_score) 
    from
        risk_assets ra1_0
Hibernate: 
    select
        count(ra1_0.id) 
    from
        risk_assets ra1_0 
    where
        ra1_0.risk_level=?
Hibernate: 
    select
        ra1_0.id,
        ra1_0.created_at,
        ra1_0.description,
        ra1_0.location,
        ra1_0.name,
        ra1_0.owner,
        ra1_0.risk_level,
        ra1_0.risk_score,
        ra1_0.type,
        ra1_0.updated_at,
        ra1_0.asset_value 
    from
        risk_assets ra1_0 
    where
        ra1_0.risk_level=?
2025-06-13T05:35:41.535Z DEBUG 5621 --- [risk-assets-api] [o-12000-exec-10] o.s.w.s.m.m.a.HttpEntityMethodProcessor  : Using 'application/json', given [*/*] and supported [application/json, application/*+json]
2025-06-13T05:35:41.535Z DEBUG 5621 --- [risk-assets-api] [o-12000-exec-10] o.s.w.s.m.m.a.HttpEntityMethodProcessor  : Writing [[com.jpmc.riskassets.model.RiskAsset@151155c0, com.jpmc.riskassets.model.RiskAsset@28a1e178, com.jpm (truncated)...]
Hibernate: 
    select
        count(ra1_0.id) 
    from
        risk_assets ra1_0 
    where
        ra1_0.risk_level=?
2025-06-13T05:35:41.536Z DEBUG 5621 --- [risk-assets-api] [o-12000-exec-10] o.s.web.servlet.DispatcherServlet        : Completed 200 OK
2025-06-13T05:35:41.536Z DEBUG 5621 --- [risk-assets-api] [io-12000-exec-3] o.s.web.servlet.DispatcherServlet        : GET "/api/assets/1", parameters={}
Hibernate: 
    select
        count(ra1_0.id) 
    from
        risk_assets ra1_0 
    where
        ra1_0.risk_level=?
2025-06-13T05:35:41.536Z DEBUG 5621 --- [risk-assets-api] [io-12000-exec-3] s.w.s.m.m.a.RequestMappingHandlerMapping : Mapped to com.jpmc.riskassets.controller.RiskAssetController#getAssetById(Long)
Hibernate: 
    select
        count(ra1_0.id) 
    from
        risk_assets ra1_0 
    where
        ra1_0.risk_level=?
Hibernate: 
    select
        ra1_0.id,
        ra1_0.created_at,
        ra1_0.description,
        ra1_0.location,
        ra1_0.name,
        ra1_0.owner,
        ra1_0.risk_level,
        ra1_0.risk_score,
        ra1_0.type,
        ra1_0.updated_at,
        ra1_0.asset_value 
    from
        risk_assets ra1_0 
    where
        ra1_0.id=?
2025-06-13T05:35:41.537Z DEBUG 5621 --- [risk-assets-api] [io-12000-exec-3] o.s.w.s.m.m.a.HttpEntityMethodProcessor  : Using 'application/json', given [*/*] and supported [application/json, application/*+json]
2025-06-13T05:35:41.537Z DEBUG 5621 --- [risk-assets-api] [io-12000-exec-3] o.s.w.s.m.m.a.HttpEntityMethodProcessor  : Writing [com.jpmc.riskassets.model.RiskAsset@2d7e65fd]
2025-06-13T05:35:41.537Z DEBUG 5621 --- [risk-assets-api] [io-12000-exec-5] o.s.w.s.m.m.a.HttpEntityMethodProcessor  : Using 'application/json', given [*/*] and supported [application/json, application/*+json]
2025-06-13T05:35:41.538Z DEBUG 5621 --- [risk-assets-api] [io-12000-exec-3] o.s.web.servlet.DispatcherServlet        : Completed 200 OK
2025-06-13T05:35:41.538Z DEBUG 5621 --- [risk-assets-api] [io-12000-exec-5] o.s.w.s.m.m.a.HttpEntityMethodProcessor  : Writing [com.jpmc.riskassets.model.RiskSummary@4e9eb0cc]
2025-06-13T05:35:41.539Z DEBUG 5621 --- [risk-assets-api] [io-12000-exec-5] o.s.web.servlet.DispatcherServlet        : Completed 200 OK
2025-06-13T05:35:41.631Z DEBUG 5621 --- [risk-assets-api] [io-12000-exec-4] o.s.web.servlet.DispatcherServlet        : GET "/api/assets", parameters={}
2025-06-13T05:35:41.631Z DEBUG 5621 --- [risk-assets-api] [io-12000-exec-4] s.w.s.m.m.a.RequestMappingHandlerMapping : Mapped to com.jpmc.riskassets.controller.RiskAssetController#getAllAssets()
Hibernate: 
    select
        ra1_0.id,
        ra1_0.created_at,
        ra1_0.description,
        ra1_0.location,
        ra1_0.name,
        ra1_0.owner,
        ra1_0.risk_level,
        ra1_0.risk_score,
        ra1_0.type,
        ra1_0.updated_at,
        ra1_0.asset_value 
    from
        risk_assets ra1_0
2025-06-13T05:35:41.633Z DEBUG 5621 --- [risk-assets-api] [io-12000-exec-4] o.s.w.s.m.m.a.HttpEntityMethodProcessor  : Using 'application/json', given [*/*] and supported [application/json, application/*+json]
2025-06-13T05:35:41.633Z DEBUG 5621 --- [risk-assets-api] [io-12000-exec-4] o.s.w.s.m.m.a.HttpEntityMethodProcessor  : Writing [[com.jpmc.riskassets.model.RiskAsset@77a31e78, com.jpmc.riskassets.model.RiskAsset@585a33e9, com.jpm (truncated)...]
2025-06-13T05:35:41.634Z DEBUG 5621 --- [risk-assets-api] [io-12000-exec-4] o.s.web.servlet.DispatcherServlet        : Completed 200 OK
2025-06-13T05:35:41.635Z DEBUG 5621 --- [risk-assets-api] [io-12000-exec-9] o.s.web.servlet.DispatcherServlet        : GET "/api/assets/1", parameters={}
2025-06-13T05:35:41.635Z DEBUG 5621 --- [risk-assets-api] [io-12000-exec-9] s.w.s.m.m.a.RequestMappingHandlerMapping : Mapped to com.jpmc.riskassets.controller.RiskAssetController#getAssetById(Long)
Hibernate: 
    select
        ra1_0.id,
        ra1_0.created_at,
        ra1_0.description,
        ra1_0.location,
        ra1_0.name,
        ra1_0.owner,
        ra1_0.risk_level,
        ra1_0.risk_score,
        ra1_0.type,
        ra1_0.updated_at,
        ra1_0.asset_value 
    from
        risk_assets ra1_0 
    where
        ra1_0.id=?
2025-06-13T05:35:41.636Z DEBUG 5621 --- [risk-assets-api] [io-12000-exec-9] o.s.w.s.m.m.a.HttpEntityMethodProcessor  : Using 'application/json', given [*/*] and supported [application/json, application/*+json]
2025-06-13T05:35:41.636Z DEBUG 5621 --- [risk-assets-api] [io-12000-exec-9] o.s.w.s.m.m.a.HttpEntityMethodProcessor  : Writing [com.jpmc.riskassets.model.RiskAsset@3dfca5f]
2025-06-13T05:35:41.636Z DEBUG 5621 --- [risk-assets-api] [io-12000-exec-9] o.s.web.servlet.DispatcherServlet        : Completed 200 OK
2025-06-13T05:35:41.631Z DEBUG 5621 --- [risk-assets-api] [io-12000-exec-1] o.s.web.servlet.DispatcherServlet        : GET "/api/assets/risk-level/HIGH", parameters={}
2025-06-13T05:35:41.637Z DEBUG 5621 --- [risk-assets-api] [io-12000-exec-1] s.w.s.m.m.a.RequestMappingHandlerMapping : Mapped to com.jpmc.riskassets.controller.RiskAssetController#getAssetsByRiskLevel(RiskLevel)
Hibernate: 
    select
        ra1_0.id,
        ra1_0.created_at,
        ra1_0.description,
        ra1_0.location,
        ra1_0.name,
        ra1_0.owner,
        ra1_0.risk_level,
        ra1_0.risk_score,
        ra1_0.type,
        ra1_0.updated_at,
        ra1_0.asset_value 
    from
        risk_assets ra1_0 
    where
        ra1_0.risk_level=?
2025-06-13T05:35:41.639Z DEBUG 5621 --- [risk-assets-api] [io-12000-exec-4] o.s.web.servlet.DispatcherServlet        : GET "/api/assets/risk-summary", parameters={}
2025-06-13T05:35:41.639Z DEBUG 5621 --- [risk-assets-api] [io-12000-exec-4] s.w.s.m.m.a.RequestMappingHandlerMapping : Mapped to com.jpmc.riskassets.controller.RiskAssetController#getRiskSummary()
2025-06-13T05:35:41.639Z DEBUG 5621 --- [risk-assets-api] [io-12000-exec-1] o.s.w.s.m.m.a.HttpEntityMethodProcessor  : Using 'application/json', given [*/*] and supported [application/json, application/*+json]
2025-06-13T05:35:41.640Z DEBUG 5621 --- [risk-assets-api] [io-12000-exec-1] o.s.w.s.m.m.a.HttpEntityMethodProcessor  : Writing [[com.jpmc.riskassets.model.RiskAsset@8767cfd, com.jpmc.riskassets.model.RiskAsset@7eac4da1, com.jpmc (truncated)...]
2025-06-13T05:35:41.640Z DEBUG 5621 --- [risk-assets-api] [io-12000-exec-1] o.s.web.servlet.DispatcherServlet        : Completed 200 OK
Hibernate: 
    select
        count(*) 
    from
        risk_assets ra1_0
Hibernate: 
    select
        sum(ra1_0.asset_value) 
    from
        risk_assets ra1_0
Hibernate: 
    select
        avg(ra1_0.risk_score) 
    from
        risk_assets ra1_0
Hibernate: 
    select
        count(ra1_0.id) 
    from
        risk_assets ra1_0 
    where
        ra1_0.risk_level=?
Hibernate: 
    select
        count(ra1_0.id) 
    from
        risk_assets ra1_0 
    where
        ra1_0.risk_level=?
Hibernate: 
    select
        count(ra1_0.id) 
    from
        risk_assets ra1_0 
    where
        ra1_0.risk_level=?
Hibernate: 
    select
        count(ra1_0.id) 
    from
        risk_assets ra1_0 
    where
        ra1_0.risk_level=?
2025-06-13T05:35:41.645Z DEBUG 5621 --- [risk-assets-api] [io-12000-exec-4] o.s.w.s.m.m.a.HttpEntityMethodProcessor  : Using 'application/json', given [*/*] and supported [application/json, application/*+json]
2025-06-13T05:35:41.646Z DEBUG 5621 --- [risk-assets-api] [io-12000-exec-4] o.s.w.s.m.m.a.HttpEntityMethodProcessor  : Writing [com.jpmc.riskassets.model.RiskSummary@39f1410a]
2025-06-13T05:35:41.646Z DEBUG 5621 --- [risk-assets-api] [io-12000-exec-4] o.s.web.servlet.DispatcherServlet        : Completed 200 OK
2025-06-13T05:35:41.739Z DEBUG 5621 --- [risk-assets-api] [io-12000-exec-5] o.s.web.servlet.DispatcherServlet        : GET "/api/assets", parameters={}
2025-06-13T05:35:41.739Z DEBUG 5621 --- [risk-assets-api] [io-12000-exec-7] o.s.web.servlet.DispatcherServlet        : GET "/api/assets/risk-summary", parameters={}
2025-06-13T05:35:41.739Z DEBUG 5621 --- [risk-assets-api] [io-12000-exec-5] s.w.s.m.m.a.RequestMappingHandlerMapping : Mapped to com.jpmc.riskassets.controller.RiskAssetController#getAllAssets()
2025-06-13T05:35:41.739Z DEBUG 5621 --- [risk-assets-api] [io-12000-exec-9] o.s.web.servlet.DispatcherServlet        : GET "/api/assets/1", parameters={}
2025-06-13T05:35:41.739Z DEBUG 5621 --- [risk-assets-api] [io-12000-exec-6] o.s.web.servlet.DispatcherServlet        : GET "/api/assets/risk-level/HIGH", parameters={}
2025-06-13T05:35:41.739Z DEBUG 5621 --- [risk-assets-api] [io-12000-exec-6] s.w.s.m.m.a.RequestMappingHandlerMapping : Mapped to com.jpmc.riskassets.controller.RiskAssetController#getAssetsByRiskLevel(RiskLevel)
2025-06-13T05:35:41.739Z DEBUG 5621 --- [risk-assets-api] [io-12000-exec-7] s.w.s.m.m.a.RequestMappingHandlerMapping : Mapped to com.jpmc.riskassets.controller.RiskAssetController#getRiskSummary()
Hibernate: 
    select
        count(*) 
    from
        risk_assets ra1_0
2025-06-13T05:35:41.739Z DEBUG 5621 --- [risk-assets-api] [io-12000-exec-9] s.w.s.m.m.a.RequestMappingHandlerMapping : Mapped to com.jpmc.riskassets.controller.RiskAssetController#getAssetById(Long)
Hibernate: 
    select
        ra1_0.id,
        ra1_0.created_at,
        ra1_0.description,
        ra1_0.location,
        ra1_0.name,
        ra1_0.owner,
        ra1_0.risk_level,
        ra1_0.risk_score,
        ra1_0.type,
        ra1_0.updated_at,
        ra1_0.asset_value 
    from
        risk_assets ra1_0
Hibernate: 
    select
        ra1_0.id,
        ra1_0.created_at,
        ra1_0.description,
        ra1_0.location,
        ra1_0.name,
        ra1_0.owner,
        ra1_0.risk_level,
        ra1_0.risk_score,
        ra1_0.type,
        ra1_0.updated_at,
        ra1_0.asset_value 
    from
        risk_assets ra1_0 
    where
        ra1_0.id=?
Hibernate: 
    select
        sum(ra1_0.asset_value) 
    from
        risk_assets ra1_0
2025-06-13T05:35:41.741Z DEBUG 5621 --- [risk-assets-api] [io-12000-exec-5] o.s.w.s.m.m.a.HttpEntityMethodProcessor  : Using 'application/json', given [*/*] and supported [application/json, application/*+json]
2025-06-13T05:35:41.741Z DEBUG 5621 --- [risk-assets-api] [io-12000-exec-9] o.s.w.s.m.m.a.HttpEntityMethodProcessor  : Using 'application/json', given [*/*] and supported [application/json, application/*+json]
2025-06-13T05:35:41.741Z DEBUG 5621 --- [risk-assets-api] [io-12000-exec-5] o.s.w.s.m.m.a.HttpEntityMethodProcessor  : Writing [[com.jpmc.riskassets.model.RiskAsset@485dde2e, com.jpmc.riskassets.model.RiskAsset@26de72c4, com.jpm (truncated)...]
2025-06-13T05:35:41.741Z DEBUG 5621 --- [risk-assets-api] [io-12000-exec-9] o.s.w.s.m.m.a.HttpEntityMethodProcessor  : Writing [com.jpmc.riskassets.model.RiskAsset@7ae21c85]
Hibernate: 
    select
        avg(ra1_0.risk_score) 
    from
        risk_assets ra1_0
2025-06-13T05:35:41.742Z DEBUG 5621 --- [risk-assets-api] [io-12000-exec-9] o.s.web.servlet.DispatcherServlet        : Completed 200 OK
2025-06-13T05:35:41.742Z DEBUG 5621 --- [risk-assets-api] [io-12000-exec-5] o.s.web.servlet.DispatcherServlet        : Completed 200 OK
Hibernate: 
    select
        ra1_0.id,
        ra1_0.created_at,
        ra1_0.description,
        ra1_0.location,
        ra1_0.name,
        ra1_0.owner,
        ra1_0.risk_level,
        ra1_0.risk_score,
        ra1_0.type,
        ra1_0.updated_at,
        ra1_0.asset_value 
    from
        risk_assets ra1_0 
    where
        ra1_0.risk_level=?
Hibernate: 
    select
        count(ra1_0.id) 
    from
        risk_assets ra1_0 
    where
        ra1_0.risk_level=?
2025-06-13T05:35:41.743Z DEBUG 5621 --- [risk-assets-api] [io-12000-exec-6] o.s.w.s.m.m.a.HttpEntityMethodProcessor  : Using 'application/json', given [*/*] and supported [application/json, application/*+json]
2025-06-13T05:35:41.743Z DEBUG 5621 --- [risk-assets-api] [io-12000-exec-6] o.s.w.s.m.m.a.HttpEntityMethodProcessor  : Writing [[com.jpmc.riskassets.model.RiskAsset@571c2117, com.jpmc.riskassets.model.RiskAsset@7a58138e, com.jpm (truncated)...]
2025-06-13T05:35:41.743Z DEBUG 5621 --- [risk-assets-api] [io-12000-exec-6] o.s.web.servlet.DispatcherServlet        : Completed 200 OK
Hibernate: 
    select
        count(ra1_0.id) 
    from
        risk_assets ra1_0 
    where
        ra1_0.risk_level=?
Hibernate: 
    select
        count(ra1_0.id) 
    from
        risk_assets ra1_0 
    where
        ra1_0.risk_level=?
Hibernate: 
    select
        count(ra1_0.id) 
    from
        risk_assets ra1_0 
    where
        ra1_0.risk_level=?
2025-06-13T05:35:41.745Z DEBUG 5621 --- [risk-assets-api] [io-12000-exec-7] o.s.w.s.m.m.a.HttpEntityMethodProcessor  : Using 'application/json', given [*/*] and supported [application/json, application/*+json]
2025-06-13T05:35:41.745Z DEBUG 5621 --- [risk-assets-api] [io-12000-exec-7] o.s.w.s.m.m.a.HttpEntityMethodProcessor  : Writing [com.jpmc.riskassets.model.RiskSummary@726f5f6]
2025-06-13T05:35:41.745Z DEBUG 5621 --- [risk-assets-api] [io-12000-exec-7] o.s.web.servlet.DispatcherServlet        : Completed 200 OK
2025-06-13T05:35:41.841Z DEBUG 5621 --- [risk-assets-api] [io-12000-exec-8] o.s.web.servlet.DispatcherServlet        : GET "/api/assets/1", parameters={}
2025-06-13T05:35:41.841Z DEBUG 5621 --- [risk-assets-api] [io-12000-exec-5] o.s.web.servlet.DispatcherServlet        : GET "/api/assets/risk-summary", parameters={}
2025-06-13T05:35:41.841Z DEBUG 5621 --- [risk-assets-api] [io-12000-exec-4] o.s.web.servlet.DispatcherServlet        : GET "/api/assets", parameters={}
2025-06-13T05:35:41.841Z DEBUG 5621 --- [risk-assets-api] [io-12000-exec-8] s.w.s.m.m.a.RequestMappingHandlerMapping : Mapped to com.jpmc.riskassets.controller.RiskAssetController#getAssetById(Long)
2025-06-13T05:35:41.841Z DEBUG 5621 --- [risk-assets-api] [io-12000-exec-5] s.w.s.m.m.a.RequestMappingHandlerMapping : Mapped to com.jpmc.riskassets.controller.RiskAssetController#getRiskSummary()
2025-06-13T05:35:41.841Z DEBUG 5621 --- [risk-assets-api] [io-12000-exec-4] s.w.s.m.m.a.RequestMappingHandlerMapping : Mapped to com.jpmc.riskassets.controller.RiskAssetController#getAllAssets()
2025-06-13T05:35:41.841Z DEBUG 5621 --- [risk-assets-api] [io-12000-exec-9] o.s.web.servlet.DispatcherServlet        : GET "/api/assets/risk-level/HIGH", parameters={}
2025-06-13T05:35:41.841Z DEBUG 5621 --- [risk-assets-api] [io-12000-exec-9] s.w.s.m.m.a.RequestMappingHandlerMapping : Mapped to com.jpmc.riskassets.controller.RiskAssetController#getAssetsByRiskLevel(RiskLevel)
Hibernate: 
    select
        ra1_0.id,
        ra1_0.created_at,
        ra1_0.description,
        ra1_0.location,
        ra1_0.name,
        ra1_0.owner,
        ra1_0.risk_level,
        ra1_0.risk_score,
        ra1_0.type,
        ra1_0.updated_at,
        ra1_0.asset_value 
    from
        risk_assets ra1_0 
    where
        ra1_0.id=?
Hibernate: 
    select
        count(*) 
    from
        risk_assets ra1_0
Hibernate: 
    select
        ra1_0.id,
        ra1_0.created_at,
        ra1_0.description,
        ra1_0.location,
        ra1_0.name,
        ra1_0.owner,
        ra1_0.risk_level,
        ra1_0.risk_score,
        ra1_0.type,
        ra1_0.updated_at,
        ra1_0.asset_value 
    from
        risk_assets ra1_0 
    where
        ra1_0.risk_level=?
Hibernate: 
    select
        ra1_0.id,
        ra1_0.created_at,
        ra1_0.description,
        ra1_0.location,
        ra1_0.name,
        ra1_0.owner,
        ra1_0.risk_level,
        ra1_0.risk_score,
        ra1_0.type,
        ra1_0.updated_at,
        ra1_0.asset_value 
    from
        risk_assets ra1_0
2025-06-13T05:35:41.843Z DEBUG 5621 --- [risk-assets-api] [io-12000-exec-9] o.s.w.s.m.m.a.HttpEntityMethodProcessor  : Using 'application/json', given [*/*] and supported [application/json, application/*+json]
Hibernate: 
    select
        sum(ra1_0.asset_value) 
    from
        risk_assets ra1_0
2025-06-13T05:35:41.843Z DEBUG 5621 --- [risk-assets-api] [io-12000-exec-9] o.s.w.s.m.m.a.HttpEntityMethodProcessor  : Writing [[com.jpmc.riskassets.model.RiskAsset@5754352e, com.jpmc.riskassets.model.RiskAsset@60a4feb7, com.jpm (truncated)...]
2025-06-13T05:35:41.843Z DEBUG 5621 --- [risk-assets-api] [io-12000-exec-4] o.s.w.s.m.m.a.HttpEntityMethodProcessor  : Using 'application/json', given [*/*] and supported [application/json, application/*+json]
2025-06-13T05:35:41.843Z DEBUG 5621 --- [risk-assets-api] [io-12000-exec-4] o.s.w.s.m.m.a.HttpEntityMethodProcessor  : Writing [[com.jpmc.riskassets.model.RiskAsset@2e02b59c, com.jpmc.riskassets.model.RiskAsset@3b2c4d7, com.jpmc (truncated)...]
Hibernate: 
    select
        avg(ra1_0.risk_score) 
    from
        risk_assets ra1_0
2025-06-13T05:35:41.844Z DEBUG 5621 --- [risk-assets-api] [io-12000-exec-9] o.s.web.servlet.DispatcherServlet        : Completed 200 OK
2025-06-13T05:35:41.844Z DEBUG 5621 --- [risk-assets-api] [io-12000-exec-4] o.s.web.servlet.DispatcherServlet        : Completed 200 OK
2025-06-13T05:35:41.844Z DEBUG 5621 --- [risk-assets-api] [io-12000-exec-8] o.s.w.s.m.m.a.HttpEntityMethodProcessor  : Using 'application/json', given [*/*] and supported [application/json, application/*+json]
2025-06-13T05:35:41.844Z DEBUG 5621 --- [risk-assets-api] [io-12000-exec-8] o.s.w.s.m.m.a.HttpEntityMethodProcessor  : Writing [com.jpmc.riskassets.model.RiskAsset@129f84b4]
Hibernate: 
    select
        count(ra1_0.id) 
    from
        risk_assets ra1_0 
    where
        ra1_0.risk_level=?
2025-06-13T05:35:41.845Z DEBUG 5621 --- [risk-assets-api] [io-12000-exec-8] o.s.web.servlet.DispatcherServlet        : Completed 200 OK
Hibernate: 
    select
        count(ra1_0.id) 
    from
        risk_assets ra1_0 
    where
        ra1_0.risk_level=?
Hibernate: 
    select
        count(ra1_0.id) 
    from
        risk_assets ra1_0 
    where
        ra1_0.risk_level=?
Hibernate: 
    select
        count(ra1_0.id) 
    from
        risk_assets ra1_0 
    where
        ra1_0.risk_level=?
2025-06-13T05:35:41.847Z DEBUG 5621 --- [risk-assets-api] [io-12000-exec-5] o.s.w.s.m.m.a.HttpEntityMethodProcessor  : Using 'application/json', given [*/*] and supported [application/json, application/*+json]
2025-06-13T05:35:41.847Z DEBUG 5621 --- [risk-assets-api] [io-12000-exec-5] o.s.w.s.m.m.a.HttpEntityMethodProcessor  : Writing [com.jpmc.riskassets.model.RiskSummary@7eda1779]
2025-06-13T05:35:41.848Z DEBUG 5621 --- [risk-assets-api] [io-12000-exec-5] o.s.web.servlet.DispatcherServlet        : Completed 200 OK
2025-06-13T05:35:41.943Z DEBUG 5621 --- [risk-assets-api] [io-12000-exec-2] o.s.web.servlet.DispatcherServlet        : GET "/api/assets", parameters={}
2025-06-13T05:35:41.943Z DEBUG 5621 --- [risk-assets-api] [io-12000-exec-9] o.s.web.servlet.DispatcherServlet        : GET "/api/assets/risk-level/HIGH", parameters={}
2025-06-13T05:35:41.944Z DEBUG 5621 --- [risk-assets-api] [io-12000-exec-2] s.w.s.m.m.a.RequestMappingHandlerMapping : Mapped to com.jpmc.riskassets.controller.RiskAssetController#getAllAssets()
2025-06-13T05:35:41.943Z DEBUG 5621 --- [risk-assets-api] [io-12000-exec-1] o.s.web.servlet.DispatcherServlet        : GET "/api/assets/risk-summary", parameters={}
2025-06-13T05:35:41.944Z DEBUG 5621 --- [risk-assets-api] [io-12000-exec-1] s.w.s.m.m.a.RequestMappingHandlerMapping : Mapped to com.jpmc.riskassets.controller.RiskAssetController#getRiskSummary()
2025-06-13T05:35:41.944Z DEBUG 5621 --- [risk-assets-api] [io-12000-exec-9] s.w.s.m.m.a.RequestMappingHandlerMapping : Mapped to com.jpmc.riskassets.controller.RiskAssetController#getAssetsByRiskLevel(RiskLevel)
Hibernate: 
    select
        count(*) 
    from
        risk_assets ra1_0
2025-06-13T05:35:41.945Z DEBUG 5621 --- [risk-assets-api] [o-12000-exec-10] o.s.web.servlet.DispatcherServlet        : GET "/api/assets/1", parameters={}
2025-06-13T05:35:41.945Z DEBUG 5621 --- [risk-assets-api] [o-12000-exec-10] s.w.s.m.m.a.RequestMappingHandlerMapping : Mapped to com.jpmc.riskassets.controller.RiskAssetController#getAssetById(Long)
Hibernate: 
    select
        ra1_0.id,
        ra1_0.created_at,
        ra1_0.description,
        ra1_0.location,
        ra1_0.name,
        ra1_0.owner,
        ra1_0.risk_level,
        ra1_0.risk_score,
        ra1_0.type,
        ra1_0.updated_at,
        ra1_0.asset_value 
    from
        risk_assets ra1_0 
    where
        ra1_0.id=?
Hibernate: 
    select
        sum(ra1_0.asset_value) 
    from
        risk_assets ra1_0
2025-06-13T05:35:41.946Z DEBUG 5621 --- [risk-assets-api] [o-12000-exec-10] o.s.w.s.m.m.a.HttpEntityMethodProcessor  : Using 'application/json', given [*/*] and supported [application/json, application/*+json]
2025-06-13T05:35:41.946Z DEBUG 5621 --- [risk-assets-api] [o-12000-exec-10] o.s.w.s.m.m.a.HttpEntityMethodProcessor  : Writing [com.jpmc.riskassets.model.RiskAsset@6c5cb756]
Hibernate: 
    select
        avg(ra1_0.risk_score) 
    from
        risk_assets ra1_0
Hibernate: 
    select
        ra1_0.id,
        ra1_0.created_at,
        ra1_0.description,
        ra1_0.location,
        ra1_0.name,
        ra1_0.owner,
        ra1_0.risk_level,
        ra1_0.risk_score,
        ra1_0.type,
        ra1_0.updated_at,
        ra1_0.asset_value 
    from
        risk_assets ra1_0
2025-06-13T05:35:41.947Z DEBUG 5621 --- [risk-assets-api] [o-12000-exec-10] o.s.web.servlet.DispatcherServlet        : Completed 200 OK
2025-06-13T05:35:41.947Z DEBUG 5621 --- [risk-assets-api] [io-12000-exec-2] o.s.w.s.m.m.a.HttpEntityMethodProcessor  : Using 'application/json', given [*/*] and supported [application/json, application/*+json]
Hibernate: 
    select
        count(ra1_0.id) 
    from
        risk_assets ra1_0 
    where
        ra1_0.risk_level=?
2025-06-13T05:35:41.947Z DEBUG 5621 --- [risk-assets-api] [io-12000-exec-2] o.s.w.s.m.m.a.HttpEntityMethodProcessor  : Writing [[com.jpmc.riskassets.model.RiskAsset@3228ded7, com.jpmc.riskassets.model.RiskAsset@4494db8a, com.jpm (truncated)...]
2025-06-13T05:35:41.947Z DEBUG 5621 --- [risk-assets-api] [io-12000-exec-2] o.s.web.servlet.DispatcherServlet        : Completed 200 OK
Hibernate: 
    select
        count(ra1_0.id) 
    from
        risk_assets ra1_0 
    where
        ra1_0.risk_level=?
Hibernate: 
    select
        ra1_0.id,
        ra1_0.created_at,
        ra1_0.description,
        ra1_0.location,
        ra1_0.name,
        ra1_0.owner,
        ra1_0.risk_level,
        ra1_0.risk_score,
        ra1_0.type,
        ra1_0.updated_at,
        ra1_0.asset_value 
    from
        risk_assets ra1_0 
    where
        ra1_0.risk_level=?
Hibernate: 
    select
        count(ra1_0.id) 
    from
        risk_assets ra1_0 
    where
        ra1_0.risk_level=?
2025-06-13T05:35:41.948Z DEBUG 5621 --- [risk-assets-api] [io-12000-exec-9] o.s.w.s.m.m.a.HttpEntityMethodProcessor  : Using 'application/json', given [*/*] and supported [application/json, application/*+json]
2025-06-13T05:35:41.948Z DEBUG 5621 --- [risk-assets-api] [io-12000-exec-9] o.s.w.s.m.m.a.HttpEntityMethodProcessor  : Writing [[com.jpmc.riskassets.model.RiskAsset@3a5d5a33, com.jpmc.riskassets.model.RiskAsset@4b4aaa79, com.jpm (truncated)...]
2025-06-13T05:35:41.949Z DEBUG 5621 --- [risk-assets-api] [io-12000-exec-9] o.s.web.servlet.DispatcherServlet        : Completed 200 OK
Hibernate: 
    select
        count(ra1_0.id) 
    from
        risk_assets ra1_0 
    where
        ra1_0.risk_level=?
2025-06-13T05:35:41.950Z DEBUG 5621 --- [risk-assets-api] [io-12000-exec-1] o.s.w.s.m.m.a.HttpEntityMethodProcessor  : Using 'application/json', given [*/*] and supported [application/json, application/*+json]
2025-06-13T05:35:41.950Z DEBUG 5621 --- [risk-assets-api] [io-12000-exec-1] o.s.w.s.m.m.a.HttpEntityMethodProcessor  : Writing [com.jpmc.riskassets.model.RiskSummary@77c392ac]
2025-06-13T05:35:41.950Z DEBUG 5621 --- [risk-assets-api] [io-12000-exec-1] o.s.web.servlet.DispatcherServlet        : Completed 200 OK
2025-06-13T05:35:42.045Z DEBUG 5621 --- [risk-assets-api] [io-12000-exec-5] o.s.web.servlet.DispatcherServlet        : GET "/api/assets/1", parameters={}
2025-06-13T05:35:42.045Z DEBUG 5621 --- [risk-assets-api] [io-12000-exec-2] o.s.web.servlet.DispatcherServlet        : GET "/api/assets/risk-level/HIGH", parameters={}
2025-06-13T05:35:42.045Z DEBUG 5621 --- [risk-assets-api] [o-12000-exec-10] o.s.web.servlet.DispatcherServlet        : GET "/api/assets/risk-summary", parameters={}
2025-06-13T05:35:42.045Z DEBUG 5621 --- [risk-assets-api] [o-12000-exec-10] s.w.s.m.m.a.RequestMappingHandlerMapping : Mapped to com.jpmc.riskassets.controller.RiskAssetController#getRiskSummary()
2025-06-13T05:35:42.045Z DEBUG 5621 --- [risk-assets-api] [io-12000-exec-5] s.w.s.m.m.a.RequestMappingHandlerMapping : Mapped to com.jpmc.riskassets.controller.RiskAssetController#getAssetById(Long)
Hibernate: 
    select
        count(*) 
    from
        risk_assets ra1_0
2025-06-13T05:35:42.045Z DEBUG 5621 --- [risk-assets-api] [io-12000-exec-7] o.s.web.servlet.DispatcherServlet        : GET "/api/assets", parameters={}
2025-06-13T05:35:42.046Z DEBUG 5621 --- [risk-assets-api] [io-12000-exec-7] s.w.s.m.m.a.RequestMappingHandlerMapping : Mapped to com.jpmc.riskassets.controller.RiskAssetController#getAllAssets()
2025-06-13T05:35:42.045Z DEBUG 5621 --- [risk-assets-api] [io-12000-exec-2] s.w.s.m.m.a.RequestMappingHandlerMapping : Mapped to com.jpmc.riskassets.controller.RiskAssetController#getAssetsByRiskLevel(RiskLevel)
Hibernate: 
    select
        sum(ra1_0.asset_value) 
    from
        risk_assets ra1_0
Hibernate: 
    select
        ra1_0.id,
        ra1_0.created_at,
        ra1_0.description,
        ra1_0.location,
        ra1_0.name,
        ra1_0.owner,
        ra1_0.risk_level,
        ra1_0.risk_score,
        ra1_0.type,
        ra1_0.updated_at,
        ra1_0.asset_value 
    from
        risk_assets ra1_0
Hibernate: 
    select
        avg(ra1_0.risk_score) 
    from
        risk_assets ra1_0
Hibernate: 
    select
        ra1_0.id,
        ra1_0.created_at,
        ra1_0.description,
        ra1_0.location,
        ra1_0.name,
        ra1_0.owner,
        ra1_0.risk_level,
        ra1_0.risk_score,
        ra1_0.type,
        ra1_0.updated_at,
        ra1_0.asset_value 
    from
        risk_assets ra1_0 
    where
        ra1_0.risk_level=?
2025-06-13T05:35:42.048Z DEBUG 5621 --- [risk-assets-api] [io-12000-exec-2] o.s.w.s.m.m.a.HttpEntityMethodProcessor  : Using 'application/json', given [*/*] and supported [application/json, application/*+json]
Hibernate: 
    select
        count(ra1_0.id) 
    from
        risk_assets ra1_0 
    where
        ra1_0.risk_level=?
2025-06-13T05:35:42.048Z DEBUG 5621 --- [risk-assets-api] [io-12000-exec-2] o.s.w.s.m.m.a.HttpEntityMethodProcessor  : Writing [[com.jpmc.riskassets.model.RiskAsset@16bb7493, com.jpmc.riskassets.model.RiskAsset@2a1be2cc, com.jpm (truncated)...]
2025-06-13T05:35:42.048Z DEBUG 5621 --- [risk-assets-api] [io-12000-exec-7] o.s.w.s.m.m.a.HttpEntityMethodProcessor  : Using 'application/json', given [*/*] and supported [application/json, application/*+json]
2025-06-13T05:35:42.048Z DEBUG 5621 --- [risk-assets-api] [io-12000-exec-7] o.s.w.s.m.m.a.HttpEntityMethodProcessor  : Writing [[com.jpmc.riskassets.model.RiskAsset@3962fd17, com.jpmc.riskassets.model.RiskAsset@55360379, com.jpm (truncated)...]
2025-06-13T05:35:42.049Z DEBUG 5621 --- [risk-assets-api] [io-12000-exec-2] o.s.web.servlet.DispatcherServlet        : Completed 200 OK
2025-06-13T05:35:42.049Z DEBUG 5621 --- [risk-assets-api] [io-12000-exec-7] o.s.web.servlet.DispatcherServlet        : Completed 200 OK
Hibernate: 
    select
        count(ra1_0.id) 
    from
        risk_assets ra1_0 
    where
        ra1_0.risk_level=?
Hibernate: 
    select
        ra1_0.id,
        ra1_0.created_at,
        ra1_0.description,
        ra1_0.location,
        ra1_0.name,
        ra1_0.owner,
        ra1_0.risk_level,
        ra1_0.risk_score,
        ra1_0.type,
        ra1_0.updated_at,
        ra1_0.asset_value 
    from
        risk_assets ra1_0 
    where
        ra1_0.id=?
2025-06-13T05:35:42.050Z DEBUG 5621 --- [risk-assets-api] [io-12000-exec-5] o.s.w.s.m.m.a.HttpEntityMethodProcessor  : Using 'application/json', given [*/*] and supported [application/json, application/*+json]
2025-06-13T05:35:42.050Z DEBUG 5621 --- [risk-assets-api] [io-12000-exec-5] o.s.w.s.m.m.a.HttpEntityMethodProcessor  : Writing [com.jpmc.riskassets.model.RiskAsset@6b6364c7]
2025-06-13T05:35:42.050Z DEBUG 5621 --- [risk-assets-api] [io-12000-exec-5] o.s.web.servlet.DispatcherServlet        : Completed 200 OK
Hibernate: 
    select
        count(ra1_0.id) 
    from
        risk_assets ra1_0 
    where
        ra1_0.risk_level=?
Hibernate: 
    select
        count(ra1_0.id) 
    from
        risk_assets ra1_0 
    where
        ra1_0.risk_level=?
2025-06-13T05:35:42.051Z DEBUG 5621 --- [risk-assets-api] [o-12000-exec-10] o.s.w.s.m.m.a.HttpEntityMethodProcessor  : Using 'application/json', given [*/*] and supported [application/json, application/*+json]
2025-06-13T05:35:42.051Z DEBUG 5621 --- [risk-assets-api] [o-12000-exec-10] o.s.w.s.m.m.a.HttpEntityMethodProcessor  : Writing [com.jpmc.riskassets.model.RiskSummary@772185c9]
2025-06-13T05:35:42.052Z DEBUG 5621 --- [risk-assets-api] [o-12000-exec-10] o.s.web.servlet.DispatcherServlet        : Completed 200 OK
2025-06-13T05:35:42.147Z DEBUG 5621 --- [risk-assets-api] [io-12000-exec-1] o.s.web.servlet.DispatcherServlet        : GET "/api/assets", parameters={}
2025-06-13T05:35:42.147Z DEBUG 5621 --- [risk-assets-api] [io-12000-exec-2] o.s.web.servlet.DispatcherServlet        : GET "/api/assets/1", parameters={}
2025-06-13T05:35:42.147Z DEBUG 5621 --- [risk-assets-api] [io-12000-exec-7] o.s.web.servlet.DispatcherServlet        : GET "/api/assets/risk-level/HIGH", parameters={}
2025-06-13T05:35:42.147Z DEBUG 5621 --- [risk-assets-api] [io-12000-exec-2] s.w.s.m.m.a.RequestMappingHandlerMapping : Mapped to com.jpmc.riskassets.controller.RiskAssetController#getAssetById(Long)
2025-06-13T05:35:42.147Z DEBUG 5621 --- [risk-assets-api] [io-12000-exec-3] o.s.web.servlet.DispatcherServlet        : GET "/api/assets/risk-summary", parameters={}
2025-06-13T05:35:42.148Z DEBUG 5621 --- [risk-assets-api] [io-12000-exec-7] s.w.s.m.m.a.RequestMappingHandlerMapping : Mapped to com.jpmc.riskassets.controller.RiskAssetController#getAssetsByRiskLevel(RiskLevel)
2025-06-13T05:35:42.148Z DEBUG 5621 --- [risk-assets-api] [io-12000-exec-3] s.w.s.m.m.a.RequestMappingHandlerMapping : Mapped to com.jpmc.riskassets.controller.RiskAssetController#getRiskSummary()
2025-06-13T05:35:42.147Z DEBUG 5621 --- [risk-assets-api] [io-12000-exec-1] s.w.s.m.m.a.RequestMappingHandlerMapping : Mapped to com.jpmc.riskassets.controller.RiskAssetController#getAllAssets()
Hibernate: 
    select
        ra1_0.id,
        ra1_0.created_at,
        ra1_0.description,
        ra1_0.location,
        ra1_0.name,
        ra1_0.owner,
        ra1_0.risk_level,
        ra1_0.risk_score,
        ra1_0.type,
        ra1_0.updated_at,
        ra1_0.asset_value 
    from
        risk_assets ra1_0 
    where
        ra1_0.id=?
Hibernate: 
    select
        ra1_0.id,
        ra1_0.created_at,
        ra1_0.description,
        ra1_0.location,
        ra1_0.name,
        ra1_0.owner,
        ra1_0.risk_level,
        ra1_0.risk_score,
        ra1_0.type,
        ra1_0.updated_at,
        ra1_0.asset_value 
    from
        risk_assets ra1_0
Hibernate: 
    select
        ra1_0.id,
        ra1_0.created_at,
        ra1_0.description,
        ra1_0.location,
        ra1_0.name,
        ra1_0.owner,
        ra1_0.risk_level,
        ra1_0.risk_score,
        ra1_0.type,
        ra1_0.updated_at,
        ra1_0.asset_value 
    from
        risk_assets ra1_0 
    where
        ra1_0.risk_level=?
2025-06-13T05:35:42.149Z DEBUG 5621 --- [risk-assets-api] [io-12000-exec-2] o.s.w.s.m.m.a.HttpEntityMethodProcessor  : Using 'application/json', given [*/*] and supported [application/json, application/*+json]
2025-06-13T05:35:42.149Z DEBUG 5621 --- [risk-assets-api] [io-12000-exec-2] o.s.w.s.m.m.a.HttpEntityMethodProcessor  : Writing [com.jpmc.riskassets.model.RiskAsset@22978ff1]
2025-06-13T05:35:42.149Z DEBUG 5621 --- [risk-assets-api] [io-12000-exec-7] o.s.w.s.m.m.a.HttpEntityMethodProcessor  : Using 'application/json', given [*/*] and supported [application/json, application/*+json]
2025-06-13T05:35:42.149Z DEBUG 5621 --- [risk-assets-api] [io-12000-exec-7] o.s.w.s.m.m.a.HttpEntityMethodProcessor  : Writing [[com.jpmc.riskassets.model.RiskAsset@46ec42a1, com.jpmc.riskassets.model.RiskAsset@7c6403e5, com.jpm (truncated)...]
2025-06-13T05:35:42.149Z DEBUG 5621 --- [risk-assets-api] [io-12000-exec-1] o.s.w.s.m.m.a.HttpEntityMethodProcessor  : Using 'application/json', given [*/*] and supported [application/json, application/*+json]
2025-06-13T05:35:42.149Z DEBUG 5621 --- [risk-assets-api] [io-12000-exec-2] o.s.web.servlet.DispatcherServlet        : Completed 200 OK
2025-06-13T05:35:42.149Z DEBUG 5621 --- [risk-assets-api] [io-12000-exec-7] o.s.web.servlet.DispatcherServlet        : Completed 200 OK
Hibernate: 
    select
        count(*) 
    from
        risk_assets ra1_0
Hibernate: 
    select
        sum(ra1_0.asset_value) 
    from
        risk_assets ra1_0
Hibernate: 
    select
        avg(ra1_0.risk_score) 
    from
        risk_assets ra1_0
2025-06-13T05:35:42.151Z DEBUG 5621 --- [risk-assets-api] [io-12000-exec-1] o.s.w.s.m.m.a.HttpEntityMethodProcessor  : Writing [[com.jpmc.riskassets.model.RiskAsset@6965c2bf, com.jpmc.riskassets.model.RiskAsset@cd296b9, com.jpmc (truncated)...]
2025-06-13T05:35:42.151Z DEBUG 5621 --- [risk-assets-api] [io-12000-exec-1] o.s.web.servlet.DispatcherServlet        : Completed 200 OK
Hibernate: 
    select
        count(ra1_0.id) 
    from
        risk_assets ra1_0 
    where
        ra1_0.risk_level=?
Hibernate: 
    select
        count(ra1_0.id) 
    from
        risk_assets ra1_0 
    where
        ra1_0.risk_level=?
Hibernate: 
    select
        count(ra1_0.id) 
    from
        risk_assets ra1_0 
    where
        ra1_0.risk_level=?
Hibernate: 
    select
        count(ra1_0.id) 
    from
        risk_assets ra1_0 
    where
        ra1_0.risk_level=?
2025-06-13T05:35:42.154Z DEBUG 5621 --- [risk-assets-api] [io-12000-exec-3] o.s.w.s.m.m.a.HttpEntityMethodProcessor  : Using 'application/json', given [*/*] and supported [application/json, application/*+json]
2025-06-13T05:35:42.154Z DEBUG 5621 --- [risk-assets-api] [io-12000-exec-3] o.s.w.s.m.m.a.HttpEntityMethodProcessor  : Writing [com.jpmc.riskassets.model.RiskSummary@1ac0b21a]
2025-06-13T05:35:42.154Z DEBUG 5621 --- [risk-assets-api] [io-12000-exec-3] o.s.web.servlet.DispatcherServlet        : Completed 200 OK
2025-06-13T05:35:42.250Z DEBUG 5621 --- [risk-assets-api] [io-12000-exec-2] o.s.web.servlet.DispatcherServlet        : GET "/api/assets/risk-summary", parameters={}
2025-06-13T05:35:42.250Z DEBUG 5621 --- [risk-assets-api] [io-12000-exec-6] o.s.web.servlet.DispatcherServlet        : GET "/api/assets", parameters={}
2025-06-13T05:35:42.250Z DEBUG 5621 --- [risk-assets-api] [io-12000-exec-2] s.w.s.m.m.a.RequestMappingHandlerMapping : Mapped to com.jpmc.riskassets.controller.RiskAssetController#getRiskSummary()
2025-06-13T05:35:42.250Z DEBUG 5621 --- [risk-assets-api] [io-12000-exec-7] o.s.web.servlet.DispatcherServlet        : GET "/api/assets/risk-level/HIGH", parameters={}
2025-06-13T05:35:42.250Z DEBUG 5621 --- [risk-assets-api] [io-12000-exec-7] s.w.s.m.m.a.RequestMappingHandlerMapping : Mapped to com.jpmc.riskassets.controller.RiskAssetController#getAssetsByRiskLevel(RiskLevel)
2025-06-13T05:35:42.250Z DEBUG 5621 --- [risk-assets-api] [o-12000-exec-10] o.s.web.servlet.DispatcherServlet        : GET "/api/assets/1", parameters={}
2025-06-13T05:35:42.250Z DEBUG 5621 --- [risk-assets-api] [o-12000-exec-10] s.w.s.m.m.a.RequestMappingHandlerMapping : Mapped to com.jpmc.riskassets.controller.RiskAssetController#getAssetById(Long)
Hibernate: 
    select
        count(*) 
    from
        risk_assets ra1_0
Hibernate: 
    select
        ra1_0.id,
        ra1_0.created_at,
        ra1_0.description,
        ra1_0.location,
        ra1_0.name,
        ra1_0.owner,
        ra1_0.risk_level,
        ra1_0.risk_score,
        ra1_0.type,
        ra1_0.updated_at,
        ra1_0.asset_value 
    from
        risk_assets ra1_0 
    where
        ra1_0.id=?
Hibernate: 
    select
        ra1_0.id,
        ra1_0.created_at,
        ra1_0.description,
        ra1_0.location,
        ra1_0.name,
        ra1_0.owner,
        ra1_0.risk_level,
        ra1_0.risk_score,
        ra1_0.type,
        ra1_0.updated_at,
        ra1_0.asset_value 
    from
        risk_assets ra1_0 
    where
        ra1_0.risk_level=?
2025-06-13T05:35:42.250Z DEBUG 5621 --- [risk-assets-api] [io-12000-exec-6] s.w.s.m.m.a.RequestMappingHandlerMapping : Mapped to com.jpmc.riskassets.controller.RiskAssetController#getAllAssets()
Hibernate: 
    select
        sum(ra1_0.asset_value) 
    from
        risk_assets ra1_0
2025-06-13T05:35:42.252Z DEBUG 5621 --- [risk-assets-api] [io-12000-exec-7] o.s.w.s.m.m.a.HttpEntityMethodProcessor  : Using 'application/json', given [*/*] and supported [application/json, application/*+json]
2025-06-13T05:35:42.252Z DEBUG 5621 --- [risk-assets-api] [io-12000-exec-7] o.s.w.s.m.m.a.HttpEntityMethodProcessor  : Writing [[com.jpmc.riskassets.model.RiskAsset@38af520, com.jpmc.riskassets.model.RiskAsset@3d6878b4, com.jpmc (truncated)...]
Hibernate: 
    select
        avg(ra1_0.risk_score) 
    from
        risk_assets ra1_0
Hibernate: 
    select
        ra1_0.id,
        ra1_0.created_at,
        ra1_0.description,
        ra1_0.location,
        ra1_0.name,
        ra1_0.owner,
        ra1_0.risk_level,
        ra1_0.risk_score,
        ra1_0.type,
        ra1_0.updated_at,
        ra1_0.asset_value 
    from
        risk_assets ra1_0
2025-06-13T05:35:42.252Z DEBUG 5621 --- [risk-assets-api] [io-12000-exec-7] o.s.web.servlet.DispatcherServlet        : Completed 200 OK
Hibernate: 
    select
        count(ra1_0.id) 
    from
        risk_assets ra1_0 
    where
        ra1_0.risk_level=?
2025-06-13T05:35:42.253Z DEBUG 5621 --- [risk-assets-api] [io-12000-exec-6] o.s.w.s.m.m.a.HttpEntityMethodProcessor  : Using 'application/json', given [*/*] and supported [application/json, application/*+json]
2025-06-13T05:35:42.253Z DEBUG 5621 --- [risk-assets-api] [io-12000-exec-6] o.s.w.s.m.m.a.HttpEntityMethodProcessor  : Writing [[com.jpmc.riskassets.model.RiskAsset@782d961a, com.jpmc.riskassets.model.RiskAsset@44bcf283, com.jpm (truncated)...]
Hibernate: 
    select
        count(ra1_0.id) 
    from
        risk_assets ra1_0 
    where
        ra1_0.risk_level=?
2025-06-13T05:35:42.253Z DEBUG 5621 --- [risk-assets-api] [io-12000-exec-6] o.s.web.servlet.DispatcherServlet        : Completed 200 OK
Hibernate: 
    select
        count(ra1_0.id) 
    from
        risk_assets ra1_0 
    where
        ra1_0.risk_level=?
2025-06-13T05:35:42.251Z DEBUG 5621 --- [risk-assets-api] [o-12000-exec-10] o.s.w.s.m.m.a.HttpEntityMethodProcessor  : Using 'application/json', given [*/*] and supported [application/json, application/*+json]
2025-06-13T05:35:42.254Z DEBUG 5621 --- [risk-assets-api] [o-12000-exec-10] o.s.w.s.m.m.a.HttpEntityMethodProcessor  : Writing [com.jpmc.riskassets.model.RiskAsset@367967d8]
2025-06-13T05:35:42.254Z DEBUG 5621 --- [risk-assets-api] [o-12000-exec-10] o.s.web.servlet.DispatcherServlet        : Completed 200 OK
Hibernate: 
    select
        count(ra1_0.id) 
    from
        risk_assets ra1_0 
    where
        ra1_0.risk_level=?
2025-06-13T05:35:42.255Z DEBUG 5621 --- [risk-assets-api] [io-12000-exec-2] o.s.w.s.m.m.a.HttpEntityMethodProcessor  : Using 'application/json', given [*/*] and supported [application/json, application/*+json]
2025-06-13T05:35:42.255Z DEBUG 5621 --- [risk-assets-api] [io-12000-exec-2] o.s.w.s.m.m.a.HttpEntityMethodProcessor  : Writing [com.jpmc.riskassets.model.RiskSummary@41cfcb9e]
2025-06-13T05:35:42.255Z DEBUG 5621 --- [risk-assets-api] [io-12000-exec-2] o.s.web.servlet.DispatcherServlet        : Completed 200 OK
2025-06-13T05:35:42.347Z DEBUG 5621 --- [risk-assets-api] [io-12000-exec-3] o.s.web.servlet.DispatcherServlet        : GET "/actuator/prometheus", parameters={}
2025-06-13T05:35:42.350Z DEBUG 5621 --- [risk-assets-api] [io-12000-exec-3] m.m.a.RequestResponseBodyMethodProcessor : Read "application/octet-stream" to []
2025-06-13T05:35:42.352Z DEBUG 5621 --- [risk-assets-api] [io-12000-exec-7] o.s.web.servlet.DispatcherServlet        : GET "/api/assets/risk-summary", parameters={}
2025-06-13T05:35:42.352Z DEBUG 5621 --- [risk-assets-api] [io-12000-exec-7] s.w.s.m.m.a.RequestMappingHandlerMapping : Mapped to com.jpmc.riskassets.controller.RiskAssetController#getRiskSummary()
Hibernate: 
    select
        count(*) 
    from
        risk_assets ra1_0
2025-06-13T05:35:42.353Z DEBUG 5621 --- [risk-assets-api] [io-12000-exec-3] o.s.w.s.m.m.a.HttpEntityMethodProcessor  : Found 'Content-Type:application/openmetrics-text;version=1.0.0;charset=utf-8' in response
2025-06-13T05:35:42.353Z DEBUG 5621 --- [risk-assets-api] [io-12000-exec-3] o.s.w.s.m.m.a.HttpEntityMethodProcessor  : Writing ["# TYPE hikaricp_connections_timeout counter<EOL># HELP hikaricp_connections_timeout Connection timeout t (truncated)..."]
2025-06-13T05:35:42.353Z DEBUG 5621 --- [risk-assets-api] [io-12000-exec-9] o.s.web.servlet.DispatcherServlet        : GET "/api/assets", parameters={}
2025-06-13T05:35:42.354Z DEBUG 5621 --- [risk-assets-api] [io-12000-exec-9] s.w.s.m.m.a.RequestMappingHandlerMapping : Mapped to com.jpmc.riskassets.controller.RiskAssetController#getAllAssets()
2025-06-13T05:35:42.354Z DEBUG 5621 --- [risk-assets-api] [io-12000-exec-1] o.s.web.servlet.DispatcherServlet        : GET "/api/assets/risk-level/HIGH", parameters={}
Hibernate: 
    select
        sum(ra1_0.asset_value) 
    from
        risk_assets ra1_0
2025-06-13T05:35:42.354Z DEBUG 5621 --- [risk-assets-api] [io-12000-exec-1] s.w.s.m.m.a.RequestMappingHandlerMapping : Mapped to com.jpmc.riskassets.controller.RiskAssetController#getAssetsByRiskLevel(RiskLevel)
Hibernate: 
    select
        ra1_0.id,
        ra1_0.created_at,
        ra1_0.description,
        ra1_0.location,
        ra1_0.name,
        ra1_0.owner,
        ra1_0.risk_level,
        ra1_0.risk_score,
        ra1_0.type,
        ra1_0.updated_at,
        ra1_0.asset_value 
    from
        risk_assets ra1_0
Hibernate: 
    select
        ra1_0.id,
        ra1_0.created_at,
        ra1_0.description,
        ra1_0.location,
        ra1_0.name,
        ra1_0.owner,
        ra1_0.risk_level,
        ra1_0.risk_score,
        ra1_0.type,
        ra1_0.updated_at,
        ra1_0.asset_value 
    from
        risk_assets ra1_0 
    where
        ra1_0.risk_level=?
2025-06-13T05:35:42.356Z DEBUG 5621 --- [risk-assets-api] [io-12000-exec-9] o.s.w.s.m.m.a.HttpEntityMethodProcessor  : Using 'application/json', given [*/*] and supported [application/json, application/*+json]
2025-06-13T05:35:42.356Z DEBUG 5621 --- [risk-assets-api] [io-12000-exec-1] o.s.w.s.m.m.a.HttpEntityMethodProcessor  : Using 'application/json', given [*/*] and supported [application/json, application/*+json]
2025-06-13T05:35:42.356Z DEBUG 5621 --- [risk-assets-api] [io-12000-exec-9] o.s.w.s.m.m.a.HttpEntityMethodProcessor  : Writing [[com.jpmc.riskassets.model.RiskAsset@646d7507, com.jpmc.riskassets.model.RiskAsset@426afed8, com.jpm (truncated)...]
2025-06-13T05:35:42.356Z DEBUG 5621 --- [risk-assets-api] [io-12000-exec-1] o.s.w.s.m.m.a.HttpEntityMethodProcessor  : Writing [[com.jpmc.riskassets.model.RiskAsset@1e891359, com.jpmc.riskassets.model.RiskAsset@44384a67, com.jpm (truncated)...]
2025-06-13T05:35:42.356Z DEBUG 5621 --- [risk-assets-api] [io-12000-exec-1] o.s.web.servlet.DispatcherServlet        : Completed 200 OK
2025-06-13T05:35:42.356Z DEBUG 5621 --- [risk-assets-api] [io-12000-exec-9] o.s.web.servlet.DispatcherServlet        : Completed 200 OK
Hibernate: 
    select
        avg(ra1_0.risk_score) 
    from
        risk_assets ra1_0
2025-06-13T05:35:42.357Z DEBUG 5621 --- [risk-assets-api] [io-12000-exec-3] o.s.web.servlet.DispatcherServlet        : Completed 200 OK
Hibernate: 
    select
        count(ra1_0.id) 
    from
        risk_assets ra1_0 
    where
        ra1_0.risk_level=?
Hibernate: 
    select
        count(ra1_0.id) 
    from
        risk_assets ra1_0 
    where
        ra1_0.risk_level=?
2025-06-13T05:35:42.358Z DEBUG 5621 --- [risk-assets-api] [o-12000-exec-10] o.s.web.servlet.DispatcherServlet        : GET "/api/assets/1", parameters={}
2025-06-13T05:35:42.358Z DEBUG 5621 --- [risk-assets-api] [o-12000-exec-10] s.w.s.m.m.a.RequestMappingHandlerMapping : Mapped to com.jpmc.riskassets.controller.RiskAssetController#getAssetById(Long)
Hibernate: 
    select
        ra1_0.id,
        ra1_0.created_at,
        ra1_0.description,
        ra1_0.location,
        ra1_0.name,
        ra1_0.owner,
        ra1_0.risk_level,
        ra1_0.risk_score,
        ra1_0.type,
        ra1_0.updated_at,
        ra1_0.asset_value 
    from
        risk_assets ra1_0 
    where
        ra1_0.id=?
Hibernate: 
    select
        count(ra1_0.id) 
    from
        risk_assets ra1_0 
    where
        ra1_0.risk_level=?
2025-06-13T05:35:42.359Z DEBUG 5621 --- [risk-assets-api] [o-12000-exec-10] o.s.w.s.m.m.a.HttpEntityMethodProcessor  : Using 'application/json', given [*/*] and supported [application/json, application/*+json]
2025-06-13T05:35:42.359Z DEBUG 5621 --- [risk-assets-api] [o-12000-exec-10] o.s.w.s.m.m.a.HttpEntityMethodProcessor  : Writing [com.jpmc.riskassets.model.RiskAsset@20656aea]
2025-06-13T05:35:42.360Z DEBUG 5621 --- [risk-assets-api] [o-12000-exec-10] o.s.web.servlet.DispatcherServlet        : Completed 200 OK
Hibernate: 
    select
        count(ra1_0.id) 
    from
        risk_assets ra1_0 
    where
        ra1_0.risk_level=?
2025-06-13T05:35:42.360Z DEBUG 5621 --- [risk-assets-api] [io-12000-exec-7] o.s.w.s.m.m.a.HttpEntityMethodProcessor  : Using 'application/json', given [*/*] and supported [application/json, application/*+json]
2025-06-13T05:35:42.361Z DEBUG 5621 --- [risk-assets-api] [io-12000-exec-7] o.s.w.s.m.m.a.HttpEntityMethodProcessor  : Writing [com.jpmc.riskassets.model.RiskSummary@111152d]
2025-06-13T05:35:42.361Z DEBUG 5621 --- [risk-assets-api] [io-12000-exec-7] o.s.web.servlet.DispatcherServlet        : Completed 200 OK
2025-06-13T05:35:42.453Z DEBUG 5621 --- [risk-assets-api] [io-12000-exec-4] o.s.web.servlet.DispatcherServlet        : GET "/api/assets/1", parameters={}
2025-06-13T05:35:42.453Z DEBUG 5621 --- [risk-assets-api] [io-12000-exec-3] o.s.web.servlet.DispatcherServlet        : GET "/api/assets/risk-level/HIGH", parameters={}
2025-06-13T05:35:42.453Z DEBUG 5621 --- [risk-assets-api] [io-12000-exec-9] o.s.web.servlet.DispatcherServlet        : GET "/api/assets", parameters={}
2025-06-13T05:35:42.454Z DEBUG 5621 --- [risk-assets-api] [io-12000-exec-4] s.w.s.m.m.a.RequestMappingHandlerMapping : Mapped to com.jpmc.riskassets.controller.RiskAssetController#getAssetById(Long)
2025-06-13T05:35:42.454Z DEBUG 5621 --- [risk-assets-api] [io-12000-exec-9] s.w.s.m.m.a.RequestMappingHandlerMapping : Mapped to com.jpmc.riskassets.controller.RiskAssetController#getAllAssets()
2025-06-13T05:35:42.454Z DEBUG 5621 --- [risk-assets-api] [io-12000-exec-1] o.s.web.servlet.DispatcherServlet        : GET "/api/assets/risk-summary", parameters={}
2025-06-13T05:35:42.454Z DEBUG 5621 --- [risk-assets-api] [io-12000-exec-1] s.w.s.m.m.a.RequestMappingHandlerMapping : Mapped to com.jpmc.riskassets.controller.RiskAssetController#getRiskSummary()
2025-06-13T05:35:42.454Z DEBUG 5621 --- [risk-assets-api] [io-12000-exec-3] s.w.s.m.m.a.RequestMappingHandlerMapping : Mapped to com.jpmc.riskassets.controller.RiskAssetController#getAssetsByRiskLevel(RiskLevel)
Hibernate: 
    select
        ra1_0.id,
        ra1_0.created_at,
        ra1_0.description,
        ra1_0.location,
        ra1_0.name,
        ra1_0.owner,
        ra1_0.risk_level,
        ra1_0.risk_score,
        ra1_0.type,
        ra1_0.updated_at,
        ra1_0.asset_value 
    from
        risk_assets ra1_0 
    where
        ra1_0.id=?
Hibernate: 
    select
        ra1_0.id,
        ra1_0.created_at,
        ra1_0.description,
        ra1_0.location,
        ra1_0.name,
        ra1_0.owner,
        ra1_0.risk_level,
        ra1_0.risk_score,
        ra1_0.type,
        ra1_0.updated_at,
        ra1_0.asset_value 
    from
        risk_assets ra1_0
Hibernate: 
    select
        ra1_0.id,
        ra1_0.created_at,
        ra1_0.description,
        ra1_0.location,
        ra1_0.name,
        ra1_0.owner,
        ra1_0.risk_level,
        ra1_0.risk_score,
        ra1_0.type,
        ra1_0.updated_at,
        ra1_0.asset_value 
    from
        risk_assets ra1_0 
    where
        ra1_0.risk_level=?
2025-06-13T05:35:42.455Z DEBUG 5621 --- [risk-assets-api] [io-12000-exec-4] o.s.w.s.m.m.a.HttpEntityMethodProcessor  : Using 'application/json', given [*/*] and supported [application/json, application/*+json]
2025-06-13T05:35:42.455Z DEBUG 5621 --- [risk-assets-api] [io-12000-exec-4] o.s.w.s.m.m.a.HttpEntityMethodProcessor  : Writing [com.jpmc.riskassets.model.RiskAsset@33d430fb]
2025-06-13T05:35:42.456Z DEBUG 5621 --- [risk-assets-api] [io-12000-exec-3] o.s.w.s.m.m.a.HttpEntityMethodProcessor  : Using 'application/json', given [*/*] and supported [application/json, application/*+json]
2025-06-13T05:35:42.456Z DEBUG 5621 --- [risk-assets-api] [io-12000-exec-3] o.s.w.s.m.m.a.HttpEntityMethodProcessor  : Writing [[com.jpmc.riskassets.model.RiskAsset@23a769f8, com.jpmc.riskassets.model.RiskAsset@50d75d11, com.jpm (truncated)...]
2025-06-13T05:35:42.456Z DEBUG 5621 --- [risk-assets-api] [io-12000-exec-9] o.s.w.s.m.m.a.HttpEntityMethodProcessor  : Using 'application/json', given [*/*] and supported [application/json, application/*+json]
2025-06-13T05:35:42.456Z DEBUG 5621 --- [risk-assets-api] [io-12000-exec-9] o.s.w.s.m.m.a.HttpEntityMethodProcessor  : Writing [[com.jpmc.riskassets.model.RiskAsset@7d7990, com.jpmc.riskassets.model.RiskAsset@42a804d2, com.jpmc. (truncated)...]
Hibernate: 
    select
        count(*) 
    from
        risk_assets ra1_0
2025-06-13T05:35:42.456Z DEBUG 5621 --- [risk-assets-api] [io-12000-exec-4] o.s.web.servlet.DispatcherServlet        : Completed 200 OK
2025-06-13T05:35:42.456Z DEBUG 5621 --- [risk-assets-api] [io-12000-exec-3] o.s.web.servlet.DispatcherServlet        : Completed 200 OK
2025-06-13T05:35:42.456Z DEBUG 5621 --- [risk-assets-api] [io-12000-exec-9] o.s.web.servlet.DispatcherServlet        : Completed 200 OK
Hibernate: 
    select
        sum(ra1_0.asset_value) 
    from
        risk_assets ra1_0
Hibernate: 
    select
        avg(ra1_0.risk_score) 
    from
        risk_assets ra1_0
Hibernate: 
    select
        count(ra1_0.id) 
    from
        risk_assets ra1_0 
    where
        ra1_0.risk_level=?
Hibernate: 
    select
        count(ra1_0.id) 
    from
        risk_assets ra1_0 
    where
        ra1_0.risk_level=?
Hibernate: 
    select
        count(ra1_0.id) 
    from
        risk_assets ra1_0 
    where
        ra1_0.risk_level=?
Hibernate: 
    select
        count(ra1_0.id) 
    from
        risk_assets ra1_0 
    where
        ra1_0.risk_level=?
2025-06-13T05:35:42.460Z DEBUG 5621 --- [risk-assets-api] [io-12000-exec-1] o.s.w.s.m.m.a.HttpEntityMethodProcessor  : Using 'application/json', given [*/*] and supported [application/json, application/*+json]
2025-06-13T05:35:42.460Z DEBUG 5621 --- [risk-assets-api] [io-12000-exec-1] o.s.w.s.m.m.a.HttpEntityMethodProcessor  : Writing [com.jpmc.riskassets.model.RiskSummary@5ab60cd4]
2025-06-13T05:35:42.460Z DEBUG 5621 --- [risk-assets-api] [io-12000-exec-1] o.s.web.servlet.DispatcherServlet        : Completed 200 OK
2025-06-13T05:35:42.556Z DEBUG 5621 --- [risk-assets-api] [io-12000-exec-5] o.s.web.servlet.DispatcherServlet        : GET "/api/assets/1", parameters={}
2025-06-13T05:35:42.556Z DEBUG 5621 --- [risk-assets-api] [io-12000-exec-4] o.s.web.servlet.DispatcherServlet        : GET "/api/assets/risk-summary", parameters={}
2025-06-13T05:35:42.556Z DEBUG 5621 --- [risk-assets-api] [io-12000-exec-4] s.w.s.m.m.a.RequestMappingHandlerMapping : Mapped to com.jpmc.riskassets.controller.RiskAssetController#getRiskSummary()
Hibernate: 
    select
        count(*) 
    from
        risk_assets ra1_0
Hibernate: 
    select
        sum(ra1_0.asset_value) 
    from
        risk_assets ra1_0
Hibernate: 
    select
        avg(ra1_0.risk_score) 
    from
        risk_assets ra1_0
2025-06-13T05:35:42.556Z DEBUG 5621 --- [risk-assets-api] [io-12000-exec-7] o.s.web.servlet.DispatcherServlet        : GET "/api/assets/risk-level/HIGH", parameters={}
2025-06-13T05:35:42.558Z DEBUG 5621 --- [risk-assets-api] [io-12000-exec-7] s.w.s.m.m.a.RequestMappingHandlerMapping : Mapped to com.jpmc.riskassets.controller.RiskAssetController#getAssetsByRiskLevel(RiskLevel)
Hibernate: 
    select
        count(ra1_0.id) 
    from
        risk_assets ra1_0 
    where
        ra1_0.risk_level=?
Hibernate: 
    select
        count(ra1_0.id) 
    from
        risk_assets ra1_0 
    where
        ra1_0.risk_level=?
Hibernate: 
    select
        ra1_0.id,
        ra1_0.created_at,
        ra1_0.description,
        ra1_0.location,
        ra1_0.name,
        ra1_0.owner,
        ra1_0.risk_level,
        ra1_0.risk_score,
        ra1_0.type,
        ra1_0.updated_at,
        ra1_0.asset_value 
    from
        risk_assets ra1_0 
    where
        ra1_0.risk_level=?
Hibernate: 
    select
        count(ra1_0.id) 
    from
        risk_assets ra1_0 
    where
        ra1_0.risk_level=?
2025-06-13T05:35:42.560Z DEBUG 5621 --- [risk-assets-api] [io-12000-exec-7] o.s.w.s.m.m.a.HttpEntityMethodProcessor  : Using 'application/json', given [*/*] and supported [application/json, application/*+json]
2025-06-13T05:35:42.560Z DEBUG 5621 --- [risk-assets-api] [io-12000-exec-7] o.s.w.s.m.m.a.HttpEntityMethodProcessor  : Writing [[com.jpmc.riskassets.model.RiskAsset@16249dec, com.jpmc.riskassets.model.RiskAsset@26ae6559, com.jpm (truncated)...]
Hibernate: 
    select
        count(ra1_0.id) 
    from
        risk_assets ra1_0 
    where
        ra1_0.risk_level=?
2025-06-13T05:35:42.561Z DEBUG 5621 --- [risk-assets-api] [io-12000-exec-7] o.s.web.servlet.DispatcherServlet        : Completed 200 OK
2025-06-13T05:35:42.561Z DEBUG 5621 --- [risk-assets-api] [io-12000-exec-4] o.s.w.s.m.m.a.HttpEntityMethodProcessor  : Using 'application/json', given [*/*] and supported [application/json, application/*+json]
2025-06-13T05:35:42.561Z DEBUG 5621 --- [risk-assets-api] [io-12000-exec-4] o.s.w.s.m.m.a.HttpEntityMethodProcessor  : Writing [com.jpmc.riskassets.model.RiskSummary@207b0a9c]
2025-06-13T05:35:42.556Z DEBUG 5621 --- [risk-assets-api] [io-12000-exec-3] o.s.web.servlet.DispatcherServlet        : GET "/api/assets", parameters={}
2025-06-13T05:35:42.561Z DEBUG 5621 --- [risk-assets-api] [io-12000-exec-3] s.w.s.m.m.a.RequestMappingHandlerMapping : Mapped to com.jpmc.riskassets.controller.RiskAssetController#getAllAssets()
2025-06-13T05:35:42.561Z DEBUG 5621 --- [risk-assets-api] [io-12000-exec-4] o.s.web.servlet.DispatcherServlet        : Completed 200 OK
Hibernate: 
    select
        ra1_0.id,
        ra1_0.created_at,
        ra1_0.description,
        ra1_0.location,
        ra1_0.name,
        ra1_0.owner,
        ra1_0.risk_level,
        ra1_0.risk_score,
        ra1_0.type,
        ra1_0.updated_at,
        ra1_0.asset_value 
    from
        risk_assets ra1_0
2025-06-13T05:35:42.563Z DEBUG 5621 --- [risk-assets-api] [io-12000-exec-3] o.s.w.s.m.m.a.HttpEntityMethodProcessor  : Using 'application/json', given [*/*] and supported [application/json, application/*+json]
2025-06-13T05:35:42.563Z DEBUG 5621 --- [risk-assets-api] [io-12000-exec-3] o.s.w.s.m.m.a.HttpEntityMethodProcessor  : Writing [[com.jpmc.riskassets.model.RiskAsset@340d08ea, com.jpmc.riskassets.model.RiskAsset@503f4fe4, com.jpm (truncated)...]
2025-06-13T05:35:42.556Z DEBUG 5621 --- [risk-assets-api] [io-12000-exec-5] s.w.s.m.m.a.RequestMappingHandlerMapping : Mapped to com.jpmc.riskassets.controller.RiskAssetController#getAssetById(Long)
2025-06-13T05:35:42.563Z DEBUG 5621 --- [risk-assets-api] [io-12000-exec-3] o.s.web.servlet.DispatcherServlet        : Completed 200 OK
Hibernate: 
    select
        ra1_0.id,
        ra1_0.created_at,
        ra1_0.description,
        ra1_0.location,
        ra1_0.name,
        ra1_0.owner,
        ra1_0.risk_level,
        ra1_0.risk_score,
        ra1_0.type,
        ra1_0.updated_at,
        ra1_0.asset_value 
    from
        risk_assets ra1_0 
    where
        ra1_0.id=?
2025-06-13T05:35:42.564Z DEBUG 5621 --- [risk-assets-api] [io-12000-exec-5] o.s.w.s.m.m.a.HttpEntityMethodProcessor  : Using 'application/json', given [*/*] and supported [application/json, application/*+json]
2025-06-13T05:35:42.564Z DEBUG 5621 --- [risk-assets-api] [io-12000-exec-5] o.s.w.s.m.m.a.HttpEntityMethodProcessor  : Writing [com.jpmc.riskassets.model.RiskAsset@18a45af2]
2025-06-13T05:35:42.564Z DEBUG 5621 --- [risk-assets-api] [io-12000-exec-5] o.s.web.servlet.DispatcherServlet        : Completed 200 OK
2025-06-13T05:35:42.658Z DEBUG 5621 --- [risk-assets-api] [io-12000-exec-2] o.s.web.servlet.DispatcherServlet        : GET "/api/assets", parameters={}
2025-06-13T05:35:42.658Z DEBUG 5621 --- [risk-assets-api] [io-12000-exec-2] s.w.s.m.m.a.RequestMappingHandlerMapping : Mapped to com.jpmc.riskassets.controller.RiskAssetController#getAllAssets()
2025-06-13T05:35:42.658Z DEBUG 5621 --- [risk-assets-api] [io-12000-exec-3] o.s.web.servlet.DispatcherServlet        : GET "/api/assets/risk-level/HIGH", parameters={}
2025-06-13T05:35:42.658Z DEBUG 5621 --- [risk-assets-api] [io-12000-exec-3] s.w.s.m.m.a.RequestMappingHandlerMapping : Mapped to com.jpmc.riskassets.controller.RiskAssetController#getAssetsByRiskLevel(RiskLevel)
Hibernate: 
    select
        ra1_0.id,
        ra1_0.created_at,
        ra1_0.description,
        ra1_0.location,
        ra1_0.name,
        ra1_0.owner,
        ra1_0.risk_level,
        ra1_0.risk_score,
        ra1_0.type,
        ra1_0.updated_at,
        ra1_0.asset_value 
    from
        risk_assets ra1_0
2025-06-13T05:35:42.659Z DEBUG 5621 --- [risk-assets-api] [io-12000-exec-1] o.s.web.servlet.DispatcherServlet        : GET "/api/assets/1", parameters={}
2025-06-13T05:35:42.660Z DEBUG 5621 --- [risk-assets-api] [io-12000-exec-1] s.w.s.m.m.a.RequestMappingHandlerMapping : Mapped to com.jpmc.riskassets.controller.RiskAssetController#getAssetById(Long)
2025-06-13T05:35:42.660Z DEBUG 5621 --- [risk-assets-api] [io-12000-exec-2] o.s.w.s.m.m.a.HttpEntityMethodProcessor  : Using 'application/json', given [*/*] and supported [application/json, application/*+json]
Hibernate: 
    select
        ra1_0.id,
        ra1_0.created_at,
        ra1_0.description,
        ra1_0.location,
        ra1_0.name,
        ra1_0.owner,
        ra1_0.risk_level,
        ra1_0.risk_score,
        ra1_0.type,
        ra1_0.updated_at,
        ra1_0.asset_value 
    from
        risk_assets ra1_0 
    where
        ra1_0.id=?
Hibernate: 
    select
        ra1_0.id,
        ra1_0.created_at,
        ra1_0.description,
        ra1_0.location,
        ra1_0.name,
        ra1_0.owner,
        ra1_0.risk_level,
        ra1_0.risk_score,
        ra1_0.type,
        ra1_0.updated_at,
        ra1_0.asset_value 
    from
        risk_assets ra1_0 
    where
        ra1_0.risk_level=?
2025-06-13T05:35:42.660Z DEBUG 5621 --- [risk-assets-api] [io-12000-exec-2] o.s.w.s.m.m.a.HttpEntityMethodProcessor  : Writing [[com.jpmc.riskassets.model.RiskAsset@71c4de81, com.jpmc.riskassets.model.RiskAsset@39009f5, com.jpmc (truncated)...]
2025-06-13T05:35:42.658Z DEBUG 5621 --- [risk-assets-api] [io-12000-exec-4] o.s.web.servlet.DispatcherServlet        : GET "/api/assets/risk-summary", parameters={}
2025-06-13T05:35:42.661Z DEBUG 5621 --- [risk-assets-api] [io-12000-exec-4] s.w.s.m.m.a.RequestMappingHandlerMapping : Mapped to com.jpmc.riskassets.controller.RiskAssetController#getRiskSummary()
2025-06-13T05:35:42.661Z DEBUG 5621 --- [risk-assets-api] [io-12000-exec-2] o.s.web.servlet.DispatcherServlet        : Completed 200 OK
Hibernate: 
    select
        count(*) 
    from
        risk_assets ra1_0
Hibernate: 
    select
        sum(ra1_0.asset_value) 
    from
        risk_assets ra1_0
Hibernate: 
    select
        avg(ra1_0.risk_score) 
    from
        risk_assets ra1_0
2025-06-13T05:35:42.660Z DEBUG 5621 --- [risk-assets-api] [io-12000-exec-1] o.s.w.s.m.m.a.HttpEntityMethodProcessor  : Using 'application/json', given [*/*] and supported [application/json, application/*+json]
2025-06-13T05:35:42.663Z DEBUG 5621 --- [risk-assets-api] [io-12000-exec-1] o.s.w.s.m.m.a.HttpEntityMethodProcessor  : Writing [com.jpmc.riskassets.model.RiskAsset@629f0649]
Hibernate: 
    select
        count(ra1_0.id) 
    from
        risk_assets ra1_0 
    where
        ra1_0.risk_level=?
2025-06-13T05:35:42.663Z DEBUG 5621 --- [risk-assets-api] [io-12000-exec-1] o.s.web.servlet.DispatcherServlet        : Completed 200 OK
2025-06-13T05:35:42.661Z DEBUG 5621 --- [risk-assets-api] [io-12000-exec-3] o.s.w.s.m.m.a.HttpEntityMethodProcessor  : Using 'application/json', given [*/*] and supported [application/json, application/*+json]
2025-06-13T05:35:42.664Z DEBUG 5621 --- [risk-assets-api] [io-12000-exec-3] o.s.w.s.m.m.a.HttpEntityMethodProcessor  : Writing [[com.jpmc.riskassets.model.RiskAsset@4acc0924, com.jpmc.riskassets.model.RiskAsset@6f3f17d, com.jpmc (truncated)...]
Hibernate: 
    select
        count(ra1_0.id) 
    from
        risk_assets ra1_0 
    where
        ra1_0.risk_level=?
2025-06-13T05:35:42.664Z DEBUG 5621 --- [risk-assets-api] [io-12000-exec-3] o.s.web.servlet.DispatcherServlet        : Completed 200 OK
Hibernate: 
    select
        count(ra1_0.id) 
    from
        risk_assets ra1_0 
    where
        ra1_0.risk_level=?
Hibernate: 
    select
        count(ra1_0.id) 
    from
        risk_assets ra1_0 
    where
        ra1_0.risk_level=?
2025-06-13T05:35:42.665Z DEBUG 5621 --- [risk-assets-api] [io-12000-exec-4] o.s.w.s.m.m.a.HttpEntityMethodProcessor  : Using 'application/json', given [*/*] and supported [application/json, application/*+json]
2025-06-13T05:35:42.665Z DEBUG 5621 --- [risk-assets-api] [io-12000-exec-4] o.s.w.s.m.m.a.HttpEntityMethodProcessor  : Writing [com.jpmc.riskassets.model.RiskSummary@59f4546f]
2025-06-13T05:35:42.666Z DEBUG 5621 --- [risk-assets-api] [io-12000-exec-4] o.s.web.servlet.DispatcherServlet        : Completed 200 OK
2025-06-13T05:35:42.760Z DEBUG 5621 --- [risk-assets-api] [o-12000-exec-10] o.s.web.servlet.DispatcherServlet        : GET "/api/assets", parameters={}
2025-06-13T05:35:42.760Z DEBUG 5621 --- [risk-assets-api] [io-12000-exec-8] o.s.web.servlet.DispatcherServlet        : GET "/api/assets/1", parameters={}
2025-06-13T05:35:42.760Z DEBUG 5621 --- [risk-assets-api] [io-12000-exec-2] o.s.web.servlet.DispatcherServlet        : GET "/api/assets/risk-summary", parameters={}
2025-06-13T05:35:42.760Z DEBUG 5621 --- [risk-assets-api] [o-12000-exec-10] s.w.s.m.m.a.RequestMappingHandlerMapping : Mapped to com.jpmc.riskassets.controller.RiskAssetController#getAllAssets()
2025-06-13T05:35:42.760Z DEBUG 5621 --- [risk-assets-api] [io-12000-exec-5] o.s.web.servlet.DispatcherServlet        : GET "/api/assets/risk-level/HIGH", parameters={}
2025-06-13T05:35:42.760Z DEBUG 5621 --- [risk-assets-api] [io-12000-exec-8] s.w.s.m.m.a.RequestMappingHandlerMapping : Mapped to com.jpmc.riskassets.controller.RiskAssetController#getAssetById(Long)
2025-06-13T05:35:42.760Z DEBUG 5621 --- [risk-assets-api] [io-12000-exec-5] s.w.s.m.m.a.RequestMappingHandlerMapping : Mapped to com.jpmc.riskassets.controller.RiskAssetController#getAssetsByRiskLevel(RiskLevel)
2025-06-13T05:35:42.760Z DEBUG 5621 --- [risk-assets-api] [io-12000-exec-2] s.w.s.m.m.a.RequestMappingHandlerMapping : Mapped to com.jpmc.riskassets.controller.RiskAssetController#getRiskSummary()
Hibernate: 
    select
        ra1_0.id,
        ra1_0.created_at,
        ra1_0.description,
        ra1_0.location,
        ra1_0.name,
        ra1_0.owner,
        ra1_0.risk_level,
        ra1_0.risk_score,
        ra1_0.type,
        ra1_0.updated_at,
        ra1_0.asset_value 
    from
        risk_assets ra1_0 
    where
        ra1_0.id=?
Hibernate: 
    select
        count(*) 
    from
        risk_assets ra1_0
Hibernate: 
    select
        ra1_0.id,
        ra1_0.created_at,
        ra1_0.description,
        ra1_0.location,
        ra1_0.name,
        ra1_0.owner,
        ra1_0.risk_level,
        ra1_0.risk_score,
        ra1_0.type,
        ra1_0.updated_at,
        ra1_0.asset_value 
    from
        risk_assets ra1_0
2025-06-13T05:35:42.761Z DEBUG 5621 --- [risk-assets-api] [io-12000-exec-8] o.s.w.s.m.m.a.HttpEntityMethodProcessor  : Using 'application/json', given [*/*] and supported [application/json, application/*+json]
2025-06-13T05:35:42.761Z DEBUG 5621 --- [risk-assets-api] [io-12000-exec-8] o.s.w.s.m.m.a.HttpEntityMethodProcessor  : Writing [com.jpmc.riskassets.model.RiskAsset@e5167e0]
2025-06-13T05:35:42.762Z DEBUG 5621 --- [risk-assets-api] [o-12000-exec-10] o.s.w.s.m.m.a.HttpEntityMethodProcessor  : Using 'application/json', given [*/*] and supported [application/json, application/*+json]
2025-06-13T05:35:42.762Z DEBUG 5621 --- [risk-assets-api] [o-12000-exec-10] o.s.w.s.m.m.a.HttpEntityMethodProcessor  : Writing [[com.jpmc.riskassets.model.RiskAsset@14e37dee, com.jpmc.riskassets.model.RiskAsset@3abc2d8f, com.jpm (truncated)...]
Hibernate: 
    select
        sum(ra1_0.asset_value) 
    from
        risk_assets ra1_0
2025-06-13T05:35:42.762Z DEBUG 5621 --- [risk-assets-api] [io-12000-exec-8] o.s.web.servlet.DispatcherServlet        : Completed 200 OK
2025-06-13T05:35:42.762Z DEBUG 5621 --- [risk-assets-api] [o-12000-exec-10] o.s.web.servlet.DispatcherServlet        : Completed 200 OK
Hibernate: 
    select
        avg(ra1_0.risk_score) 
    from
        risk_assets ra1_0
Hibernate: 
    select
        count(ra1_0.id) 
    from
        risk_assets ra1_0 
    where
        ra1_0.risk_level=?
Hibernate: 
    select
        count(ra1_0.id) 
    from
        risk_assets ra1_0 
    where
        ra1_0.risk_level=?
Hibernate: 
    select
        count(ra1_0.id) 
    from
        risk_assets ra1_0 
    where
        ra1_0.risk_level=?
Hibernate: 
    select
        ra1_0.id,
        ra1_0.created_at,
        ra1_0.description,
        ra1_0.location,
        ra1_0.name,
        ra1_0.owner,
        ra1_0.risk_level,
        ra1_0.risk_score,
        ra1_0.type,
        ra1_0.updated_at,
        ra1_0.asset_value 
    from
        risk_assets ra1_0 
    where
        ra1_0.risk_level=?
Hibernate: 
    select
        count(ra1_0.id) 
    from
        risk_assets ra1_0 
    where
        ra1_0.risk_level=?
2025-06-13T05:35:42.765Z DEBUG 5621 --- [risk-assets-api] [io-12000-exec-5] o.s.w.s.m.m.a.HttpEntityMethodProcessor  : Using 'application/json', given [*/*] and supported [application/json, application/*+json]
2025-06-13T05:35:42.765Z DEBUG 5621 --- [risk-assets-api] [io-12000-exec-5] o.s.w.s.m.m.a.HttpEntityMethodProcessor  : Writing [[com.jpmc.riskassets.model.RiskAsset@666d3733, com.jpmc.riskassets.model.RiskAsset@458279e4, com.jpm (truncated)...]
2025-06-13T05:35:42.765Z DEBUG 5621 --- [risk-assets-api] [io-12000-exec-2] o.s.w.s.m.m.a.HttpEntityMethodProcessor  : Using 'application/json', given [*/*] and supported [application/json, application/*+json]
2025-06-13T05:35:42.765Z DEBUG 5621 --- [risk-assets-api] [io-12000-exec-2] o.s.w.s.m.m.a.HttpEntityMethodProcessor  : Writing [com.jpmc.riskassets.model.RiskSummary@1782aa8f]
2025-06-13T05:35:42.765Z DEBUG 5621 --- [risk-assets-api] [io-12000-exec-5] o.s.web.servlet.DispatcherServlet        : Completed 200 OK
2025-06-13T05:35:42.765Z DEBUG 5621 --- [risk-assets-api] [io-12000-exec-2] o.s.web.servlet.DispatcherServlet        : Completed 200 OK
2025-06-13T05:35:42.862Z DEBUG 5621 --- [risk-assets-api] [io-12000-exec-9] o.s.web.servlet.DispatcherServlet        : GET "/api/assets", parameters={}
2025-06-13T05:35:42.862Z DEBUG 5621 --- [risk-assets-api] [io-12000-exec-9] s.w.s.m.m.a.RequestMappingHandlerMapping : Mapped to com.jpmc.riskassets.controller.RiskAssetController#getAllAssets()
2025-06-13T05:35:42.862Z DEBUG 5621 --- [risk-assets-api] [io-12000-exec-8] o.s.web.servlet.DispatcherServlet        : GET "/api/assets/risk-summary", parameters={}
2025-06-13T05:35:42.862Z DEBUG 5621 --- [risk-assets-api] [io-12000-exec-8] s.w.s.m.m.a.RequestMappingHandlerMapping : Mapped to com.jpmc.riskassets.controller.RiskAssetController#getRiskSummary()
2025-06-13T05:35:42.863Z DEBUG 5621 --- [risk-assets-api] [o-12000-exec-10] o.s.web.servlet.DispatcherServlet        : GET "/api/assets/risk-level/HIGH", parameters={}
Hibernate: 
    select
        count(*) 
    from
        risk_assets ra1_0
2025-06-13T05:35:42.863Z DEBUG 5621 --- [risk-assets-api] [o-12000-exec-10] s.w.s.m.m.a.RequestMappingHandlerMapping : Mapped to com.jpmc.riskassets.controller.RiskAssetController#getAssetsByRiskLevel(RiskLevel)
2025-06-13T05:35:42.862Z DEBUG 5621 --- [risk-assets-api] [io-12000-exec-4] o.s.web.servlet.DispatcherServlet        : GET "/api/assets/1", parameters={}
Hibernate: 
    select
        ra1_0.id,
        ra1_0.created_at,
        ra1_0.description,
        ra1_0.location,
        ra1_0.name,
        ra1_0.owner,
        ra1_0.risk_level,
        ra1_0.risk_score,
        ra1_0.type,
        ra1_0.updated_at,
        ra1_0.asset_value 
    from
        risk_assets ra1_0
2025-06-13T05:35:42.863Z DEBUG 5621 --- [risk-assets-api] [io-12000-exec-4] s.w.s.m.m.a.RequestMappingHandlerMapping : Mapped to com.jpmc.riskassets.controller.RiskAssetController#getAssetById(Long)
Hibernate: 
    select
        sum(ra1_0.asset_value) 
    from
        risk_assets ra1_0
2025-06-13T05:35:42.864Z DEBUG 5621 --- [risk-assets-api] [io-12000-exec-9] o.s.w.s.m.m.a.HttpEntityMethodProcessor  : Using 'application/json', given [*/*] and supported [application/json, application/*+json]
2025-06-13T05:35:42.864Z DEBUG 5621 --- [risk-assets-api] [io-12000-exec-9] o.s.w.s.m.m.a.HttpEntityMethodProcessor  : Writing [[com.jpmc.riskassets.model.RiskAsset@782a87ae, com.jpmc.riskassets.model.RiskAsset@152b8bac, com.jpm (truncated)...]
Hibernate: 
    select
        ra1_0.id,
        ra1_0.created_at,
        ra1_0.description,
        ra1_0.location,
        ra1_0.name,
        ra1_0.owner,
        ra1_0.risk_level,
        ra1_0.risk_score,
        ra1_0.type,
        ra1_0.updated_at,
        ra1_0.asset_value 
    from
        risk_assets ra1_0 
    where
        ra1_0.id=?
Hibernate: 
    select
        ra1_0.id,
        ra1_0.created_at,
        ra1_0.description,
        ra1_0.location,
        ra1_0.name,
        ra1_0.owner,
        ra1_0.risk_level,
        ra1_0.risk_score,
        ra1_0.type,
        ra1_0.updated_at,
        ra1_0.asset_value 
    from
        risk_assets ra1_0 
    where
        ra1_0.risk_level=?
Hibernate: 
    select
        avg(ra1_0.risk_score) 
    from
        risk_assets ra1_0
2025-06-13T05:35:42.864Z DEBUG 5621 --- [risk-assets-api] [io-12000-exec-4] o.s.w.s.m.m.a.HttpEntityMethodProcessor  : Using 'application/json', given [*/*] and supported [application/json, application/*+json]
2025-06-13T05:35:42.865Z DEBUG 5621 --- [risk-assets-api] [io-12000-exec-4] o.s.w.s.m.m.a.HttpEntityMethodProcessor  : Writing [com.jpmc.riskassets.model.RiskAsset@5d364d9f]
2025-06-13T05:35:42.865Z DEBUG 5621 --- [risk-assets-api] [io-12000-exec-9] o.s.web.servlet.DispatcherServlet        : Completed 200 OK
2025-06-13T05:35:42.865Z DEBUG 5621 --- [risk-assets-api] [io-12000-exec-4] o.s.web.servlet.DispatcherServlet        : Completed 200 OK
Hibernate: 
    select
        count(ra1_0.id) 
    from
        risk_assets ra1_0 
    where
        ra1_0.risk_level=?
Hibernate: 
    select
        count(ra1_0.id) 
    from
        risk_assets ra1_0 
    where
        ra1_0.risk_level=?
2025-06-13T05:35:42.864Z DEBUG 5621 --- [risk-assets-api] [o-12000-exec-10] o.s.w.s.m.m.a.HttpEntityMethodProcessor  : Using 'application/json', given [*/*] and supported [application/json, application/*+json]
2025-06-13T05:35:42.866Z DEBUG 5621 --- [risk-assets-api] [o-12000-exec-10] o.s.w.s.m.m.a.HttpEntityMethodProcessor  : Writing [[com.jpmc.riskassets.model.RiskAsset@6f0f14de, com.jpmc.riskassets.model.RiskAsset@44e28e72, com.jpm (truncated)...]
Hibernate: 
    select
        count(ra1_0.id) 
    from
        risk_assets ra1_0 
    where
        ra1_0.risk_level=?
2025-06-13T05:35:42.867Z DEBUG 5621 --- [risk-assets-api] [o-12000-exec-10] o.s.web.servlet.DispatcherServlet        : Completed 200 OK
Hibernate: 
    select
        count(ra1_0.id) 
    from
        risk_assets ra1_0 
    where
        ra1_0.risk_level=?
2025-06-13T05:35:42.868Z DEBUG 5621 --- [risk-assets-api] [io-12000-exec-8] o.s.w.s.m.m.a.HttpEntityMethodProcessor  : Using 'application/json', given [*/*] and supported [application/json, application/*+json]
2025-06-13T05:35:42.868Z DEBUG 5621 --- [risk-assets-api] [io-12000-exec-8] o.s.w.s.m.m.a.HttpEntityMethodProcessor  : Writing [com.jpmc.riskassets.model.RiskSummary@31cf5e5a]
2025-06-13T05:35:42.868Z DEBUG 5621 --- [risk-assets-api] [io-12000-exec-8] o.s.web.servlet.DispatcherServlet        : Completed 200 OK
2025-06-13T05:35:42.965Z DEBUG 5621 --- [risk-assets-api] [io-12000-exec-7] o.s.web.servlet.DispatcherServlet        : GET "/api/assets/1", parameters={}
2025-06-13T05:35:42.965Z DEBUG 5621 --- [risk-assets-api] [io-12000-exec-9] o.s.web.servlet.DispatcherServlet        : GET "/api/assets/risk-level/HIGH", parameters={}
2025-06-13T05:35:42.965Z DEBUG 5621 --- [risk-assets-api] [io-12000-exec-6] o.s.web.servlet.DispatcherServlet        : GET "/api/assets", parameters={}
2025-06-13T05:35:42.965Z DEBUG 5621 --- [risk-assets-api] [io-12000-exec-7] s.w.s.m.m.a.RequestMappingHandlerMapping : Mapped to com.jpmc.riskassets.controller.RiskAssetController#getAssetById(Long)
2025-06-13T05:35:42.965Z DEBUG 5621 --- [risk-assets-api] [io-12000-exec-6] s.w.s.m.m.a.RequestMappingHandlerMapping : Mapped to com.jpmc.riskassets.controller.RiskAssetController#getAllAssets()
2025-06-13T05:35:42.965Z DEBUG 5621 --- [risk-assets-api] [io-12000-exec-4] o.s.web.servlet.DispatcherServlet        : GET "/api/assets/risk-summary", parameters={}
2025-06-13T05:35:42.965Z DEBUG 5621 --- [risk-assets-api] [io-12000-exec-9] s.w.s.m.m.a.RequestMappingHandlerMapping : Mapped to com.jpmc.riskassets.controller.RiskAssetController#getAssetsByRiskLevel(RiskLevel)
2025-06-13T05:35:42.965Z DEBUG 5621 --- [risk-assets-api] [io-12000-exec-4] s.w.s.m.m.a.RequestMappingHandlerMapping : Mapped to com.jpmc.riskassets.controller.RiskAssetController#getRiskSummary()
Hibernate: 
    select
        ra1_0.id,
        ra1_0.created_at,
        ra1_0.description,
        ra1_0.location,
        ra1_0.name,
        ra1_0.owner,
        ra1_0.risk_level,
        ra1_0.risk_score,
        ra1_0.type,
        ra1_0.updated_at,
        ra1_0.asset_value 
    from
        risk_assets ra1_0 
    where
        ra1_0.id=?
Hibernate: 
    select
        ra1_0.id,
        ra1_0.created_at,
        ra1_0.description,
        ra1_0.location,
        ra1_0.name,
        ra1_0.owner,
        ra1_0.risk_level,
        ra1_0.risk_score,
        ra1_0.type,
        ra1_0.updated_at,
        ra1_0.asset_value 
    from
        risk_assets ra1_0
Hibernate: 
    select
        ra1_0.id,
        ra1_0.created_at,
        ra1_0.description,
        ra1_0.location,
        ra1_0.name,
        ra1_0.owner,
        ra1_0.risk_level,
        ra1_0.risk_score,
        ra1_0.type,
        ra1_0.updated_at,
        ra1_0.asset_value 
    from
        risk_assets ra1_0 
    where
        ra1_0.risk_level=?
2025-06-13T05:35:42.966Z DEBUG 5621 --- [risk-assets-api] [io-12000-exec-7] o.s.w.s.m.m.a.HttpEntityMethodProcessor  : Using 'application/json', given [*/*] and supported [application/json, application/*+json]
2025-06-13T05:35:42.966Z DEBUG 5621 --- [risk-assets-api] [io-12000-exec-7] o.s.w.s.m.m.a.HttpEntityMethodProcessor  : Writing [com.jpmc.riskassets.model.RiskAsset@7c7ed6be]
2025-06-13T05:35:42.967Z DEBUG 5621 --- [risk-assets-api] [io-12000-exec-9] o.s.w.s.m.m.a.HttpEntityMethodProcessor  : Using 'application/json', given [*/*] and supported [application/json, application/*+json]
2025-06-13T05:35:42.967Z DEBUG 5621 --- [risk-assets-api] [io-12000-exec-6] o.s.w.s.m.m.a.HttpEntityMethodProcessor  : Using 'application/json', given [*/*] and supported [application/json, application/*+json]
2025-06-13T05:35:42.967Z DEBUG 5621 --- [risk-assets-api] [io-12000-exec-6] o.s.w.s.m.m.a.HttpEntityMethodProcessor  : Writing [[com.jpmc.riskassets.model.RiskAsset@21268611, com.jpmc.riskassets.model.RiskAsset@dccd223, com.jpmc (truncated)...]
2025-06-13T05:35:42.967Z DEBUG 5621 --- [risk-assets-api] [io-12000-exec-7] o.s.web.servlet.DispatcherServlet        : Completed 200 OK
2025-06-13T05:35:42.967Z DEBUG 5621 --- [risk-assets-api] [io-12000-exec-6] o.s.web.servlet.DispatcherServlet        : Completed 200 OK
Hibernate: 
    select
        count(*) 
    from
        risk_assets ra1_0
2025-06-13T05:35:42.967Z DEBUG 5621 --- [risk-assets-api] [io-12000-exec-9] o.s.w.s.m.m.a.HttpEntityMethodProcessor  : Writing [[com.jpmc.riskassets.model.RiskAsset@47f2032c, com.jpmc.riskassets.model.RiskAsset@50ded606, com.jpm (truncated)...]
2025-06-13T05:35:42.968Z DEBUG 5621 --- [risk-assets-api] [io-12000-exec-9] o.s.web.servlet.DispatcherServlet        : Completed 200 OK
Hibernate: 
    select
        sum(ra1_0.asset_value) 
    from
        risk_assets ra1_0
Hibernate: 
    select
        avg(ra1_0.risk_score) 
    from
        risk_assets ra1_0
Hibernate: 
    select
        count(ra1_0.id) 
    from
        risk_assets ra1_0 
    where
        ra1_0.risk_level=?
Hibernate: 
    select
        count(ra1_0.id) 
    from
        risk_assets ra1_0 
    where
        ra1_0.risk_level=?
Hibernate: 
    select
        count(ra1_0.id) 
    from
        risk_assets ra1_0 
    where
        ra1_0.risk_level=?
Hibernate: 
    select
        count(ra1_0.id) 
    from
        risk_assets ra1_0 
    where
        ra1_0.risk_level=?
2025-06-13T05:35:42.971Z DEBUG 5621 --- [risk-assets-api] [io-12000-exec-4] o.s.w.s.m.m.a.HttpEntityMethodProcessor  : Using 'application/json', given [*/*] and supported [application/json, application/*+json]
2025-06-13T05:35:42.972Z DEBUG 5621 --- [risk-assets-api] [io-12000-exec-4] o.s.w.s.m.m.a.HttpEntityMethodProcessor  : Writing [com.jpmc.riskassets.model.RiskSummary@6d62857b]
2025-06-13T05:35:42.972Z DEBUG 5621 --- [risk-assets-api] [io-12000-exec-4] o.s.web.servlet.DispatcherServlet        : Completed 200 OK
2025-06-13T05:35:43.067Z DEBUG 5621 --- [risk-assets-api] [io-12000-exec-8] o.s.web.servlet.DispatcherServlet        : GET "/api/assets", parameters={}
2025-06-13T05:35:43.067Z DEBUG 5621 --- [risk-assets-api] [io-12000-exec-7] o.s.web.servlet.DispatcherServlet        : GET "/api/assets/risk-level/HIGH", parameters={}
2025-06-13T05:35:43.067Z DEBUG 5621 --- [risk-assets-api] [io-12000-exec-3] o.s.web.servlet.DispatcherServlet        : GET "/api/assets/1", parameters={}
2025-06-13T05:35:43.067Z DEBUG 5621 --- [risk-assets-api] [io-12000-exec-6] o.s.web.servlet.DispatcherServlet        : GET "/api/assets/risk-summary", parameters={}
2025-06-13T05:35:43.067Z DEBUG 5621 --- [risk-assets-api] [io-12000-exec-6] s.w.s.m.m.a.RequestMappingHandlerMapping : Mapped to com.jpmc.riskassets.controller.RiskAssetController#getRiskSummary()
2025-06-13T05:35:43.067Z DEBUG 5621 --- [risk-assets-api] [io-12000-exec-8] s.w.s.m.m.a.RequestMappingHandlerMapping : Mapped to com.jpmc.riskassets.controller.RiskAssetController#getAllAssets()
2025-06-13T05:35:43.068Z DEBUG 5621 --- [risk-assets-api] [io-12000-exec-3] s.w.s.m.m.a.RequestMappingHandlerMapping : Mapped to com.jpmc.riskassets.controller.RiskAssetController#getAssetById(Long)
Hibernate: 
    select
        count(*) 
    from
        risk_assets ra1_0
Hibernate: 
    select
        ra1_0.id,
        ra1_0.created_at,
        ra1_0.description,
        ra1_0.location,
        ra1_0.name,
        ra1_0.owner,
        ra1_0.risk_level,
        ra1_0.risk_score,
        ra1_0.type,
        ra1_0.updated_at,
        ra1_0.asset_value 
    from
        risk_assets ra1_0 
    where
        ra1_0.id=?
Hibernate: 
    select
        ra1_0.id,
        ra1_0.created_at,
        ra1_0.description,
        ra1_0.location,
        ra1_0.name,
        ra1_0.owner,
        ra1_0.risk_level,
        ra1_0.risk_score,
        ra1_0.type,
        ra1_0.updated_at,
        ra1_0.asset_value 
    from
        risk_assets ra1_0
2025-06-13T05:35:43.069Z DEBUG 5621 --- [risk-assets-api] [io-12000-exec-3] o.s.w.s.m.m.a.HttpEntityMethodProcessor  : Using 'application/json', given [*/*] and supported [application/json, application/*+json]
2025-06-13T05:35:43.069Z DEBUG 5621 --- [risk-assets-api] [io-12000-exec-3] o.s.w.s.m.m.a.HttpEntityMethodProcessor  : Writing [com.jpmc.riskassets.model.RiskAsset@56e4e305]
2025-06-13T05:35:43.069Z DEBUG 5621 --- [risk-assets-api] [io-12000-exec-8] o.s.w.s.m.m.a.HttpEntityMethodProcessor  : Using 'application/json', given [*/*] and supported [application/json, application/*+json]
2025-06-13T05:35:43.069Z DEBUG 5621 --- [risk-assets-api] [io-12000-exec-8] o.s.w.s.m.m.a.HttpEntityMethodProcessor  : Writing [[com.jpmc.riskassets.model.RiskAsset@1ca45035, com.jpmc.riskassets.model.RiskAsset@70c43708, com.jpm (truncated)...]
Hibernate: 
    select
        sum(ra1_0.asset_value) 
    from
        risk_assets ra1_0
2025-06-13T05:35:43.069Z DEBUG 5621 --- [risk-assets-api] [io-12000-exec-3] o.s.web.servlet.DispatcherServlet        : Completed 200 OK
2025-06-13T05:35:43.070Z DEBUG 5621 --- [risk-assets-api] [io-12000-exec-8] o.s.web.servlet.DispatcherServlet        : Completed 200 OK
Hibernate: 
    select
        avg(ra1_0.risk_score) 
    from
        risk_assets ra1_0
2025-06-13T05:35:43.067Z DEBUG 5621 --- [risk-assets-api] [io-12000-exec-7] s.w.s.m.m.a.RequestMappingHandlerMapping : Mapped to com.jpmc.riskassets.controller.RiskAssetController#getAssetsByRiskLevel(RiskLevel)
Hibernate: 
    select
        count(ra1_0.id) 
    from
        risk_assets ra1_0 
    where
        ra1_0.risk_level=?
Hibernate: 
    select
        ra1_0.id,
        ra1_0.created_at,
        ra1_0.description,
        ra1_0.location,
        ra1_0.name,
        ra1_0.owner,
        ra1_0.risk_level,
        ra1_0.risk_score,
        ra1_0.type,
        ra1_0.updated_at,
        ra1_0.asset_value 
    from
        risk_assets ra1_0 
    where
        ra1_0.risk_level=?
Hibernate: 
    select
        count(ra1_0.id) 
    from
        risk_assets ra1_0 
    where
        ra1_0.risk_level=?
2025-06-13T05:35:43.071Z DEBUG 5621 --- [risk-assets-api] [io-12000-exec-7] o.s.w.s.m.m.a.HttpEntityMethodProcessor  : Using 'application/json', given [*/*] and supported [application/json, application/*+json]
2025-06-13T05:35:43.071Z DEBUG 5621 --- [risk-assets-api] [io-12000-exec-7] o.s.w.s.m.m.a.HttpEntityMethodProcessor  : Writing [[com.jpmc.riskassets.model.RiskAsset@12c9c523, com.jpmc.riskassets.model.RiskAsset@4b4c4d41, com.jpm (truncated)...]
Hibernate: 
    select
        count(ra1_0.id) 
    from
        risk_assets ra1_0 
    where
        ra1_0.risk_level=?
2025-06-13T05:35:43.072Z DEBUG 5621 --- [risk-assets-api] [io-12000-exec-7] o.s.web.servlet.DispatcherServlet        : Completed 200 OK
Hibernate: 
    select
        count(ra1_0.id) 
    from
        risk_assets ra1_0 
    where
        ra1_0.risk_level=?
2025-06-13T05:35:43.074Z DEBUG 5621 --- [risk-assets-api] [io-12000-exec-6] o.s.w.s.m.m.a.HttpEntityMethodProcessor  : Using 'application/json', given [*/*] and supported [application/json, application/*+json]
2025-06-13T05:35:43.074Z DEBUG 5621 --- [risk-assets-api] [io-12000-exec-6] o.s.w.s.m.m.a.HttpEntityMethodProcessor  : Writing [com.jpmc.riskassets.model.RiskSummary@597f447]
2025-06-13T05:35:43.074Z DEBUG 5621 --- [risk-assets-api] [io-12000-exec-6] o.s.web.servlet.DispatcherServlet        : Completed 200 OK
2025-06-13T05:35:43.172Z DEBUG 5621 --- [risk-assets-api] [io-12000-exec-2] o.s.web.servlet.DispatcherServlet        : GET "/api/assets/1", parameters={}
2025-06-13T05:35:43.172Z DEBUG 5621 --- [risk-assets-api] [io-12000-exec-3] o.s.web.servlet.DispatcherServlet        : GET "/api/assets/risk-summary", parameters={}
2025-06-13T05:35:43.172Z DEBUG 5621 --- [risk-assets-api] [io-12000-exec-4] o.s.web.servlet.DispatcherServlet        : GET "/api/assets", parameters={}
2025-06-13T05:35:43.172Z DEBUG 5621 --- [risk-assets-api] [io-12000-exec-3] s.w.s.m.m.a.RequestMappingHandlerMapping : Mapped to com.jpmc.riskassets.controller.RiskAssetController#getRiskSummary()
2025-06-13T05:35:43.172Z DEBUG 5621 --- [risk-assets-api] [io-12000-exec-2] s.w.s.m.m.a.RequestMappingHandlerMapping : Mapped to com.jpmc.riskassets.controller.RiskAssetController#getAssetById(Long)
2025-06-13T05:35:43.172Z DEBUG 5621 --- [risk-assets-api] [io-12000-exec-4] s.w.s.m.m.a.RequestMappingHandlerMapping : Mapped to com.jpmc.riskassets.controller.RiskAssetController#getAllAssets()
2025-06-13T05:35:43.173Z DEBUG 5621 --- [risk-assets-api] [io-12000-exec-8] o.s.web.servlet.DispatcherServlet        : GET "/api/assets/risk-level/HIGH", parameters={}
Hibernate: 
    select
        count(*) 
    from
        risk_assets ra1_0
Hibernate: 
    select
        ra1_0.id,
        ra1_0.created_at,
        ra1_0.description,
        ra1_0.location,
        ra1_0.name,
        ra1_0.owner,
        ra1_0.risk_level,
        ra1_0.risk_score,
        ra1_0.type,
        ra1_0.updated_at,
        ra1_0.asset_value 
    from
        risk_assets ra1_0 
    where
        ra1_0.id=?
2025-06-13T05:35:43.173Z DEBUG 5621 --- [risk-assets-api] [io-12000-exec-8] s.w.s.m.m.a.RequestMappingHandlerMapping : Mapped to com.jpmc.riskassets.controller.RiskAssetController#getAssetsByRiskLevel(RiskLevel)
Hibernate: 
    select
        ra1_0.id,
        ra1_0.created_at,
        ra1_0.description,
        ra1_0.location,
        ra1_0.name,
        ra1_0.owner,
        ra1_0.risk_level,
        ra1_0.risk_score,
        ra1_0.type,
        ra1_0.updated_at,
        ra1_0.asset_value 
    from
        risk_assets ra1_0
2025-06-13T05:35:43.174Z DEBUG 5621 --- [risk-assets-api] [io-12000-exec-2] o.s.w.s.m.m.a.HttpEntityMethodProcessor  : Using 'application/json', given [*/*] and supported [application/json, application/*+json]
2025-06-13T05:35:43.174Z DEBUG 5621 --- [risk-assets-api] [io-12000-exec-2] o.s.w.s.m.m.a.HttpEntityMethodProcessor  : Writing [com.jpmc.riskassets.model.RiskAsset@6f9dc2f2]
2025-06-13T05:35:43.174Z DEBUG 5621 --- [risk-assets-api] [io-12000-exec-4] o.s.w.s.m.m.a.HttpEntityMethodProcessor  : Using 'application/json', given [*/*] and supported [application/json, application/*+json]
2025-06-13T05:35:43.174Z DEBUG 5621 --- [risk-assets-api] [io-12000-exec-4] o.s.w.s.m.m.a.HttpEntityMethodProcessor  : Writing [[com.jpmc.riskassets.model.RiskAsset@43740560, com.jpmc.riskassets.model.RiskAsset@4cd6fa9a, com.jpm (truncated)...]
Hibernate: 
    select
        ra1_0.id,
        ra1_0.created_at,
        ra1_0.description,
        ra1_0.location,
        ra1_0.name,
        ra1_0.owner,
        ra1_0.risk_level,
        ra1_0.risk_score,
        ra1_0.type,
        ra1_0.updated_at,
        ra1_0.asset_value 
    from
        risk_assets ra1_0 
    where
        ra1_0.risk_level=?
2025-06-13T05:35:43.174Z DEBUG 5621 --- [risk-assets-api] [io-12000-exec-2] o.s.web.servlet.DispatcherServlet        : Completed 200 OK
2025-06-13T05:35:43.175Z DEBUG 5621 --- [risk-assets-api] [io-12000-exec-4] o.s.web.servlet.DispatcherServlet        : Completed 200 OK
2025-06-13T05:35:43.175Z DEBUG 5621 --- [risk-assets-api] [io-12000-exec-8] o.s.w.s.m.m.a.HttpEntityMethodProcessor  : Using 'application/json', given [*/*] and supported [application/json, application/*+json]
2025-06-13T05:35:43.175Z DEBUG 5621 --- [risk-assets-api] [io-12000-exec-8] o.s.w.s.m.m.a.HttpEntityMethodProcessor  : Writing [[com.jpmc.riskassets.model.RiskAsset@20770b71, com.jpmc.riskassets.model.RiskAsset@6c9e51a1, com.jpm (truncated)...]
2025-06-13T05:35:43.175Z DEBUG 5621 --- [risk-assets-api] [io-12000-exec-8] o.s.web.servlet.DispatcherServlet        : Completed 200 OK
Hibernate: 
    select
        sum(ra1_0.asset_value) 
    from
        risk_assets ra1_0
Hibernate: 
    select
        avg(ra1_0.risk_score) 
    from
        risk_assets ra1_0
Hibernate: 
    select
        count(ra1_0.id) 
    from
        risk_assets ra1_0 
    where
        ra1_0.risk_level=?
Hibernate: 
    select
        count(ra1_0.id) 
    from
        risk_assets ra1_0 
    where
        ra1_0.risk_level=?
Hibernate: 
    select
        count(ra1_0.id) 
    from
        risk_assets ra1_0 
    where
        ra1_0.risk_level=?
Hibernate: 
    select
        count(ra1_0.id) 
    from
        risk_assets ra1_0 
    where
        ra1_0.risk_level=?
2025-06-13T05:35:43.179Z DEBUG 5621 --- [risk-assets-api] [io-12000-exec-3] o.s.w.s.m.m.a.HttpEntityMethodProcessor  : Using 'application/json', given [*/*] and supported [application/json, application/*+json]
2025-06-13T05:35:43.179Z DEBUG 5621 --- [risk-assets-api] [io-12000-exec-3] o.s.w.s.m.m.a.HttpEntityMethodProcessor  : Writing [com.jpmc.riskassets.model.RiskSummary@35f639a5]
2025-06-13T05:35:43.179Z DEBUG 5621 --- [risk-assets-api] [io-12000-exec-3] o.s.web.servlet.DispatcherServlet        : Completed 200 OK
2025-06-13T05:35:43.274Z DEBUG 5621 --- [risk-assets-api] [io-12000-exec-1] o.s.web.servlet.DispatcherServlet        : GET "/api/assets", parameters={}
2025-06-13T05:35:43.274Z DEBUG 5621 --- [risk-assets-api] [io-12000-exec-6] o.s.web.servlet.DispatcherServlet        : GET "/api/assets/risk-summary", parameters={}
2025-06-13T05:35:43.275Z DEBUG 5621 --- [risk-assets-api] [io-12000-exec-1] s.w.s.m.m.a.RequestMappingHandlerMapping : Mapped to com.jpmc.riskassets.controller.RiskAssetController#getAllAssets()
2025-06-13T05:35:43.275Z DEBUG 5621 --- [risk-assets-api] [io-12000-exec-6] s.w.s.m.m.a.RequestMappingHandlerMapping : Mapped to com.jpmc.riskassets.controller.RiskAssetController#getRiskSummary()
2025-06-13T05:35:43.275Z DEBUG 5621 --- [risk-assets-api] [io-12000-exec-2] o.s.web.servlet.DispatcherServlet        : GET "/api/assets/1", parameters={}
2025-06-13T05:35:43.275Z DEBUG 5621 --- [risk-assets-api] [io-12000-exec-2] s.w.s.m.m.a.RequestMappingHandlerMapping : Mapped to com.jpmc.riskassets.controller.RiskAssetController#getAssetById(Long)
Hibernate: 
    select
        count(*) 
    from
        risk_assets ra1_0
2025-06-13T05:35:43.275Z DEBUG 5621 --- [risk-assets-api] [io-12000-exec-4] o.s.web.servlet.DispatcherServlet        : GET "/api/assets/risk-level/HIGH", parameters={}
2025-06-13T05:35:43.275Z DEBUG 5621 --- [risk-assets-api] [io-12000-exec-4] s.w.s.m.m.a.RequestMappingHandlerMapping : Mapped to com.jpmc.riskassets.controller.RiskAssetController#getAssetsByRiskLevel(RiskLevel)
Hibernate: 
    select
        ra1_0.id,
        ra1_0.created_at,
        ra1_0.description,
        ra1_0.location,
        ra1_0.name,
        ra1_0.owner,
        ra1_0.risk_level,
        ra1_0.risk_score,
        ra1_0.type,
        ra1_0.updated_at,
        ra1_0.asset_value 
    from
        risk_assets ra1_0 
    where
        ra1_0.id=?
Hibernate: 
    select
        sum(ra1_0.asset_value) 
    from
        risk_assets ra1_0
Hibernate: 
    select
        ra1_0.id,
        ra1_0.created_at,
        ra1_0.description,
        ra1_0.location,
        ra1_0.name,
        ra1_0.owner,
        ra1_0.risk_level,
        ra1_0.risk_score,
        ra1_0.type,
        ra1_0.updated_at,
        ra1_0.asset_value 
    from
        risk_assets ra1_0 
    where
        ra1_0.risk_level=?
2025-06-13T05:35:43.276Z DEBUG 5621 --- [risk-assets-api] [io-12000-exec-2] o.s.w.s.m.m.a.HttpEntityMethodProcessor  : Using 'application/json', given [*/*] and supported [application/json, application/*+json]
2025-06-13T05:35:43.277Z DEBUG 5621 --- [risk-assets-api] [io-12000-exec-2] o.s.w.s.m.m.a.HttpEntityMethodProcessor  : Writing [com.jpmc.riskassets.model.RiskAsset@35ca4657]
2025-06-13T05:35:43.277Z DEBUG 5621 --- [risk-assets-api] [io-12000-exec-4] o.s.w.s.m.m.a.HttpEntityMethodProcessor  : Using 'application/json', given [*/*] and supported [application/json, application/*+json]
2025-06-13T05:35:43.277Z DEBUG 5621 --- [risk-assets-api] [io-12000-exec-4] o.s.w.s.m.m.a.HttpEntityMethodProcessor  : Writing [[com.jpmc.riskassets.model.RiskAsset@648ca3b6, com.jpmc.riskassets.model.RiskAsset@6624db1d, com.jpm (truncated)...]
2025-06-13T05:35:43.277Z DEBUG 5621 --- [risk-assets-api] [io-12000-exec-2] o.s.web.servlet.DispatcherServlet        : Completed 200 OK
2025-06-13T05:35:43.277Z DEBUG 5621 --- [risk-assets-api] [io-12000-exec-4] o.s.web.servlet.DispatcherServlet        : Completed 200 OK
Hibernate: 
    select
        ra1_0.id,
        ra1_0.created_at,
        ra1_0.description,
        ra1_0.location,
        ra1_0.name,
        ra1_0.owner,
        ra1_0.risk_level,
        ra1_0.risk_score,
        ra1_0.type,
        ra1_0.updated_at,
        ra1_0.asset_value 
    from
        risk_assets ra1_0
2025-06-13T05:35:43.278Z DEBUG 5621 --- [risk-assets-api] [io-12000-exec-1] o.s.w.s.m.m.a.HttpEntityMethodProcessor  : Using 'application/json', given [*/*] and supported [application/json, application/*+json]
2025-06-13T05:35:43.278Z DEBUG 5621 --- [risk-assets-api] [io-12000-exec-1] o.s.w.s.m.m.a.HttpEntityMethodProcessor  : Writing [[com.jpmc.riskassets.model.RiskAsset@244578cd, com.jpmc.riskassets.model.RiskAsset@4af53419, com.jpm (truncated)...]
2025-06-13T05:35:43.278Z DEBUG 5621 --- [risk-assets-api] [io-12000-exec-1] o.s.web.servlet.DispatcherServlet        : Completed 200 OK
Hibernate: 
    select
        avg(ra1_0.risk_score) 
    from
        risk_assets ra1_0
Hibernate: 
    select
        count(ra1_0.id) 
    from
        risk_assets ra1_0 
    where
        ra1_0.risk_level=?
Hibernate: 
    select
        count(ra1_0.id) 
    from
        risk_assets ra1_0 
    where
        ra1_0.risk_level=?
Hibernate: 
    select
        count(ra1_0.id) 
    from
        risk_assets ra1_0 
    where
        ra1_0.risk_level=?
Hibernate: 
    select
        count(ra1_0.id) 
    from
        risk_assets ra1_0 
    where
        ra1_0.risk_level=?
2025-06-13T05:35:43.282Z DEBUG 5621 --- [risk-assets-api] [io-12000-exec-6] o.s.w.s.m.m.a.HttpEntityMethodProcessor  : Using 'application/json', given [*/*] and supported [application/json, application/*+json]
2025-06-13T05:35:43.282Z DEBUG 5621 --- [risk-assets-api] [io-12000-exec-6] o.s.w.s.m.m.a.HttpEntityMethodProcessor  : Writing [com.jpmc.riskassets.model.RiskSummary@516c5043]
2025-06-13T05:35:43.282Z DEBUG 5621 --- [risk-assets-api] [io-12000-exec-6] o.s.web.servlet.DispatcherServlet        : Completed 200 OK
2025-06-13T05:35:43.377Z DEBUG 5621 --- [risk-assets-api] [io-12000-exec-2] o.s.web.servlet.DispatcherServlet        : GET "/api/assets/risk-level/HIGH", parameters={}
2025-06-13T05:35:43.377Z DEBUG 5621 --- [risk-assets-api] [io-12000-exec-4] o.s.web.servlet.DispatcherServlet        : GET "/api/assets", parameters={}
2025-06-13T05:35:43.377Z DEBUG 5621 --- [risk-assets-api] [io-12000-exec-3] o.s.web.servlet.DispatcherServlet        : GET "/api/assets/1", parameters={}
2025-06-13T05:35:43.377Z DEBUG 5621 --- [risk-assets-api] [io-12000-exec-3] s.w.s.m.m.a.RequestMappingHandlerMapping : Mapped to com.jpmc.riskassets.controller.RiskAssetController#getAssetById(Long)
2025-06-13T05:35:43.377Z DEBUG 5621 --- [risk-assets-api] [io-12000-exec-4] s.w.s.m.m.a.RequestMappingHandlerMapping : Mapped to com.jpmc.riskassets.controller.RiskAssetController#getAllAssets()
2025-06-13T05:35:43.377Z DEBUG 5621 --- [risk-assets-api] [o-12000-exec-10] o.s.web.servlet.DispatcherServlet        : GET "/api/assets/risk-summary", parameters={}
Hibernate: 
    select
        ra1_0.id,
        ra1_0.created_at,
        ra1_0.description,
        ra1_0.location,
        ra1_0.name,
        ra1_0.owner,
        ra1_0.risk_level,
        ra1_0.risk_score,
        ra1_0.type,
        ra1_0.updated_at,
        ra1_0.asset_value 
    from
        risk_assets ra1_0 
    where
        ra1_0.id=?
2025-06-13T05:35:43.378Z DEBUG 5621 --- [risk-assets-api] [o-12000-exec-10] s.w.s.m.m.a.RequestMappingHandlerMapping : Mapped to com.jpmc.riskassets.controller.RiskAssetController#getRiskSummary()
Hibernate: 
    select
        ra1_0.id,
        ra1_0.created_at,
        ra1_0.description,
        ra1_0.location,
        ra1_0.name,
        ra1_0.owner,
        ra1_0.risk_level,
        ra1_0.risk_score,
        ra1_0.type,
        ra1_0.updated_at,
        ra1_0.asset_value 
    from
        risk_assets ra1_0
Hibernate: 
    select
        count(*) 
    from
        risk_assets ra1_0
2025-06-13T05:35:43.378Z DEBUG 5621 --- [risk-assets-api] [io-12000-exec-3] o.s.w.s.m.m.a.HttpEntityMethodProcessor  : Using 'application/json', given [*/*] and supported [application/json, application/*+json]
2025-06-13T05:35:43.378Z DEBUG 5621 --- [risk-assets-api] [io-12000-exec-3] o.s.w.s.m.m.a.HttpEntityMethodProcessor  : Writing [com.jpmc.riskassets.model.RiskAsset@6e04482f]
2025-06-13T05:35:43.379Z DEBUG 5621 --- [risk-assets-api] [io-12000-exec-4] o.s.w.s.m.m.a.HttpEntityMethodProcessor  : Using 'application/json', given [*/*] and supported [application/json, application/*+json]
2025-06-13T05:35:43.379Z DEBUG 5621 --- [risk-assets-api] [io-12000-exec-4] o.s.w.s.m.m.a.HttpEntityMethodProcessor  : Writing [[com.jpmc.riskassets.model.RiskAsset@542b377, com.jpmc.riskassets.model.RiskAsset@5302e86f, com.jpmc (truncated)...]
2025-06-13T05:35:43.379Z DEBUG 5621 --- [risk-assets-api] [io-12000-exec-3] o.s.web.servlet.DispatcherServlet        : Completed 200 OK
Hibernate: 
    select
        sum(ra1_0.asset_value) 
    from
        risk_assets ra1_0
2025-06-13T05:35:43.379Z DEBUG 5621 --- [risk-assets-api] [io-12000-exec-4] o.s.web.servlet.DispatcherServlet        : Completed 200 OK
Hibernate: 
    select
        avg(ra1_0.risk_score) 
    from
        risk_assets ra1_0
Hibernate: 
    select
        count(ra1_0.id) 
    from
        risk_assets ra1_0 
    where
        ra1_0.risk_level=?
Hibernate: 
    select
        count(ra1_0.id) 
    from
        risk_assets ra1_0 
    where
        ra1_0.risk_level=?
Hibernate: 
    select
        count(ra1_0.id) 
    from
        risk_assets ra1_0 
    where
        ra1_0.risk_level=?
2025-06-13T05:35:43.377Z DEBUG 5621 --- [risk-assets-api] [io-12000-exec-2] s.w.s.m.m.a.RequestMappingHandlerMapping : Mapped to com.jpmc.riskassets.controller.RiskAssetController#getAssetsByRiskLevel(RiskLevel)
Hibernate: 
    select
        count(ra1_0.id) 
    from
        risk_assets ra1_0 
    where
        ra1_0.risk_level=?
2025-06-13T05:35:43.382Z DEBUG 5621 --- [risk-assets-api] [o-12000-exec-10] o.s.w.s.m.m.a.HttpEntityMethodProcessor  : Using 'application/json', given [*/*] and supported [application/json, application/*+json]
2025-06-13T05:35:43.382Z DEBUG 5621 --- [risk-assets-api] [o-12000-exec-10] o.s.w.s.m.m.a.HttpEntityMethodProcessor  : Writing [com.jpmc.riskassets.model.RiskSummary@17a884ed]
Hibernate: 
    select
        ra1_0.id,
        ra1_0.created_at,
        ra1_0.description,
        ra1_0.location,
        ra1_0.name,
        ra1_0.owner,
        ra1_0.risk_level,
        ra1_0.risk_score,
        ra1_0.type,
        ra1_0.updated_at,
        ra1_0.asset_value 
    from
        risk_assets ra1_0 
    where
        ra1_0.risk_level=?
2025-06-13T05:35:43.382Z DEBUG 5621 --- [risk-assets-api] [o-12000-exec-10] o.s.web.servlet.DispatcherServlet        : Completed 200 OK
2025-06-13T05:35:43.382Z DEBUG 5621 --- [risk-assets-api] [io-12000-exec-2] o.s.w.s.m.m.a.HttpEntityMethodProcessor  : Using 'application/json', given [*/*] and supported [application/json, application/*+json]
2025-06-13T05:35:43.383Z DEBUG 5621 --- [risk-assets-api] [io-12000-exec-2] o.s.w.s.m.m.a.HttpEntityMethodProcessor  : Writing [[com.jpmc.riskassets.model.RiskAsset@3b07d401, com.jpmc.riskassets.model.RiskAsset@2fb0f32b, com.jpm (truncated)...]
2025-06-13T05:35:43.383Z DEBUG 5621 --- [risk-assets-api] [io-12000-exec-2] o.s.web.servlet.DispatcherServlet        : Completed 200 OK
2025-06-13T05:35:43.479Z DEBUG 5621 --- [risk-assets-api] [io-12000-exec-9] o.s.web.servlet.DispatcherServlet        : GET "/api/assets", parameters={}
2025-06-13T05:35:43.479Z DEBUG 5621 --- [risk-assets-api] [io-12000-exec-3] o.s.web.servlet.DispatcherServlet        : GET "/api/assets/1", parameters={}
2025-06-13T05:35:43.479Z DEBUG 5621 --- [risk-assets-api] [io-12000-exec-6] o.s.web.servlet.DispatcherServlet        : GET "/api/assets/risk-level/HIGH", parameters={}
2025-06-13T05:35:43.479Z DEBUG 5621 --- [risk-assets-api] [io-12000-exec-9] s.w.s.m.m.a.RequestMappingHandlerMapping : Mapped to com.jpmc.riskassets.controller.RiskAssetController#getAllAssets()
2025-06-13T05:35:43.479Z DEBUG 5621 --- [risk-assets-api] [io-12000-exec-3] s.w.s.m.m.a.RequestMappingHandlerMapping : Mapped to com.jpmc.riskassets.controller.RiskAssetController#getAssetById(Long)
2025-06-13T05:35:43.479Z DEBUG 5621 --- [risk-assets-api] [io-12000-exec-6] s.w.s.m.m.a.RequestMappingHandlerMapping : Mapped to com.jpmc.riskassets.controller.RiskAssetController#getAssetsByRiskLevel(RiskLevel)
Hibernate: 
    select
        ra1_0.id,
        ra1_0.created_at,
        ra1_0.description,
        ra1_0.location,
        ra1_0.name,
        ra1_0.owner,
        ra1_0.risk_level,
        ra1_0.risk_score,
        ra1_0.type,
        ra1_0.updated_at,
        ra1_0.asset_value 
    from
        risk_assets ra1_0 
    where
        ra1_0.id=?
Hibernate: 
    select
        ra1_0.id,
        ra1_0.created_at,
        ra1_0.description,
        ra1_0.location,
        ra1_0.name,
        ra1_0.owner,
        ra1_0.risk_level,
        ra1_0.risk_score,
        ra1_0.type,
        ra1_0.updated_at,
        ra1_0.asset_value 
    from
        risk_assets ra1_0
Hibernate: 
    select
        ra1_0.id,
        ra1_0.created_at,
        ra1_0.description,
        ra1_0.location,
        ra1_0.name,
        ra1_0.owner,
        ra1_0.risk_level,
        ra1_0.risk_score,
        ra1_0.type,
        ra1_0.updated_at,
        ra1_0.asset_value 
    from
        risk_assets ra1_0 
    where
        ra1_0.risk_level=?
2025-06-13T05:35:43.481Z DEBUG 5621 --- [risk-assets-api] [io-12000-exec-3] o.s.w.s.m.m.a.HttpEntityMethodProcessor  : Using 'application/json', given [*/*] and supported [application/json, application/*+json]
2025-06-13T05:35:43.481Z DEBUG 5621 --- [risk-assets-api] [io-12000-exec-3] o.s.w.s.m.m.a.HttpEntityMethodProcessor  : Writing [com.jpmc.riskassets.model.RiskAsset@1463bfd3]
2025-06-13T05:35:43.481Z DEBUG 5621 --- [risk-assets-api] [io-12000-exec-6] o.s.w.s.m.m.a.HttpEntityMethodProcessor  : Using 'application/json', given [*/*] and supported [application/json, application/*+json]
2025-06-13T05:35:43.481Z DEBUG 5621 --- [risk-assets-api] [io-12000-exec-9] o.s.w.s.m.m.a.HttpEntityMethodProcessor  : Using 'application/json', given [*/*] and supported [application/json, application/*+json]
2025-06-13T05:35:43.481Z DEBUG 5621 --- [risk-assets-api] [io-12000-exec-9] o.s.w.s.m.m.a.HttpEntityMethodProcessor  : Writing [[com.jpmc.riskassets.model.RiskAsset@68ee0967, com.jpmc.riskassets.model.RiskAsset@7124f659, com.jpm (truncated)...]
2025-06-13T05:35:43.481Z DEBUG 5621 --- [risk-assets-api] [io-12000-exec-3] o.s.web.servlet.DispatcherServlet        : Completed 200 OK
2025-06-13T05:35:43.481Z DEBUG 5621 --- [risk-assets-api] [io-12000-exec-9] o.s.web.servlet.DispatcherServlet        : Completed 200 OK
2025-06-13T05:35:43.482Z DEBUG 5621 --- [risk-assets-api] [io-12000-exec-6] o.s.w.s.m.m.a.HttpEntityMethodProcessor  : Writing [[com.jpmc.riskassets.model.RiskAsset@1410d22a, com.jpmc.riskassets.model.RiskAsset@6858e17e, com.jpm (truncated)...]
2025-06-13T05:35:43.482Z DEBUG 5621 --- [risk-assets-api] [io-12000-exec-6] o.s.web.servlet.DispatcherServlet        : Completed 200 OK
2025-06-13T05:35:43.484Z DEBUG 5621 --- [risk-assets-api] [io-12000-exec-8] o.s.web.servlet.DispatcherServlet        : GET "/api/assets/risk-summary", parameters={}
2025-06-13T05:35:43.484Z DEBUG 5621 --- [risk-assets-api] [io-12000-exec-8] s.w.s.m.m.a.RequestMappingHandlerMapping : Mapped to com.jpmc.riskassets.controller.RiskAssetController#getRiskSummary()
Hibernate: 
    select
        count(*) 
    from
        risk_assets ra1_0
Hibernate: 
    select
        sum(ra1_0.asset_value) 
    from
        risk_assets ra1_0
Hibernate: 
    select
        avg(ra1_0.risk_score) 
    from
        risk_assets ra1_0
Hibernate: 
    select
        count(ra1_0.id) 
    from
        risk_assets ra1_0 
    where
        ra1_0.risk_level=?
Hibernate: 
    select
        count(ra1_0.id) 
    from
        risk_assets ra1_0 
    where
        ra1_0.risk_level=?
Hibernate: 
    select
        count(ra1_0.id) 
    from
        risk_assets ra1_0 
    where
        ra1_0.risk_level=?
Hibernate: 
    select
        count(ra1_0.id) 
    from
        risk_assets ra1_0 
    where
        ra1_0.risk_level=?
2025-06-13T05:35:43.488Z DEBUG 5621 --- [risk-assets-api] [io-12000-exec-8] o.s.w.s.m.m.a.HttpEntityMethodProcessor  : Using 'application/json', given [*/*] and supported [application/json, application/*+json]
2025-06-13T05:35:43.488Z DEBUG 5621 --- [risk-assets-api] [io-12000-exec-8] o.s.w.s.m.m.a.HttpEntityMethodProcessor  : Writing [com.jpmc.riskassets.model.RiskSummary@1a958f8f]
2025-06-13T05:35:43.489Z DEBUG 5621 --- [risk-assets-api] [io-12000-exec-8] o.s.web.servlet.DispatcherServlet        : Completed 200 OK
2025-06-13T05:35:43.581Z DEBUG 5621 --- [risk-assets-api] [io-12000-exec-1] o.s.web.servlet.DispatcherServlet        : GET "/api/assets", parameters={}
2025-06-13T05:35:43.581Z DEBUG 5621 --- [risk-assets-api] [io-12000-exec-5] o.s.web.servlet.DispatcherServlet        : GET "/api/assets/risk-level/HIGH", parameters={}
2025-06-13T05:35:43.581Z DEBUG 5621 --- [risk-assets-api] [io-12000-exec-1] s.w.s.m.m.a.RequestMappingHandlerMapping : Mapped to com.jpmc.riskassets.controller.RiskAssetController#getAllAssets()
2025-06-13T05:35:43.581Z DEBUG 5621 --- [risk-assets-api] [io-12000-exec-5] s.w.s.m.m.a.RequestMappingHandlerMapping : Mapped to com.jpmc.riskassets.controller.RiskAssetController#getAssetsByRiskLevel(RiskLevel)
Hibernate: 
    select
        ra1_0.id,
        ra1_0.created_at,
        ra1_0.description,
        ra1_0.location,
        ra1_0.name,
        ra1_0.owner,
        ra1_0.risk_level,
        ra1_0.risk_score,
        ra1_0.type,
        ra1_0.updated_at,
        ra1_0.asset_value 
    from
        risk_assets ra1_0
2025-06-13T05:35:43.584Z DEBUG 5621 --- [risk-assets-api] [io-12000-exec-1] o.s.w.s.m.m.a.HttpEntityMethodProcessor  : Using 'application/json', given [*/*] and supported [application/json, application/*+json]
2025-06-13T05:35:43.584Z DEBUG 5621 --- [risk-assets-api] [io-12000-exec-1] o.s.w.s.m.m.a.HttpEntityMethodProcessor  : Writing [[com.jpmc.riskassets.model.RiskAsset@46e3fa6b, com.jpmc.riskassets.model.RiskAsset@4dbb25bc, com.jpm (truncated)...]
2025-06-13T05:35:43.584Z DEBUG 5621 --- [risk-assets-api] [io-12000-exec-1] o.s.web.servlet.DispatcherServlet        : Completed 200 OK
Hibernate: 
    select
        ra1_0.id,
        ra1_0.created_at,
        ra1_0.description,
        ra1_0.location,
        ra1_0.name,
        ra1_0.owner,
        ra1_0.risk_level,
        ra1_0.risk_score,
        ra1_0.type,
        ra1_0.updated_at,
        ra1_0.asset_value 
    from
        risk_assets ra1_0 
    where
        ra1_0.risk_level=?
2025-06-13T05:35:43.586Z DEBUG 5621 --- [risk-assets-api] [io-12000-exec-3] o.s.web.servlet.DispatcherServlet        : GET "/api/assets/risk-summary", parameters={}
2025-06-13T05:35:43.587Z DEBUG 5621 --- [risk-assets-api] [io-12000-exec-5] o.s.w.s.m.m.a.HttpEntityMethodProcessor  : Using 'application/json', given [*/*] and supported [application/json, application/*+json]
2025-06-13T05:35:43.587Z DEBUG 5621 --- [risk-assets-api] [io-12000-exec-3] s.w.s.m.m.a.RequestMappingHandlerMapping : Mapped to com.jpmc.riskassets.controller.RiskAssetController#getRiskSummary()
2025-06-13T05:35:43.587Z DEBUG 5621 --- [risk-assets-api] [io-12000-exec-5] o.s.w.s.m.m.a.HttpEntityMethodProcessor  : Writing [[com.jpmc.riskassets.model.RiskAsset@71e3f332, com.jpmc.riskassets.model.RiskAsset@ddc146f, com.jpmc (truncated)...]
2025-06-13T05:35:43.587Z DEBUG 5621 --- [risk-assets-api] [io-12000-exec-5] o.s.web.servlet.DispatcherServlet        : Completed 200 OK
Hibernate: 
    select
        count(*) 
    from
        risk_assets ra1_0
2025-06-13T05:35:43.587Z DEBUG 5621 --- [risk-assets-api] [io-12000-exec-5] o.s.web.servlet.DispatcherServlet        : GET "/api/assets/1", parameters={}
2025-06-13T05:35:43.588Z DEBUG 5621 --- [risk-assets-api] [io-12000-exec-5] s.w.s.m.m.a.RequestMappingHandlerMapping : Mapped to com.jpmc.riskassets.controller.RiskAssetController#getAssetById(Long)
Hibernate: 
    select
        sum(ra1_0.asset_value) 
    from
        risk_assets ra1_0
Hibernate: 
    select
        ra1_0.id,
        ra1_0.created_at,
        ra1_0.description,
        ra1_0.location,
        ra1_0.name,
        ra1_0.owner,
        ra1_0.risk_level,
        ra1_0.risk_score,
        ra1_0.type,
        ra1_0.updated_at,
        ra1_0.asset_value 
    from
        risk_assets ra1_0 
    where
        ra1_0.id=?
Hibernate: 
    select
        avg(ra1_0.risk_score) 
    from
        risk_assets ra1_0
2025-06-13T05:35:43.589Z DEBUG 5621 --- [risk-assets-api] [io-12000-exec-5] o.s.w.s.m.m.a.HttpEntityMethodProcessor  : Using 'application/json', given [*/*] and supported [application/json, application/*+json]
2025-06-13T05:35:43.589Z DEBUG 5621 --- [risk-assets-api] [io-12000-exec-5] o.s.w.s.m.m.a.HttpEntityMethodProcessor  : Writing [com.jpmc.riskassets.model.RiskAsset@398ef634]
2025-06-13T05:35:43.589Z DEBUG 5621 --- [risk-assets-api] [io-12000-exec-5] o.s.web.servlet.DispatcherServlet        : Completed 200 OK
Hibernate: 
    select
        count(ra1_0.id) 
    from
        risk_assets ra1_0 
    where
        ra1_0.risk_level=?
Hibernate: 
    select
        count(ra1_0.id) 
    from
        risk_assets ra1_0 
    where
        ra1_0.risk_level=?
Hibernate: 
    select
        count(ra1_0.id) 
    from
        risk_assets ra1_0 
    where
        ra1_0.risk_level=?
Hibernate: 
    select
        count(ra1_0.id) 
    from
        risk_assets ra1_0 
    where
        ra1_0.risk_level=?
2025-06-13T05:35:43.591Z DEBUG 5621 --- [risk-assets-api] [io-12000-exec-3] o.s.w.s.m.m.a.HttpEntityMethodProcessor  : Using 'application/json', given [*/*] and supported [application/json, application/*+json]
2025-06-13T05:35:43.592Z DEBUG 5621 --- [risk-assets-api] [io-12000-exec-3] o.s.w.s.m.m.a.HttpEntityMethodProcessor  : Writing [com.jpmc.riskassets.model.RiskSummary@1f3b2bb]
2025-06-13T05:35:43.592Z DEBUG 5621 --- [risk-assets-api] [io-12000-exec-3] o.s.web.servlet.DispatcherServlet        : Completed 200 OK
2025-06-13T05:35:43.683Z DEBUG 5621 --- [risk-assets-api] [io-12000-exec-1] o.s.web.servlet.DispatcherServlet        : GET "/api/assets/1", parameters={}
2025-06-13T05:35:43.683Z DEBUG 5621 --- [risk-assets-api] [io-12000-exec-9] o.s.web.servlet.DispatcherServlet        : GET "/api/assets/risk-level/HIGH", parameters={}
2025-06-13T05:35:43.683Z DEBUG 5621 --- [risk-assets-api] [io-12000-exec-2] o.s.web.servlet.DispatcherServlet        : GET "/api/assets", parameters={}
2025-06-13T05:35:43.683Z DEBUG 5621 --- [risk-assets-api] [io-12000-exec-8] o.s.web.servlet.DispatcherServlet        : GET "/api/assets/risk-summary", parameters={}
2025-06-13T05:35:43.683Z DEBUG 5621 --- [risk-assets-api] [io-12000-exec-8] s.w.s.m.m.a.RequestMappingHandlerMapping : Mapped to com.jpmc.riskassets.controller.RiskAssetController#getRiskSummary()
2025-06-13T05:35:43.683Z DEBUG 5621 --- [risk-assets-api] [io-12000-exec-1] s.w.s.m.m.a.RequestMappingHandlerMapping : Mapped to com.jpmc.riskassets.controller.RiskAssetController#getAssetById(Long)
2025-06-13T05:35:43.683Z DEBUG 5621 --- [risk-assets-api] [io-12000-exec-9] s.w.s.m.m.a.RequestMappingHandlerMapping : Mapped to com.jpmc.riskassets.controller.RiskAssetController#getAssetsByRiskLevel(RiskLevel)
Hibernate: 
    select
        count(*) 
    from
        risk_assets ra1_0
2025-06-13T05:35:43.683Z DEBUG 5621 --- [risk-assets-api] [io-12000-exec-2] s.w.s.m.m.a.RequestMappingHandlerMapping : Mapped to com.jpmc.riskassets.controller.RiskAssetController#getAllAssets()
Hibernate: 
    select
        ra1_0.id,
        ra1_0.created_at,
        ra1_0.description,
        ra1_0.location,
        ra1_0.name,
        ra1_0.owner,
        ra1_0.risk_level,
        ra1_0.risk_score,
        ra1_0.type,
        ra1_0.updated_at,
        ra1_0.asset_value 
    from
        risk_assets ra1_0
Hibernate: 
    select
        ra1_0.id,
        ra1_0.created_at,
        ra1_0.description,
        ra1_0.location,
        ra1_0.name,
        ra1_0.owner,
        ra1_0.risk_level,
        ra1_0.risk_score,
        ra1_0.type,
        ra1_0.updated_at,
        ra1_0.asset_value 
    from
        risk_assets ra1_0 
    where
        ra1_0.id=?
Hibernate: 
    select
        sum(ra1_0.asset_value) 
    from
        risk_assets ra1_0
2025-06-13T05:35:43.685Z DEBUG 5621 --- [risk-assets-api] [io-12000-exec-2] o.s.w.s.m.m.a.HttpEntityMethodProcessor  : Using 'application/json', given [*/*] and supported [application/json, application/*+json]
Hibernate: 
    select
        ra1_0.id,
        ra1_0.created_at,
        ra1_0.description,
        ra1_0.location,
        ra1_0.name,
        ra1_0.owner,
        ra1_0.risk_level,
        ra1_0.risk_score,
        ra1_0.type,
        ra1_0.updated_at,
        ra1_0.asset_value 
    from
        risk_assets ra1_0 
    where
        ra1_0.risk_level=?
2025-06-13T05:35:43.685Z DEBUG 5621 --- [risk-assets-api] [io-12000-exec-2] o.s.w.s.m.m.a.HttpEntityMethodProcessor  : Writing [[com.jpmc.riskassets.model.RiskAsset@504e94a6, com.jpmc.riskassets.model.RiskAsset@17010867, com.jpm (truncated)...]
Hibernate: 
    select
        avg(ra1_0.risk_score) 
    from
        risk_assets ra1_0
2025-06-13T05:35:43.686Z DEBUG 5621 --- [risk-assets-api] [io-12000-exec-9] o.s.w.s.m.m.a.HttpEntityMethodProcessor  : Using 'application/json', given [*/*] and supported [application/json, application/*+json]
2025-06-13T05:35:43.686Z DEBUG 5621 --- [risk-assets-api] [io-12000-exec-9] o.s.w.s.m.m.a.HttpEntityMethodProcessor  : Writing [[com.jpmc.riskassets.model.RiskAsset@5d8bd805, com.jpmc.riskassets.model.RiskAsset@27e8f16e, com.jpm (truncated)...]
2025-06-13T05:35:43.686Z DEBUG 5621 --- [risk-assets-api] [io-12000-exec-9] o.s.web.servlet.DispatcherServlet        : Completed 200 OK
2025-06-13T05:35:43.685Z DEBUG 5621 --- [risk-assets-api] [io-12000-exec-1] o.s.w.s.m.m.a.HttpEntityMethodProcessor  : Using 'application/json', given [*/*] and supported [application/json, application/*+json]
2025-06-13T05:35:43.686Z DEBUG 5621 --- [risk-assets-api] [io-12000-exec-1] o.s.w.s.m.m.a.HttpEntityMethodProcessor  : Writing [com.jpmc.riskassets.model.RiskAsset@43a51e7f]
Hibernate: 
    select
        count(ra1_0.id) 
    from
        risk_assets ra1_0 
    where
        ra1_0.risk_level=?
2025-06-13T05:35:43.686Z DEBUG 5621 --- [risk-assets-api] [io-12000-exec-1] o.s.web.servlet.DispatcherServlet        : Completed 200 OK
2025-06-13T05:35:43.686Z DEBUG 5621 --- [risk-assets-api] [io-12000-exec-2] o.s.web.servlet.DispatcherServlet        : Completed 200 OK
Hibernate: 
    select
        count(ra1_0.id) 
    from
        risk_assets ra1_0 
    where
        ra1_0.risk_level=?
Hibernate: 
    select
        count(ra1_0.id) 
    from
        risk_assets ra1_0 
    where
        ra1_0.risk_level=?
Hibernate: 
    select
        count(ra1_0.id) 
    from
        risk_assets ra1_0 
    where
        ra1_0.risk_level=?
2025-06-13T05:35:43.688Z DEBUG 5621 --- [risk-assets-api] [io-12000-exec-8] o.s.w.s.m.m.a.HttpEntityMethodProcessor  : Using 'application/json', given [*/*] and supported [application/json, application/*+json]
2025-06-13T05:35:43.688Z DEBUG 5621 --- [risk-assets-api] [io-12000-exec-8] o.s.w.s.m.m.a.HttpEntityMethodProcessor  : Writing [com.jpmc.riskassets.model.RiskSummary@40522399]
2025-06-13T05:35:43.688Z DEBUG 5621 --- [risk-assets-api] [io-12000-exec-8] o.s.web.servlet.DispatcherServlet        : Completed 200 OK
2025-06-13T05:35:43.786Z DEBUG 5621 --- [risk-assets-api] [io-12000-exec-3] o.s.web.servlet.DispatcherServlet        : GET "/api/assets", parameters={}
2025-06-13T05:35:43.786Z DEBUG 5621 --- [risk-assets-api] [io-12000-exec-3] s.w.s.m.m.a.RequestMappingHandlerMapping : Mapped to com.jpmc.riskassets.controller.RiskAssetController#getAllAssets()
Hibernate: 
    select
        ra1_0.id,
        ra1_0.created_at,
        ra1_0.description,
        ra1_0.location,
        ra1_0.name,
        ra1_0.owner,
        ra1_0.risk_level,
        ra1_0.risk_score,
        ra1_0.type,
        ra1_0.updated_at,
        ra1_0.asset_value 
    from
        risk_assets ra1_0
2025-06-13T05:35:43.788Z DEBUG 5621 --- [risk-assets-api] [io-12000-exec-3] o.s.w.s.m.m.a.HttpEntityMethodProcessor  : Using 'application/json', given [*/*] and supported [application/json, application/*+json]
2025-06-13T05:35:43.788Z DEBUG 5621 --- [risk-assets-api] [io-12000-exec-3] o.s.w.s.m.m.a.HttpEntityMethodProcessor  : Writing [[com.jpmc.riskassets.model.RiskAsset@1f0eedd0, com.jpmc.riskassets.model.RiskAsset@4770b516, com.jpm (truncated)...]
2025-06-13T05:35:43.789Z DEBUG 5621 --- [risk-assets-api] [io-12000-exec-7] o.s.web.servlet.DispatcherServlet        : GET "/api/assets/risk-summary", parameters={}
2025-06-13T05:35:43.789Z DEBUG 5621 --- [risk-assets-api] [io-12000-exec-9] o.s.web.servlet.DispatcherServlet        : GET "/api/assets/risk-level/HIGH", parameters={}
2025-06-13T05:35:43.789Z DEBUG 5621 --- [risk-assets-api] [io-12000-exec-7] s.w.s.m.m.a.RequestMappingHandlerMapping : Mapped to com.jpmc.riskassets.controller.RiskAssetController#getRiskSummary()
2025-06-13T05:35:43.789Z DEBUG 5621 --- [risk-assets-api] [io-12000-exec-9] s.w.s.m.m.a.RequestMappingHandlerMapping : Mapped to com.jpmc.riskassets.controller.RiskAssetController#getAssetsByRiskLevel(RiskLevel)
2025-06-13T05:35:43.789Z DEBUG 5621 --- [risk-assets-api] [io-12000-exec-3] o.s.web.servlet.DispatcherServlet        : Completed 200 OK
Hibernate: 
    select
        count(*) 
    from
        risk_assets ra1_0
Hibernate: 
    select
        ra1_0.id,
        ra1_0.created_at,
        ra1_0.description,
        ra1_0.location,
        ra1_0.name,
        ra1_0.owner,
        ra1_0.risk_level,
        ra1_0.risk_score,
        ra1_0.type,
        ra1_0.updated_at,
        ra1_0.asset_value 
    from
        risk_assets ra1_0 
    where
        ra1_0.risk_level=?
Hibernate: 
    select
        sum(ra1_0.asset_value) 
    from
        risk_assets ra1_0
2025-06-13T05:35:43.791Z DEBUG 5621 --- [risk-assets-api] [io-12000-exec-9] o.s.w.s.m.m.a.HttpEntityMethodProcessor  : Using 'application/json', given [*/*] and supported [application/json, application/*+json]
2025-06-13T05:35:43.791Z DEBUG 5621 --- [risk-assets-api] [io-12000-exec-9] o.s.w.s.m.m.a.HttpEntityMethodProcessor  : Writing [[com.jpmc.riskassets.model.RiskAsset@70aca12e, com.jpmc.riskassets.model.RiskAsset@3ac23889, com.jpm (truncated)...]
Hibernate: 
    select
        avg(ra1_0.risk_score) 
    from
        risk_assets ra1_0
2025-06-13T05:35:43.791Z DEBUG 5621 --- [risk-assets-api] [io-12000-exec-9] o.s.web.servlet.DispatcherServlet        : Completed 200 OK
Hibernate: 
    select
        count(ra1_0.id) 
    from
        risk_assets ra1_0 
    where
        ra1_0.risk_level=?
2025-06-13T05:35:43.789Z DEBUG 5621 --- [risk-assets-api] [io-12000-exec-1] o.s.web.servlet.DispatcherServlet        : GET "/api/assets/1", parameters={}
2025-06-13T05:35:43.791Z DEBUG 5621 --- [risk-assets-api] [io-12000-exec-1] s.w.s.m.m.a.RequestMappingHandlerMapping : Mapped to com.jpmc.riskassets.controller.RiskAssetController#getAssetById(Long)
Hibernate: 
    select
        count(ra1_0.id) 
    from
        risk_assets ra1_0 
    where
        ra1_0.risk_level=?
Hibernate: 
    select
        ra1_0.id,
        ra1_0.created_at,
        ra1_0.description,
        ra1_0.location,
        ra1_0.name,
        ra1_0.owner,
        ra1_0.risk_level,
        ra1_0.risk_score,
        ra1_0.type,
        ra1_0.updated_at,
        ra1_0.asset_value 
    from
        risk_assets ra1_0 
    where
        ra1_0.id=?
2025-06-13T05:35:43.792Z DEBUG 5621 --- [risk-assets-api] [io-12000-exec-1] o.s.w.s.m.m.a.HttpEntityMethodProcessor  : Using 'application/json', given [*/*] and supported [application/json, application/*+json]
2025-06-13T05:35:43.792Z DEBUG 5621 --- [risk-assets-api] [io-12000-exec-1] o.s.w.s.m.m.a.HttpEntityMethodProcessor  : Writing [com.jpmc.riskassets.model.RiskAsset@340a490e]
Hibernate: 
    select
        count(ra1_0.id) 
    from
        risk_assets ra1_0 
    where
        ra1_0.risk_level=?
2025-06-13T05:35:43.793Z DEBUG 5621 --- [risk-assets-api] [io-12000-exec-1] o.s.web.servlet.DispatcherServlet        : Completed 200 OK
Hibernate: 
    select
        count(ra1_0.id) 
    from
        risk_assets ra1_0 
    where
        ra1_0.risk_level=?
2025-06-13T05:35:43.793Z DEBUG 5621 --- [risk-assets-api] [io-12000-exec-7] o.s.w.s.m.m.a.HttpEntityMethodProcessor  : Using 'application/json', given [*/*] and supported [application/json, application/*+json]
2025-06-13T05:35:43.793Z DEBUG 5621 --- [risk-assets-api] [io-12000-exec-7] o.s.w.s.m.m.a.HttpEntityMethodProcessor  : Writing [com.jpmc.riskassets.model.RiskSummary@634b7707]
2025-06-13T05:35:43.793Z DEBUG 5621 --- [risk-assets-api] [io-12000-exec-7] o.s.web.servlet.DispatcherServlet        : Completed 200 OK
2025-06-13T05:35:43.888Z DEBUG 5621 --- [risk-assets-api] [io-12000-exec-4] o.s.web.servlet.DispatcherServlet        : GET "/api/assets/1", parameters={}
2025-06-13T05:35:43.888Z DEBUG 5621 --- [risk-assets-api] [io-12000-exec-9] o.s.web.servlet.DispatcherServlet        : GET "/api/assets", parameters={}
2025-06-13T05:35:43.888Z DEBUG 5621 --- [risk-assets-api] [io-12000-exec-3] o.s.web.servlet.DispatcherServlet        : GET "/api/assets/risk-level/HIGH", parameters={}
2025-06-13T05:35:43.888Z DEBUG 5621 --- [risk-assets-api] [io-12000-exec-3] s.w.s.m.m.a.RequestMappingHandlerMapping : Mapped to com.jpmc.riskassets.controller.RiskAssetController#getAssetsByRiskLevel(RiskLevel)
2025-06-13T05:35:43.889Z DEBUG 5621 --- [risk-assets-api] [o-12000-exec-10] o.s.web.servlet.DispatcherServlet        : GET "/api/assets/risk-summary", parameters={}
2025-06-13T05:35:43.889Z DEBUG 5621 --- [risk-assets-api] [o-12000-exec-10] s.w.s.m.m.a.RequestMappingHandlerMapping : Mapped to com.jpmc.riskassets.controller.RiskAssetController#getRiskSummary()
Hibernate: 
    select
        count(*) 
    from
        risk_assets ra1_0
2025-06-13T05:35:43.889Z DEBUG 5621 --- [risk-assets-api] [io-12000-exec-9] s.w.s.m.m.a.RequestMappingHandlerMapping : Mapped to com.jpmc.riskassets.controller.RiskAssetController#getAllAssets()
Hibernate: 
    select
        ra1_0.id,
        ra1_0.created_at,
        ra1_0.description,
        ra1_0.location,
        ra1_0.name,
        ra1_0.owner,
        ra1_0.risk_level,
        ra1_0.risk_score,
        ra1_0.type,
        ra1_0.updated_at,
        ra1_0.asset_value 
    from
        risk_assets ra1_0 
    where
        ra1_0.risk_level=?
Hibernate: 
    select
        ra1_0.id,
        ra1_0.created_at,
        ra1_0.description,
        ra1_0.location,
        ra1_0.name,
        ra1_0.owner,
        ra1_0.risk_level,
        ra1_0.risk_score,
        ra1_0.type,
        ra1_0.updated_at,
        ra1_0.asset_value 
    from
        risk_assets ra1_0
Hibernate: 
    select
        sum(ra1_0.asset_value) 
    from
        risk_assets ra1_0
2025-06-13T05:35:43.890Z DEBUG 5621 --- [risk-assets-api] [io-12000-exec-3] o.s.w.s.m.m.a.HttpEntityMethodProcessor  : Using 'application/json', given [*/*] and supported [application/json, application/*+json]
2025-06-13T05:35:43.891Z DEBUG 5621 --- [risk-assets-api] [io-12000-exec-9] o.s.w.s.m.m.a.HttpEntityMethodProcessor  : Using 'application/json', given [*/*] and supported [application/json, application/*+json]
2025-06-13T05:35:43.891Z DEBUG 5621 --- [risk-assets-api] [io-12000-exec-3] o.s.w.s.m.m.a.HttpEntityMethodProcessor  : Writing [[com.jpmc.riskassets.model.RiskAsset@2f32514d, com.jpmc.riskassets.model.RiskAsset@957e805, com.jpmc (truncated)...]
2025-06-13T05:35:43.891Z DEBUG 5621 --- [risk-assets-api] [io-12000-exec-9] o.s.w.s.m.m.a.HttpEntityMethodProcessor  : Writing [[com.jpmc.riskassets.model.RiskAsset@111a31cd, com.jpmc.riskassets.model.RiskAsset@2eaae197, com.jpm (truncated)...]
Hibernate: 
    select
        avg(ra1_0.risk_score) 
    from
        risk_assets ra1_0
2025-06-13T05:35:43.891Z DEBUG 5621 --- [risk-assets-api] [io-12000-exec-3] o.s.web.servlet.DispatcherServlet        : Completed 200 OK
2025-06-13T05:35:43.888Z DEBUG 5621 --- [risk-assets-api] [io-12000-exec-4] s.w.s.m.m.a.RequestMappingHandlerMapping : Mapped to com.jpmc.riskassets.controller.RiskAssetController#getAssetById(Long)
Hibernate: 
    select
        count(ra1_0.id) 
    from
        risk_assets ra1_0 
    where
        ra1_0.risk_level=?
Hibernate: 
    select
        ra1_0.id,
        ra1_0.created_at,
        ra1_0.description,
        ra1_0.location,
        ra1_0.name,
        ra1_0.owner,
        ra1_0.risk_level,
        ra1_0.risk_score,
        ra1_0.type,
        ra1_0.updated_at,
        ra1_0.asset_value 
    from
        risk_assets ra1_0 
    where
        ra1_0.id=?
Hibernate: 
    select
        count(ra1_0.id) 
    from
        risk_assets ra1_0 
    where
        ra1_0.risk_level=?
2025-06-13T05:35:43.892Z DEBUG 5621 --- [risk-assets-api] [io-12000-exec-4] o.s.w.s.m.m.a.HttpEntityMethodProcessor  : Using 'application/json', given [*/*] and supported [application/json, application/*+json]
2025-06-13T05:35:43.892Z DEBUG 5621 --- [risk-assets-api] [io-12000-exec-4] o.s.w.s.m.m.a.HttpEntityMethodProcessor  : Writing [com.jpmc.riskassets.model.RiskAsset@36b7bf76]
2025-06-13T05:35:43.892Z DEBUG 5621 --- [risk-assets-api] [io-12000-exec-4] o.s.web.servlet.DispatcherServlet        : Completed 200 OK
Hibernate: 
    select
        count(ra1_0.id) 
    from
        risk_assets ra1_0 
    where
        ra1_0.risk_level=?
2025-06-13T05:35:43.891Z DEBUG 5621 --- [risk-assets-api] [io-12000-exec-9] o.s.web.servlet.DispatcherServlet        : Completed 200 OK
Hibernate: 
    select
        count(ra1_0.id) 
    from
        risk_assets ra1_0 
    where
        ra1_0.risk_level=?
2025-06-13T05:35:43.893Z DEBUG 5621 --- [risk-assets-api] [o-12000-exec-10] o.s.w.s.m.m.a.HttpEntityMethodProcessor  : Using 'application/json', given [*/*] and supported [application/json, application/*+json]
2025-06-13T05:35:43.894Z DEBUG 5621 --- [risk-assets-api] [o-12000-exec-10] o.s.w.s.m.m.a.HttpEntityMethodProcessor  : Writing [com.jpmc.riskassets.model.RiskSummary@7aa2fa69]
2025-06-13T05:35:43.894Z DEBUG 5621 --- [risk-assets-api] [o-12000-exec-10] o.s.web.servlet.DispatcherServlet        : Completed 200 OK
2025-06-13T05:35:43.991Z DEBUG 5621 --- [risk-assets-api] [io-12000-exec-8] o.s.web.servlet.DispatcherServlet        : GET "/api/assets/1", parameters={}
2025-06-13T05:35:43.991Z DEBUG 5621 --- [risk-assets-api] [io-12000-exec-8] s.w.s.m.m.a.RequestMappingHandlerMapping : Mapped to com.jpmc.riskassets.controller.RiskAssetController#getAssetById(Long)
2025-06-13T05:35:43.992Z DEBUG 5621 --- [risk-assets-api] [io-12000-exec-6] o.s.web.servlet.DispatcherServlet        : GET "/api/assets/risk-summary", parameters={}
2025-06-13T05:35:43.992Z DEBUG 5621 --- [risk-assets-api] [io-12000-exec-3] o.s.web.servlet.DispatcherServlet        : GET "/api/assets/risk-level/HIGH", parameters={}
2025-06-13T05:35:43.992Z DEBUG 5621 --- [risk-assets-api] [io-12000-exec-6] s.w.s.m.m.a.RequestMappingHandlerMapping : Mapped to com.jpmc.riskassets.controller.RiskAssetController#getRiskSummary()
2025-06-13T05:35:43.992Z DEBUG 5621 --- [risk-assets-api] [io-12000-exec-3] s.w.s.m.m.a.RequestMappingHandlerMapping : Mapped to com.jpmc.riskassets.controller.RiskAssetController#getAssetsByRiskLevel(RiskLevel)
Hibernate: 
    select
        ra1_0.id,
        ra1_0.created_at,
        ra1_0.description,
        ra1_0.location,
        ra1_0.name,
        ra1_0.owner,
        ra1_0.risk_level,
        ra1_0.risk_score,
        ra1_0.type,
        ra1_0.updated_at,
        ra1_0.asset_value 
    from
        risk_assets ra1_0 
    where
        ra1_0.id=?
Hibernate: 
    select
        count(*) 
    from
        risk_assets ra1_0
2025-06-13T05:35:43.993Z DEBUG 5621 --- [risk-assets-api] [io-12000-exec-8] o.s.w.s.m.m.a.HttpEntityMethodProcessor  : Using 'application/json', given [*/*] and supported [application/json, application/*+json]
2025-06-13T05:35:43.993Z DEBUG 5621 --- [risk-assets-api] [io-12000-exec-8] o.s.w.s.m.m.a.HttpEntityMethodProcessor  : Writing [com.jpmc.riskassets.model.RiskAsset@3c588613]
Hibernate: 
    select
        ra1_0.id,
        ra1_0.created_at,
        ra1_0.description,
        ra1_0.location,
        ra1_0.name,
        ra1_0.owner,
        ra1_0.risk_level,
        ra1_0.risk_score,
        ra1_0.type,
        ra1_0.updated_at,
        ra1_0.asset_value 
    from
        risk_assets ra1_0 
    where
        ra1_0.risk_level=?
2025-06-13T05:35:43.993Z DEBUG 5621 --- [risk-assets-api] [io-12000-exec-8] o.s.web.servlet.DispatcherServlet        : Completed 200 OK
Hibernate: 
    select
        sum(ra1_0.asset_value) 
    from
        risk_assets ra1_0
2025-06-13T05:35:43.994Z DEBUG 5621 --- [risk-assets-api] [io-12000-exec-3] o.s.w.s.m.m.a.HttpEntityMethodProcessor  : Using 'application/json', given [*/*] and supported [application/json, application/*+json]
2025-06-13T05:35:43.994Z DEBUG 5621 --- [risk-assets-api] [io-12000-exec-3] o.s.w.s.m.m.a.HttpEntityMethodProcessor  : Writing [[com.jpmc.riskassets.model.RiskAsset@629b2c2, com.jpmc.riskassets.model.RiskAsset@354bcdd5, com.jpmc (truncated)...]
2025-06-13T05:35:43.994Z DEBUG 5621 --- [risk-assets-api] [io-12000-exec-3] o.s.web.servlet.DispatcherServlet        : Completed 200 OK
Hibernate: 
    select
        avg(ra1_0.risk_score) 
    from
        risk_assets ra1_0
Hibernate: 
    select
        count(ra1_0.id) 
    from
        risk_assets ra1_0 
    where
        ra1_0.risk_level=?
Hibernate: 
    select
        count(ra1_0.id) 
    from
        risk_assets ra1_0 
    where
        ra1_0.risk_level=?
Hibernate: 
    select
        count(ra1_0.id) 
    from
        risk_assets ra1_0 
    where
        ra1_0.risk_level=?
2025-06-13T05:35:43.997Z DEBUG 5621 --- [risk-assets-api] [io-12000-exec-5] o.s.web.servlet.DispatcherServlet        : GET "/api/assets", parameters={}
2025-06-13T05:35:43.997Z DEBUG 5621 --- [risk-assets-api] [io-12000-exec-5] s.w.s.m.m.a.RequestMappingHandlerMapping : Mapped to com.jpmc.riskassets.controller.RiskAssetController#getAllAssets()
Hibernate: 
    select
        count(ra1_0.id) 
    from
        risk_assets ra1_0 
    where
        ra1_0.risk_level=?
2025-06-13T05:35:43.997Z DEBUG 5621 --- [risk-assets-api] [io-12000-exec-6] o.s.w.s.m.m.a.HttpEntityMethodProcessor  : Using 'application/json', given [*/*] and supported [application/json, application/*+json]
2025-06-13T05:35:43.998Z DEBUG 5621 --- [risk-assets-api] [io-12000-exec-6] o.s.w.s.m.m.a.HttpEntityMethodProcessor  : Writing [com.jpmc.riskassets.model.RiskSummary@5beabcbb]
Hibernate: 
    select
        ra1_0.id,
        ra1_0.created_at,
        ra1_0.description,
        ra1_0.location,
        ra1_0.name,
        ra1_0.owner,
        ra1_0.risk_level,
        ra1_0.risk_score,
        ra1_0.type,
        ra1_0.updated_at,
        ra1_0.asset_value 
    from
        risk_assets ra1_0
2025-06-13T05:35:43.998Z DEBUG 5621 --- [risk-assets-api] [io-12000-exec-6] o.s.web.servlet.DispatcherServlet        : Completed 200 OK
2025-06-13T05:35:43.998Z DEBUG 5621 --- [risk-assets-api] [io-12000-exec-5] o.s.w.s.m.m.a.HttpEntityMethodProcessor  : Using 'application/json', given [*/*] and supported [application/json, application/*+json]
2025-06-13T05:35:43.998Z DEBUG 5621 --- [risk-assets-api] [io-12000-exec-5] o.s.w.s.m.m.a.HttpEntityMethodProcessor  : Writing [[com.jpmc.riskassets.model.RiskAsset@7d0a6614, com.jpmc.riskassets.model.RiskAsset@7f84181c, com.jpm (truncated)...]
2025-06-13T05:35:43.999Z DEBUG 5621 --- [risk-assets-api] [io-12000-exec-5] o.s.web.servlet.DispatcherServlet        : Completed 200 OK
2025-06-13T05:35:44.093Z DEBUG 5621 --- [risk-assets-api] [io-12000-exec-4] o.s.web.servlet.DispatcherServlet        : GET "/api/assets/risk-level/HIGH", parameters={}
2025-06-13T05:35:44.093Z DEBUG 5621 --- [risk-assets-api] [o-12000-exec-10] o.s.web.servlet.DispatcherServlet        : GET "/api/assets", parameters={}
2025-06-13T05:35:44.094Z DEBUG 5621 --- [risk-assets-api] [o-12000-exec-10] s.w.s.m.m.a.RequestMappingHandlerMapping : Mapped to com.jpmc.riskassets.controller.RiskAssetController#getAllAssets()
2025-06-13T05:35:44.094Z DEBUG 5621 --- [risk-assets-api] [io-12000-exec-4] s.w.s.m.m.a.RequestMappingHandlerMapping : Mapped to com.jpmc.riskassets.controller.RiskAssetController#getAssetsByRiskLevel(RiskLevel)
2025-06-13T05:35:44.093Z DEBUG 5621 --- [risk-assets-api] [io-12000-exec-8] o.s.web.servlet.DispatcherServlet        : GET "/api/assets/risk-summary", parameters={}
2025-06-13T05:35:44.094Z DEBUG 5621 --- [risk-assets-api] [io-12000-exec-8] s.w.s.m.m.a.RequestMappingHandlerMapping : Mapped to com.jpmc.riskassets.controller.RiskAssetController#getRiskSummary()
Hibernate: 
    select
        ra1_0.id,
        ra1_0.created_at,
        ra1_0.description,
        ra1_0.location,
        ra1_0.name,
        ra1_0.owner,
        ra1_0.risk_level,
        ra1_0.risk_score,
        ra1_0.type,
        ra1_0.updated_at,
        ra1_0.asset_value 
    from
        risk_assets ra1_0
Hibernate: 
    select
        ra1_0.id,
        ra1_0.created_at,
        ra1_0.description,
        ra1_0.location,
        ra1_0.name,
        ra1_0.owner,
        ra1_0.risk_level,
        ra1_0.risk_score,
        ra1_0.type,
        ra1_0.updated_at,
        ra1_0.asset_value 
    from
        risk_assets ra1_0 
    where
        ra1_0.risk_level=?
Hibernate: 
    select
        count(*) 
    from
        risk_assets ra1_0
2025-06-13T05:35:44.095Z DEBUG 5621 --- [risk-assets-api] [o-12000-exec-10] o.s.w.s.m.m.a.HttpEntityMethodProcessor  : Using 'application/json', given [*/*] and supported [application/json, application/*+json]
2025-06-13T05:35:44.095Z DEBUG 5621 --- [risk-assets-api] [o-12000-exec-10] o.s.w.s.m.m.a.HttpEntityMethodProcessor  : Writing [[com.jpmc.riskassets.model.RiskAsset@3fdc6fc8, com.jpmc.riskassets.model.RiskAsset@771cb445, com.jpm (truncated)...]
2025-06-13T05:35:44.096Z DEBUG 5621 --- [risk-assets-api] [io-12000-exec-7] o.s.web.servlet.DispatcherServlet        : GET "/api/assets/1", parameters={}
Hibernate: 
    select
        sum(ra1_0.asset_value) 
    from
        risk_assets ra1_0
2025-06-13T05:35:44.096Z DEBUG 5621 --- [risk-assets-api] [io-12000-exec-7] s.w.s.m.m.a.RequestMappingHandlerMapping : Mapped to com.jpmc.riskassets.controller.RiskAssetController#getAssetById(Long)
2025-06-13T05:35:44.096Z DEBUG 5621 --- [risk-assets-api] [o-12000-exec-10] o.s.web.servlet.DispatcherServlet        : Completed 200 OK
2025-06-13T05:35:44.095Z DEBUG 5621 --- [risk-assets-api] [io-12000-exec-4] o.s.w.s.m.m.a.HttpEntityMethodProcessor  : Using 'application/json', given [*/*] and supported [application/json, application/*+json]
2025-06-13T05:35:44.096Z DEBUG 5621 --- [risk-assets-api] [io-12000-exec-4] o.s.w.s.m.m.a.HttpEntityMethodProcessor  : Writing [[com.jpmc.riskassets.model.RiskAsset@278386af, com.jpmc.riskassets.model.RiskAsset@487376c0, com.jpm (truncated)...]
Hibernate: 
    select
        ra1_0.id,
        ra1_0.created_at,
        ra1_0.description,
        ra1_0.location,
        ra1_0.name,
        ra1_0.owner,
        ra1_0.risk_level,
        ra1_0.risk_score,
        ra1_0.type,
        ra1_0.updated_at,
        ra1_0.asset_value 
    from
        risk_assets ra1_0 
    where
        ra1_0.id=?
2025-06-13T05:35:44.097Z DEBUG 5621 --- [risk-assets-api] [io-12000-exec-4] o.s.web.servlet.DispatcherServlet        : Completed 200 OK
2025-06-13T05:35:44.097Z DEBUG 5621 --- [risk-assets-api] [io-12000-exec-7] o.s.w.s.m.m.a.HttpEntityMethodProcessor  : Using 'application/json', given [*/*] and supported [application/json, application/*+json]
2025-06-13T05:35:44.097Z DEBUG 5621 --- [risk-assets-api] [io-12000-exec-7] o.s.w.s.m.m.a.HttpEntityMethodProcessor  : Writing [com.jpmc.riskassets.model.RiskAsset@163a9b2b]
Hibernate: 
    select
        avg(ra1_0.risk_score) 
    from
        risk_assets ra1_0
2025-06-13T05:35:44.097Z DEBUG 5621 --- [risk-assets-api] [io-12000-exec-7] o.s.web.servlet.DispatcherServlet        : Completed 200 OK
Hibernate: 
    select
        count(ra1_0.id) 
    from
        risk_assets ra1_0 
    where
        ra1_0.risk_level=?
Hibernate: 
    select
        count(ra1_0.id) 
    from
        risk_assets ra1_0 
    where
        ra1_0.risk_level=?
Hibernate: 
    select
        count(ra1_0.id) 
    from
        risk_assets ra1_0 
    where
        ra1_0.risk_level=?
Hibernate: 
    select
        count(ra1_0.id) 
    from
        risk_assets ra1_0 
    where
        ra1_0.risk_level=?
2025-06-13T05:35:44.100Z DEBUG 5621 --- [risk-assets-api] [io-12000-exec-8] o.s.w.s.m.m.a.HttpEntityMethodProcessor  : Using 'application/json', given [*/*] and supported [application/json, application/*+json]
2025-06-13T05:35:44.100Z DEBUG 5621 --- [risk-assets-api] [io-12000-exec-8] o.s.w.s.m.m.a.HttpEntityMethodProcessor  : Writing [com.jpmc.riskassets.model.RiskSummary@2ba40d42]
2025-06-13T05:35:44.100Z DEBUG 5621 --- [risk-assets-api] [io-12000-exec-8] o.s.web.servlet.DispatcherServlet        : Completed 200 OK
2025-06-13T05:35:44.195Z DEBUG 5621 --- [risk-assets-api] [io-12000-exec-2] o.s.web.servlet.DispatcherServlet        : GET "/api/assets/1", parameters={}
2025-06-13T05:35:44.195Z DEBUG 5621 --- [risk-assets-api] [io-12000-exec-1] o.s.web.servlet.DispatcherServlet        : GET "/api/assets", parameters={}
2025-06-13T05:35:44.196Z DEBUG 5621 --- [risk-assets-api] [io-12000-exec-1] s.w.s.m.m.a.RequestMappingHandlerMapping : Mapped to com.jpmc.riskassets.controller.RiskAssetController#getAllAssets()
2025-06-13T05:35:44.196Z DEBUG 5621 --- [risk-assets-api] [io-12000-exec-4] o.s.web.servlet.DispatcherServlet        : GET "/api/assets/risk-level/HIGH", parameters={}
2025-06-13T05:35:44.196Z DEBUG 5621 --- [risk-assets-api] [io-12000-exec-4] s.w.s.m.m.a.RequestMappingHandlerMapping : Mapped to com.jpmc.riskassets.controller.RiskAssetController#getAssetsByRiskLevel(RiskLevel)
Hibernate: 
    select
        ra1_0.id,
        ra1_0.created_at,
        ra1_0.description,
        ra1_0.location,
        ra1_0.name,
        ra1_0.owner,
        ra1_0.risk_level,
        ra1_0.risk_score,
        ra1_0.type,
        ra1_0.updated_at,
        ra1_0.asset_value 
    from
        risk_assets ra1_0
Hibernate: 
    select
        ra1_0.id,
        ra1_0.created_at,
        ra1_0.description,
        ra1_0.location,
        ra1_0.name,
        ra1_0.owner,
        ra1_0.risk_level,
        ra1_0.risk_score,
        ra1_0.type,
        ra1_0.updated_at,
        ra1_0.asset_value 
    from
        risk_assets ra1_0 
    where
        ra1_0.risk_level=?
2025-06-13T05:35:44.198Z DEBUG 5621 --- [risk-assets-api] [io-12000-exec-4] o.s.w.s.m.m.a.HttpEntityMethodProcessor  : Using 'application/json', given [*/*] and supported [application/json, application/*+json]
2025-06-13T05:35:44.198Z DEBUG 5621 --- [risk-assets-api] [io-12000-exec-1] o.s.w.s.m.m.a.HttpEntityMethodProcessor  : Using 'application/json', given [*/*] and supported [application/json, application/*+json]
2025-06-13T05:35:44.198Z DEBUG 5621 --- [risk-assets-api] [io-12000-exec-4] o.s.w.s.m.m.a.HttpEntityMethodProcessor  : Writing [[com.jpmc.riskassets.model.RiskAsset@15eb5b21, com.jpmc.riskassets.model.RiskAsset@7a4248ed, com.jpm (truncated)...]
2025-06-13T05:35:44.198Z DEBUG 5621 --- [risk-assets-api] [io-12000-exec-1] o.s.w.s.m.m.a.HttpEntityMethodProcessor  : Writing [[com.jpmc.riskassets.model.RiskAsset@187c5d70, com.jpmc.riskassets.model.RiskAsset@3d69f48d, com.jpm (truncated)...]
2025-06-13T05:35:44.198Z DEBUG 5621 --- [risk-assets-api] [io-12000-exec-4] o.s.web.servlet.DispatcherServlet        : Completed 200 OK
2025-06-13T05:35:44.195Z DEBUG 5621 --- [risk-assets-api] [o-12000-exec-10] o.s.web.servlet.DispatcherServlet        : GET "/api/assets/risk-summary", parameters={}
2025-06-13T05:35:44.196Z DEBUG 5621 --- [risk-assets-api] [io-12000-exec-2] s.w.s.m.m.a.RequestMappingHandlerMapping : Mapped to com.jpmc.riskassets.controller.RiskAssetController#getAssetById(Long)
2025-06-13T05:35:44.200Z DEBUG 5621 --- [risk-assets-api] [o-12000-exec-10] s.w.s.m.m.a.RequestMappingHandlerMapping : Mapped to com.jpmc.riskassets.controller.RiskAssetController#getRiskSummary()
Hibernate: 
    select
        count(*) 
    from
        risk_assets ra1_0
2025-06-13T05:35:44.198Z DEBUG 5621 --- [risk-assets-api] [io-12000-exec-1] o.s.web.servlet.DispatcherServlet        : Completed 200 OK
Hibernate: 
    select
        ra1_0.id,
        ra1_0.created_at,
        ra1_0.description,
        ra1_0.location,
        ra1_0.name,
        ra1_0.owner,
        ra1_0.risk_level,
        ra1_0.risk_score,
        ra1_0.type,
        ra1_0.updated_at,
        ra1_0.asset_value 
    from
        risk_assets ra1_0 
    where
        ra1_0.id=?
2025-06-13T05:35:44.201Z DEBUG 5621 --- [risk-assets-api] [io-12000-exec-2] o.s.w.s.m.m.a.HttpEntityMethodProcessor  : Using 'application/json', given [*/*] and supported [application/json, application/*+json]
2025-06-13T05:35:44.201Z DEBUG 5621 --- [risk-assets-api] [io-12000-exec-2] o.s.w.s.m.m.a.HttpEntityMethodProcessor  : Writing [com.jpmc.riskassets.model.RiskAsset@314eb282]
Hibernate: 
    select
        sum(ra1_0.asset_value) 
    from
        risk_assets ra1_0
2025-06-13T05:35:44.201Z DEBUG 5621 --- [risk-assets-api] [io-12000-exec-2] o.s.web.servlet.DispatcherServlet        : Completed 200 OK
Hibernate: 
    select
        avg(ra1_0.risk_score) 
    from
        risk_assets ra1_0
Hibernate: 
    select
        count(ra1_0.id) 
    from
        risk_assets ra1_0 
    where
        ra1_0.risk_level=?
Hibernate: 
    select
        count(ra1_0.id) 
    from
        risk_assets ra1_0 
    where
        ra1_0.risk_level=?
Hibernate: 
    select
        count(ra1_0.id) 
    from
        risk_assets ra1_0 
    where
        ra1_0.risk_level=?
Hibernate: 
    select
        count(ra1_0.id) 
    from
        risk_assets ra1_0 
    where
        ra1_0.risk_level=?
2025-06-13T05:35:44.204Z DEBUG 5621 --- [risk-assets-api] [o-12000-exec-10] o.s.w.s.m.m.a.HttpEntityMethodProcessor  : Using 'application/json', given [*/*] and supported [application/json, application/*+json]
2025-06-13T05:35:44.204Z DEBUG 5621 --- [risk-assets-api] [o-12000-exec-10] o.s.w.s.m.m.a.HttpEntityMethodProcessor  : Writing [com.jpmc.riskassets.model.RiskSummary@10f5f8e7]
2025-06-13T05:35:44.204Z DEBUG 5621 --- [risk-assets-api] [o-12000-exec-10] o.s.web.servlet.DispatcherServlet        : Completed 200 OK
2025-06-13T05:35:44.298Z DEBUG 5621 --- [risk-assets-api] [io-12000-exec-5] o.s.web.servlet.DispatcherServlet        : GET "/api/assets/risk-summary", parameters={}
2025-06-13T05:35:44.298Z DEBUG 5621 --- [risk-assets-api] [io-12000-exec-6] o.s.web.servlet.DispatcherServlet        : GET "/api/assets", parameters={}
2025-06-13T05:35:44.298Z DEBUG 5621 --- [risk-assets-api] [io-12000-exec-5] s.w.s.m.m.a.RequestMappingHandlerMapping : Mapped to com.jpmc.riskassets.controller.RiskAssetController#getRiskSummary()
2025-06-13T05:35:44.298Z DEBUG 5621 --- [risk-assets-api] [io-12000-exec-4] o.s.web.servlet.DispatcherServlet        : GET "/api/assets/1", parameters={}
2025-06-13T05:35:44.298Z DEBUG 5621 --- [risk-assets-api] [io-12000-exec-4] s.w.s.m.m.a.RequestMappingHandlerMapping : Mapped to com.jpmc.riskassets.controller.RiskAssetController#getAssetById(Long)
2025-06-13T05:35:44.298Z DEBUG 5621 --- [risk-assets-api] [io-12000-exec-6] s.w.s.m.m.a.RequestMappingHandlerMapping : Mapped to com.jpmc.riskassets.controller.RiskAssetController#getAllAssets()
2025-06-13T05:35:44.298Z DEBUG 5621 --- [risk-assets-api] [io-12000-exec-7] o.s.web.servlet.DispatcherServlet        : GET "/api/assets/risk-level/HIGH", parameters={}
2025-06-13T05:35:44.298Z DEBUG 5621 --- [risk-assets-api] [io-12000-exec-7] s.w.s.m.m.a.RequestMappingHandlerMapping : Mapped to com.jpmc.riskassets.controller.RiskAssetController#getAssetsByRiskLevel(RiskLevel)
Hibernate: 
    select
        count(*) 
    from
        risk_assets ra1_0
Hibernate: 
    select
        ra1_0.id,
        ra1_0.created_at,
        ra1_0.description,
        ra1_0.location,
        ra1_0.name,
        ra1_0.owner,
        ra1_0.risk_level,
        ra1_0.risk_score,
        ra1_0.type,
        ra1_0.updated_at,
        ra1_0.asset_value 
    from
        risk_assets ra1_0 
    where
        ra1_0.id=?
2025-06-13T05:35:44.299Z DEBUG 5621 --- [risk-assets-api] [io-12000-exec-4] o.s.w.s.m.m.a.HttpEntityMethodProcessor  : Using 'application/json', given [*/*] and supported [application/json, application/*+json]
2025-06-13T05:35:44.299Z DEBUG 5621 --- [risk-assets-api] [io-12000-exec-4] o.s.w.s.m.m.a.HttpEntityMethodProcessor  : Writing [com.jpmc.riskassets.model.RiskAsset@5f4c19db]
Hibernate: 
    select
        sum(ra1_0.asset_value) 
    from
        risk_assets ra1_0
Hibernate: 
    select
        ra1_0.id,
        ra1_0.created_at,
        ra1_0.description,
        ra1_0.location,
        ra1_0.name,
        ra1_0.owner,
        ra1_0.risk_level,
        ra1_0.risk_score,
        ra1_0.type,
        ra1_0.updated_at,
        ra1_0.asset_value 
    from
        risk_assets ra1_0 
    where
        ra1_0.risk_level=?
2025-06-13T05:35:44.300Z DEBUG 5621 --- [risk-assets-api] [io-12000-exec-4] o.s.web.servlet.DispatcherServlet        : Completed 200 OK
Hibernate: 
    select
        avg(ra1_0.risk_score) 
    from
        risk_assets ra1_0
Hibernate: 
    select
        count(ra1_0.id) 
    from
        risk_assets ra1_0 
    where
        ra1_0.risk_level=?
2025-06-13T05:35:44.300Z DEBUG 5621 --- [risk-assets-api] [io-12000-exec-7] o.s.w.s.m.m.a.HttpEntityMethodProcessor  : Using 'application/json', given [*/*] and supported [application/json, application/*+json]
2025-06-13T05:35:44.301Z DEBUG 5621 --- [risk-assets-api] [io-12000-exec-7] o.s.w.s.m.m.a.HttpEntityMethodProcessor  : Writing [[com.jpmc.riskassets.model.RiskAsset@7aca9832, com.jpmc.riskassets.model.RiskAsset@3f45ca71, com.jpm (truncated)...]
Hibernate: 
    select
        ra1_0.id,
        ra1_0.created_at,
        ra1_0.description,
        ra1_0.location,
        ra1_0.name,
        ra1_0.owner,
        ra1_0.risk_level,
        ra1_0.risk_score,
        ra1_0.type,
        ra1_0.updated_at,
        ra1_0.asset_value 
    from
        risk_assets ra1_0
Hibernate: 
    select
        count(ra1_0.id) 
    from
        risk_assets ra1_0 
    where
        ra1_0.risk_level=?
2025-06-13T05:35:44.301Z DEBUG 5621 --- [risk-assets-api] [io-12000-exec-7] o.s.web.servlet.DispatcherServlet        : Completed 200 OK
2025-06-13T05:35:44.301Z DEBUG 5621 --- [risk-assets-api] [io-12000-exec-6] o.s.w.s.m.m.a.HttpEntityMethodProcessor  : Using 'application/json', given [*/*] and supported [application/json, application/*+json]
2025-06-13T05:35:44.301Z DEBUG 5621 --- [risk-assets-api] [io-12000-exec-6] o.s.w.s.m.m.a.HttpEntityMethodProcessor  : Writing [[com.jpmc.riskassets.model.RiskAsset@793f4609, com.jpmc.riskassets.model.RiskAsset@2ef86f0c, com.jpm (truncated)...]
Hibernate: 
    select
        count(ra1_0.id) 
    from
        risk_assets ra1_0 
    where
        ra1_0.risk_level=?
2025-06-13T05:35:44.302Z DEBUG 5621 --- [risk-assets-api] [io-12000-exec-6] o.s.web.servlet.DispatcherServlet        : Completed 200 OK
Hibernate: 
    select
        count(ra1_0.id) 
    from
        risk_assets ra1_0 
    where
        ra1_0.risk_level=?
2025-06-13T05:35:44.302Z DEBUG 5621 --- [risk-assets-api] [io-12000-exec-5] o.s.w.s.m.m.a.HttpEntityMethodProcessor  : Using 'application/json', given [*/*] and supported [application/json, application/*+json]
2025-06-13T05:35:44.302Z DEBUG 5621 --- [risk-assets-api] [io-12000-exec-5] o.s.w.s.m.m.a.HttpEntityMethodProcessor  : Writing [com.jpmc.riskassets.model.RiskSummary@56afc249]
2025-06-13T05:35:44.302Z DEBUG 5621 --- [risk-assets-api] [io-12000-exec-5] o.s.web.servlet.DispatcherServlet        : Completed 200 OK
2025-06-13T05:35:44.399Z DEBUG 5621 --- [risk-assets-api] [io-12000-exec-9] o.s.web.servlet.DispatcherServlet        : GET "/api/assets", parameters={}
2025-06-13T05:35:44.399Z DEBUG 5621 --- [risk-assets-api] [io-12000-exec-4] o.s.web.servlet.DispatcherServlet        : GET "/api/assets/risk-summary", parameters={}
2025-06-13T05:35:44.400Z DEBUG 5621 --- [risk-assets-api] [io-12000-exec-9] s.w.s.m.m.a.RequestMappingHandlerMapping : Mapped to com.jpmc.riskassets.controller.RiskAssetController#getAllAssets()
2025-06-13T05:35:44.400Z DEBUG 5621 --- [risk-assets-api] [io-12000-exec-4] s.w.s.m.m.a.RequestMappingHandlerMapping : Mapped to com.jpmc.riskassets.controller.RiskAssetController#getRiskSummary()
2025-06-13T05:35:44.400Z DEBUG 5621 --- [risk-assets-api] [io-12000-exec-7] o.s.web.servlet.DispatcherServlet        : GET "/api/assets/risk-level/HIGH", parameters={}
2025-06-13T05:35:44.400Z DEBUG 5621 --- [risk-assets-api] [io-12000-exec-7] s.w.s.m.m.a.RequestMappingHandlerMapping : Mapped to com.jpmc.riskassets.controller.RiskAssetController#getAssetsByRiskLevel(RiskLevel)
Hibernate: 
    select
        count(*) 
    from
        risk_assets ra1_0
Hibernate: 
    select
        ra1_0.id,
        ra1_0.created_at,
        ra1_0.description,
        ra1_0.location,
        ra1_0.name,
        ra1_0.owner,
        ra1_0.risk_level,
        ra1_0.risk_score,
        ra1_0.type,
        ra1_0.updated_at,
        ra1_0.asset_value 
    from
        risk_assets ra1_0
Hibernate: 
    select
        ra1_0.id,
        ra1_0.created_at,
        ra1_0.description,
        ra1_0.location,
        ra1_0.name,
        ra1_0.owner,
        ra1_0.risk_level,
        ra1_0.risk_score,
        ra1_0.type,
        ra1_0.updated_at,
        ra1_0.asset_value 
    from
        risk_assets ra1_0 
    where
        ra1_0.risk_level=?
Hibernate: 
    select
        sum(ra1_0.asset_value) 
    from
        risk_assets ra1_0
2025-06-13T05:35:44.402Z DEBUG 5621 --- [risk-assets-api] [io-12000-exec-9] o.s.w.s.m.m.a.HttpEntityMethodProcessor  : Using 'application/json', given [*/*] and supported [application/json, application/*+json]
2025-06-13T05:35:44.402Z DEBUG 5621 --- [risk-assets-api] [io-12000-exec-7] o.s.w.s.m.m.a.HttpEntityMethodProcessor  : Using 'application/json', given [*/*] and supported [application/json, application/*+json]
2025-06-13T05:35:44.402Z DEBUG 5621 --- [risk-assets-api] [io-12000-exec-7] o.s.w.s.m.m.a.HttpEntityMethodProcessor  : Writing [[com.jpmc.riskassets.model.RiskAsset@6fe353c, com.jpmc.riskassets.model.RiskAsset@1cb49ca7, com.jpmc (truncated)...]
Hibernate: 
    select
        avg(ra1_0.risk_score) 
    from
        risk_assets ra1_0
2025-06-13T05:35:44.402Z DEBUG 5621 --- [risk-assets-api] [io-12000-exec-3] o.s.web.servlet.DispatcherServlet        : GET "/api/assets/1", parameters={}
2025-06-13T05:35:44.402Z DEBUG 5621 --- [risk-assets-api] [io-12000-exec-3] s.w.s.m.m.a.RequestMappingHandlerMapping : Mapped to com.jpmc.riskassets.controller.RiskAssetController#getAssetById(Long)
2025-06-13T05:35:44.402Z DEBUG 5621 --- [risk-assets-api] [io-12000-exec-7] o.s.web.servlet.DispatcherServlet        : Completed 200 OK
2025-06-13T05:35:44.402Z DEBUG 5621 --- [risk-assets-api] [io-12000-exec-9] o.s.w.s.m.m.a.HttpEntityMethodProcessor  : Writing [[com.jpmc.riskassets.model.RiskAsset@66860be2, com.jpmc.riskassets.model.RiskAsset@137f60f0, com.jpm (truncated)...]
Hibernate: 
    select
        count(ra1_0.id) 
    from
        risk_assets ra1_0 
    where
        ra1_0.risk_level=?
Hibernate: 
    select
        ra1_0.id,
        ra1_0.created_at,
        ra1_0.description,
        ra1_0.location,
        ra1_0.name,
        ra1_0.owner,
        ra1_0.risk_level,
        ra1_0.risk_score,
        ra1_0.type,
        ra1_0.updated_at,
        ra1_0.asset_value 
    from
        risk_assets ra1_0 
    where
        ra1_0.id=?
Hibernate: 
    select
        count(ra1_0.id) 
    from
        risk_assets ra1_0 
    where
        ra1_0.risk_level=?
Hibernate: 
    select
        count(ra1_0.id) 
    from
        risk_assets ra1_0 
    where
        ra1_0.risk_level=?
2025-06-13T05:35:44.404Z DEBUG 5621 --- [risk-assets-api] [io-12000-exec-9] o.s.web.servlet.DispatcherServlet        : Completed 200 OK
Hibernate: 
    select
        count(ra1_0.id) 
    from
        risk_assets ra1_0 
    where
        ra1_0.risk_level=?
2025-06-13T05:35:44.403Z DEBUG 5621 --- [risk-assets-api] [io-12000-exec-3] o.s.w.s.m.m.a.HttpEntityMethodProcessor  : Using 'application/json', given [*/*] and supported [application/json, application/*+json]
2025-06-13T05:35:44.404Z DEBUG 5621 --- [risk-assets-api] [io-12000-exec-3] o.s.w.s.m.m.a.HttpEntityMethodProcessor  : Writing [com.jpmc.riskassets.model.RiskAsset@5cf9379e]
2025-06-13T05:35:44.404Z DEBUG 5621 --- [risk-assets-api] [io-12000-exec-3] o.s.web.servlet.DispatcherServlet        : Completed 200 OK
2025-06-13T05:35:44.405Z DEBUG 5621 --- [risk-assets-api] [io-12000-exec-4] o.s.w.s.m.m.a.HttpEntityMethodProcessor  : Using 'application/json', given [*/*] and supported [application/json, application/*+json]
2025-06-13T05:35:44.405Z DEBUG 5621 --- [risk-assets-api] [io-12000-exec-4] o.s.w.s.m.m.a.HttpEntityMethodProcessor  : Writing [com.jpmc.riskassets.model.RiskSummary@7c423725]
2025-06-13T05:35:44.405Z DEBUG 5621 --- [risk-assets-api] [io-12000-exec-4] o.s.web.servlet.DispatcherServlet        : Completed 200 OK
2025-06-13T05:35:44.502Z DEBUG 5621 --- [risk-assets-api] [io-12000-exec-7] o.s.web.servlet.DispatcherServlet        : GET "/api/assets", parameters={}
2025-06-13T05:35:44.502Z DEBUG 5621 --- [risk-assets-api] [io-12000-exec-9] o.s.web.servlet.DispatcherServlet        : GET "/api/assets/risk-level/HIGH", parameters={}
2025-06-13T05:35:44.502Z DEBUG 5621 --- [risk-assets-api] [o-12000-exec-10] o.s.web.servlet.DispatcherServlet        : GET "/api/assets/1", parameters={}
2025-06-13T05:35:44.502Z DEBUG 5621 --- [risk-assets-api] [io-12000-exec-7] s.w.s.m.m.a.RequestMappingHandlerMapping : Mapped to com.jpmc.riskassets.controller.RiskAssetController#getAllAssets()
2025-06-13T05:35:44.502Z DEBUG 5621 --- [risk-assets-api] [io-12000-exec-9] s.w.s.m.m.a.RequestMappingHandlerMapping : Mapped to com.jpmc.riskassets.controller.RiskAssetController#getAssetsByRiskLevel(RiskLevel)
2025-06-13T05:35:44.502Z DEBUG 5621 --- [risk-assets-api] [o-12000-exec-10] s.w.s.m.m.a.RequestMappingHandlerMapping : Mapped to com.jpmc.riskassets.controller.RiskAssetController#getAssetById(Long)
2025-06-13T05:35:44.502Z DEBUG 5621 --- [risk-assets-api] [io-12000-exec-8] o.s.web.servlet.DispatcherServlet        : GET "/api/assets/risk-summary", parameters={}
2025-06-13T05:35:44.502Z DEBUG 5621 --- [risk-assets-api] [io-12000-exec-8] s.w.s.m.m.a.RequestMappingHandlerMapping : Mapped to com.jpmc.riskassets.controller.RiskAssetController#getRiskSummary()
Hibernate: 
    select
        count(*) 
    from
        risk_assets ra1_0
Hibernate: 
    select
        ra1_0.id,
        ra1_0.created_at,
        ra1_0.description,
        ra1_0.location,
        ra1_0.name,
        ra1_0.owner,
        ra1_0.risk_level,
        ra1_0.risk_score,
        ra1_0.type,
        ra1_0.updated_at,
        ra1_0.asset_value 
    from
        risk_assets ra1_0 
    where
        ra1_0.id=?
Hibernate: 
    select
        ra1_0.id,
        ra1_0.created_at,
        ra1_0.description,
        ra1_0.location,
        ra1_0.name,
        ra1_0.owner,
        ra1_0.risk_level,
        ra1_0.risk_score,
        ra1_0.type,
        ra1_0.updated_at,
        ra1_0.asset_value 
    from
        risk_assets ra1_0 
    where
        ra1_0.risk_level=?
2025-06-13T05:35:44.503Z DEBUG 5621 --- [risk-assets-api] [o-12000-exec-10] o.s.w.s.m.m.a.HttpEntityMethodProcessor  : Using 'application/json', given [*/*] and supported [application/json, application/*+json]
2025-06-13T05:35:44.504Z DEBUG 5621 --- [risk-assets-api] [o-12000-exec-10] o.s.w.s.m.m.a.HttpEntityMethodProcessor  : Writing [com.jpmc.riskassets.model.RiskAsset@5a19bc26]
Hibernate: 
    select
        ra1_0.id,
        ra1_0.created_at,
        ra1_0.description,
        ra1_0.location,
        ra1_0.name,
        ra1_0.owner,
        ra1_0.risk_level,
        ra1_0.risk_score,
        ra1_0.type,
        ra1_0.updated_at,
        ra1_0.asset_value 
    from
        risk_assets ra1_0
2025-06-13T05:35:44.504Z DEBUG 5621 --- [risk-assets-api] [io-12000-exec-9] o.s.w.s.m.m.a.HttpEntityMethodProcessor  : Using 'application/json', given [*/*] and supported [application/json, application/*+json]
2025-06-13T05:35:44.504Z DEBUG 5621 --- [risk-assets-api] [io-12000-exec-9] o.s.w.s.m.m.a.HttpEntityMethodProcessor  : Writing [[com.jpmc.riskassets.model.RiskAsset@46e876b6, com.jpmc.riskassets.model.RiskAsset@3967c0f0, com.jpm (truncated)...]
2025-06-13T05:35:44.504Z DEBUG 5621 --- [risk-assets-api] [o-12000-exec-10] o.s.web.servlet.DispatcherServlet        : Completed 200 OK
2025-06-13T05:35:44.504Z DEBUG 5621 --- [risk-assets-api] [io-12000-exec-9] o.s.web.servlet.DispatcherServlet        : Completed 200 OK
2025-06-13T05:35:44.504Z DEBUG 5621 --- [risk-assets-api] [io-12000-exec-7] o.s.w.s.m.m.a.HttpEntityMethodProcessor  : Using 'application/json', given [*/*] and supported [application/json, application/*+json]
2025-06-13T05:35:44.504Z DEBUG 5621 --- [risk-assets-api] [io-12000-exec-7] o.s.w.s.m.m.a.HttpEntityMethodProcessor  : Writing [[com.jpmc.riskassets.model.RiskAsset@c09d6b8, com.jpmc.riskassets.model.RiskAsset@6fb0875, com.jpmc. (truncated)...]
2025-06-13T05:35:44.505Z DEBUG 5621 --- [risk-assets-api] [io-12000-exec-7] o.s.web.servlet.DispatcherServlet        : Completed 200 OK
Hibernate: 
    select
        sum(ra1_0.asset_value) 
    from
        risk_assets ra1_0
Hibernate: 
    select
        avg(ra1_0.risk_score) 
    from
        risk_assets ra1_0
Hibernate: 
    select
        count(ra1_0.id) 
    from
        risk_assets ra1_0 
    where
        ra1_0.risk_level=?
Hibernate: 
    select
        count(ra1_0.id) 
    from
        risk_assets ra1_0 
    where
        ra1_0.risk_level=?
Hibernate: 
    select
        count(ra1_0.id) 
    from
        risk_assets ra1_0 
    where
        ra1_0.risk_level=?
Hibernate: 
    select
        count(ra1_0.id) 
    from
        risk_assets ra1_0 
    where
        ra1_0.risk_level=?
2025-06-13T05:35:44.508Z DEBUG 5621 --- [risk-assets-api] [io-12000-exec-8] o.s.w.s.m.m.a.HttpEntityMethodProcessor  : Using 'application/json', given [*/*] and supported [application/json, application/*+json]
2025-06-13T05:35:44.508Z DEBUG 5621 --- [risk-assets-api] [io-12000-exec-8] o.s.w.s.m.m.a.HttpEntityMethodProcessor  : Writing [com.jpmc.riskassets.model.RiskSummary@264c83f8]
2025-06-13T05:35:44.509Z DEBUG 5621 --- [risk-assets-api] [io-12000-exec-8] o.s.web.servlet.DispatcherServlet        : Completed 200 OK
2025-06-13T05:35:44.604Z DEBUG 5621 --- [risk-assets-api] [io-12000-exec-9] o.s.web.servlet.DispatcherServlet        : GET "/api/assets/risk-summary", parameters={}
2025-06-13T05:35:44.604Z DEBUG 5621 --- [risk-assets-api] [io-12000-exec-5] o.s.web.servlet.DispatcherServlet        : GET "/api/assets", parameters={}
2025-06-13T05:35:44.604Z DEBUG 5621 --- [risk-assets-api] [io-12000-exec-2] o.s.web.servlet.DispatcherServlet        : GET "/api/assets/1", parameters={}
2025-06-13T05:35:44.604Z DEBUG 5621 --- [risk-assets-api] [io-12000-exec-5] s.w.s.m.m.a.RequestMappingHandlerMapping : Mapped to com.jpmc.riskassets.controller.RiskAssetController#getAllAssets()
2025-06-13T05:35:44.604Z DEBUG 5621 --- [risk-assets-api] [o-12000-exec-10] o.s.web.servlet.DispatcherServlet        : GET "/api/assets/risk-level/HIGH", parameters={}
2025-06-13T05:35:44.604Z DEBUG 5621 --- [risk-assets-api] [io-12000-exec-9] s.w.s.m.m.a.RequestMappingHandlerMapping : Mapped to com.jpmc.riskassets.controller.RiskAssetController#getRiskSummary()
2025-06-13T05:35:44.604Z DEBUG 5621 --- [risk-assets-api] [io-12000-exec-2] s.w.s.m.m.a.RequestMappingHandlerMapping : Mapped to com.jpmc.riskassets.controller.RiskAssetController#getAssetById(Long)
2025-06-13T05:35:44.604Z DEBUG 5621 --- [risk-assets-api] [o-12000-exec-10] s.w.s.m.m.a.RequestMappingHandlerMapping : Mapped to com.jpmc.riskassets.controller.RiskAssetController#getAssetsByRiskLevel(RiskLevel)
Hibernate: 
    select
        count(*) 
    from
        risk_assets ra1_0
Hibernate: 
    select
        ra1_0.id,
        ra1_0.created_at,
        ra1_0.description,
        ra1_0.location,
        ra1_0.name,
        ra1_0.owner,
        ra1_0.risk_level,
        ra1_0.risk_score,
        ra1_0.type,
        ra1_0.updated_at,
        ra1_0.asset_value 
    from
        risk_assets ra1_0 
    where
        ra1_0.id=?
Hibernate: 
    select
        ra1_0.id,
        ra1_0.created_at,
        ra1_0.description,
        ra1_0.location,
        ra1_0.name,
        ra1_0.owner,
        ra1_0.risk_level,
        ra1_0.risk_score,
        ra1_0.type,
        ra1_0.updated_at,
        ra1_0.asset_value 
    from
        risk_assets ra1_0
2025-06-13T05:35:44.605Z DEBUG 5621 --- [risk-assets-api] [io-12000-exec-2] o.s.w.s.m.m.a.HttpEntityMethodProcessor  : Using 'application/json', given [*/*] and supported [application/json, application/*+json]
2025-06-13T05:35:44.605Z DEBUG 5621 --- [risk-assets-api] [io-12000-exec-2] o.s.w.s.m.m.a.HttpEntityMethodProcessor  : Writing [com.jpmc.riskassets.model.RiskAsset@7fe5a41e]
Hibernate: 
    select
        sum(ra1_0.asset_value) 
    from
        risk_assets ra1_0
2025-06-13T05:35:44.606Z DEBUG 5621 --- [risk-assets-api] [io-12000-exec-5] o.s.w.s.m.m.a.HttpEntityMethodProcessor  : Using 'application/json', given [*/*] and supported [application/json, application/*+json]
2025-06-13T05:35:44.606Z DEBUG 5621 --- [risk-assets-api] [io-12000-exec-5] o.s.w.s.m.m.a.HttpEntityMethodProcessor  : Writing [[com.jpmc.riskassets.model.RiskAsset@1105681c, com.jpmc.riskassets.model.RiskAsset@544bc2e9, com.jpm (truncated)...]
Hibernate: 
    select
        avg(ra1_0.risk_score) 
    from
        risk_assets ra1_0
2025-06-13T05:35:44.606Z DEBUG 5621 --- [risk-assets-api] [io-12000-exec-2] o.s.web.servlet.DispatcherServlet        : Completed 200 OK
2025-06-13T05:35:44.606Z DEBUG 5621 --- [risk-assets-api] [io-12000-exec-5] o.s.web.servlet.DispatcherServlet        : Completed 200 OK
Hibernate: 
    select
        count(ra1_0.id) 
    from
        risk_assets ra1_0 
    where
        ra1_0.risk_level=?
Hibernate: 
    select
        count(ra1_0.id) 
    from
        risk_assets ra1_0 
    where
        ra1_0.risk_level=?
Hibernate: 
    select
        count(ra1_0.id) 
    from
        risk_assets ra1_0 
    where
        ra1_0.risk_level=?
Hibernate: 
    select
        count(ra1_0.id) 
    from
        risk_assets ra1_0 
    where
        ra1_0.risk_level=?
2025-06-13T05:35:44.608Z DEBUG 5621 --- [risk-assets-api] [io-12000-exec-9] o.s.w.s.m.m.a.HttpEntityMethodProcessor  : Using 'application/json', given [*/*] and supported [application/json, application/*+json]
2025-06-13T05:35:44.608Z DEBUG 5621 --- [risk-assets-api] [io-12000-exec-9] o.s.w.s.m.m.a.HttpEntityMethodProcessor  : Writing [com.jpmc.riskassets.model.RiskSummary@6c611205]
2025-06-13T05:35:44.608Z DEBUG 5621 --- [risk-assets-api] [io-12000-exec-9] o.s.web.servlet.DispatcherServlet        : Completed 200 OK
Hibernate: 
    select
        ra1_0.id,
        ra1_0.created_at,
        ra1_0.description,
        ra1_0.location,
        ra1_0.name,
        ra1_0.owner,
        ra1_0.risk_level,
        ra1_0.risk_score,
        ra1_0.type,
        ra1_0.updated_at,
        ra1_0.asset_value 
    from
        risk_assets ra1_0 
    where
        ra1_0.risk_level=?
2025-06-13T05:35:44.609Z DEBUG 5621 --- [risk-assets-api] [o-12000-exec-10] o.s.w.s.m.m.a.HttpEntityMethodProcessor  : Using 'application/json', given [*/*] and supported [application/json, application/*+json]
2025-06-13T05:35:44.609Z DEBUG 5621 --- [risk-assets-api] [o-12000-exec-10] o.s.w.s.m.m.a.HttpEntityMethodProcessor  : Writing [[com.jpmc.riskassets.model.RiskAsset@5f1f742, com.jpmc.riskassets.model.RiskAsset@66768c02, com.jpmc (truncated)...]
2025-06-13T05:35:44.609Z DEBUG 5621 --- [risk-assets-api] [o-12000-exec-10] o.s.web.servlet.DispatcherServlet        : Completed 200 OK
2025-06-13T05:35:44.706Z DEBUG 5621 --- [risk-assets-api] [io-12000-exec-4] o.s.web.servlet.DispatcherServlet        : GET "/api/assets/1", parameters={}
2025-06-13T05:35:44.706Z DEBUG 5621 --- [risk-assets-api] [io-12000-exec-1] o.s.web.servlet.DispatcherServlet        : GET "/api/assets", parameters={}
2025-06-13T05:35:44.706Z DEBUG 5621 --- [risk-assets-api] [io-12000-exec-1] s.w.s.m.m.a.RequestMappingHandlerMapping : Mapped to com.jpmc.riskassets.controller.RiskAssetController#getAllAssets()
2025-06-13T05:35:44.706Z DEBUG 5621 --- [risk-assets-api] [io-12000-exec-2] o.s.web.servlet.DispatcherServlet        : GET "/api/assets/risk-level/HIGH", parameters={}
2025-06-13T05:35:44.706Z DEBUG 5621 --- [risk-assets-api] [io-12000-exec-5] o.s.web.servlet.DispatcherServlet        : GET "/api/assets/risk-summary", parameters={}
2025-06-13T05:35:44.706Z DEBUG 5621 --- [risk-assets-api] [io-12000-exec-2] s.w.s.m.m.a.RequestMappingHandlerMapping : Mapped to com.jpmc.riskassets.controller.RiskAssetController#getAssetsByRiskLevel(RiskLevel)
2025-06-13T05:35:44.706Z DEBUG 5621 --- [risk-assets-api] [io-12000-exec-5] s.w.s.m.m.a.RequestMappingHandlerMapping : Mapped to com.jpmc.riskassets.controller.RiskAssetController#getRiskSummary()
Hibernate: 
    select
        count(*) 
    from
        risk_assets ra1_0
2025-06-13T05:35:44.706Z DEBUG 5621 --- [risk-assets-api] [io-12000-exec-4] s.w.s.m.m.a.RequestMappingHandlerMapping : Mapped to com.jpmc.riskassets.controller.RiskAssetController#getAssetById(Long)
Hibernate: 
    select
        ra1_0.id,
        ra1_0.created_at,
        ra1_0.description,
        ra1_0.location,
        ra1_0.name,
        ra1_0.owner,
        ra1_0.risk_level,
        ra1_0.risk_score,
        ra1_0.type,
        ra1_0.updated_at,
        ra1_0.asset_value 
    from
        risk_assets ra1_0
Hibernate: 
    select
        ra1_0.id,
        ra1_0.created_at,
        ra1_0.description,
        ra1_0.location,
        ra1_0.name,
        ra1_0.owner,
        ra1_0.risk_level,
        ra1_0.risk_score,
        ra1_0.type,
        ra1_0.updated_at,
        ra1_0.asset_value 
    from
        risk_assets ra1_0 
    where
        ra1_0.risk_level=?
Hibernate: 
    select
        ra1_0.id,
        ra1_0.created_at,
        ra1_0.description,
        ra1_0.location,
        ra1_0.name,
        ra1_0.owner,
        ra1_0.risk_level,
        ra1_0.risk_score,
        ra1_0.type,
        ra1_0.updated_at,
        ra1_0.asset_value 
    from
        risk_assets ra1_0 
    where
        ra1_0.id=?
2025-06-13T05:35:44.709Z DEBUG 5621 --- [risk-assets-api] [io-12000-exec-1] o.s.w.s.m.m.a.HttpEntityMethodProcessor  : Using 'application/json', given [*/*] and supported [application/json, application/*+json]
2025-06-13T05:35:44.709Z DEBUG 5621 --- [risk-assets-api] [io-12000-exec-4] o.s.w.s.m.m.a.HttpEntityMethodProcessor  : Using 'application/json', given [*/*] and supported [application/json, application/*+json]
2025-06-13T05:35:44.709Z DEBUG 5621 --- [risk-assets-api] [io-12000-exec-4] o.s.w.s.m.m.a.HttpEntityMethodProcessor  : Writing [com.jpmc.riskassets.model.RiskAsset@7000b64f]
2025-06-13T05:35:44.709Z DEBUG 5621 --- [risk-assets-api] [io-12000-exec-2] o.s.w.s.m.m.a.HttpEntityMethodProcessor  : Using 'application/json', given [*/*] and supported [application/json, application/*+json]
2025-06-13T05:35:44.709Z DEBUG 5621 --- [risk-assets-api] [io-12000-exec-2] o.s.w.s.m.m.a.HttpEntityMethodProcessor  : Writing [[com.jpmc.riskassets.model.RiskAsset@d61cd41, com.jpmc.riskassets.model.RiskAsset@61ee519, com.jpmc. (truncated)...]
2025-06-13T05:35:44.710Z DEBUG 5621 --- [risk-assets-api] [io-12000-exec-2] o.s.web.servlet.DispatcherServlet        : Completed 200 OK
2025-06-13T05:35:44.710Z DEBUG 5621 --- [risk-assets-api] [io-12000-exec-4] o.s.web.servlet.DispatcherServlet        : Completed 200 OK
Hibernate: 
    select
        sum(ra1_0.asset_value) 
    from
        risk_assets ra1_0
2025-06-13T05:35:44.711Z DEBUG 5621 --- [risk-assets-api] [io-12000-exec-1] o.s.w.s.m.m.a.HttpEntityMethodProcessor  : Writing [[com.jpmc.riskassets.model.RiskAsset@7650df66, com.jpmc.riskassets.model.RiskAsset@63684234, com.jpm (truncated)...]
Hibernate: 
    select
        avg(ra1_0.risk_score) 
    from
        risk_assets ra1_0
2025-06-13T05:35:44.711Z DEBUG 5621 --- [risk-assets-api] [io-12000-exec-1] o.s.web.servlet.DispatcherServlet        : Completed 200 OK
Hibernate: 
    select
        count(ra1_0.id) 
    from
        risk_assets ra1_0 
    where
        ra1_0.risk_level=?
Hibernate: 
    select
        count(ra1_0.id) 
    from
        risk_assets ra1_0 
    where
        ra1_0.risk_level=?
Hibernate: 
    select
        count(ra1_0.id) 
    from
        risk_assets ra1_0 
    where
        ra1_0.risk_level=?
Hibernate: 
    select
        count(ra1_0.id) 
    from
        risk_assets ra1_0 
    where
        ra1_0.risk_level=?
2025-06-13T05:35:44.714Z DEBUG 5621 --- [risk-assets-api] [io-12000-exec-5] o.s.w.s.m.m.a.HttpEntityMethodProcessor  : Using 'application/json', given [*/*] and supported [application/json, application/*+json]
2025-06-13T05:35:44.714Z DEBUG 5621 --- [risk-assets-api] [io-12000-exec-5] o.s.w.s.m.m.a.HttpEntityMethodProcessor  : Writing [com.jpmc.riskassets.model.RiskSummary@15a88120]
2025-06-13T05:35:44.714Z DEBUG 5621 --- [risk-assets-api] [io-12000-exec-5] o.s.web.servlet.DispatcherServlet        : Completed 200 OK
2025-06-13T05:35:44.808Z DEBUG 5621 --- [risk-assets-api] [o-12000-exec-10] o.s.web.servlet.DispatcherServlet        : GET "/api/assets", parameters={}
2025-06-13T05:35:44.808Z DEBUG 5621 --- [risk-assets-api] [io-12000-exec-8] o.s.web.servlet.DispatcherServlet        : GET "/api/assets/risk-summary", parameters={}
2025-06-13T05:35:44.808Z DEBUG 5621 --- [risk-assets-api] [io-12000-exec-2] o.s.web.servlet.DispatcherServlet        : GET "/api/assets/1", parameters={}
2025-06-13T05:35:44.808Z DEBUG 5621 --- [risk-assets-api] [o-12000-exec-10] s.w.s.m.m.a.RequestMappingHandlerMapping : Mapped to com.jpmc.riskassets.controller.RiskAssetController#getAllAssets()
2025-06-13T05:35:44.808Z DEBUG 5621 --- [risk-assets-api] [io-12000-exec-8] s.w.s.m.m.a.RequestMappingHandlerMapping : Mapped to com.jpmc.riskassets.controller.RiskAssetController#getRiskSummary()
2025-06-13T05:35:44.808Z DEBUG 5621 --- [risk-assets-api] [io-12000-exec-2] s.w.s.m.m.a.RequestMappingHandlerMapping : Mapped to com.jpmc.riskassets.controller.RiskAssetController#getAssetById(Long)
Hibernate: 
    select
        ra1_0.id,
        ra1_0.created_at,
        ra1_0.description,
        ra1_0.location,
        ra1_0.name,
        ra1_0.owner,
        ra1_0.risk_level,
        ra1_0.risk_score,
        ra1_0.type,
        ra1_0.updated_at,
        ra1_0.asset_value 
    from
        risk_assets ra1_0 
    where
        ra1_0.id=?
2025-06-13T05:35:44.809Z DEBUG 5621 --- [risk-assets-api] [io-12000-exec-4] o.s.web.servlet.DispatcherServlet        : GET "/api/assets/risk-level/HIGH", parameters={}
2025-06-13T05:35:44.809Z DEBUG 5621 --- [risk-assets-api] [io-12000-exec-4] s.w.s.m.m.a.RequestMappingHandlerMapping : Mapped to com.jpmc.riskassets.controller.RiskAssetController#getAssetsByRiskLevel(RiskLevel)
Hibernate: 
    select
        ra1_0.id,
        ra1_0.created_at,
        ra1_0.description,
        ra1_0.location,
        ra1_0.name,
        ra1_0.owner,
        ra1_0.risk_level,
        ra1_0.risk_score,
        ra1_0.type,
        ra1_0.updated_at,
        ra1_0.asset_value 
    from
        risk_assets ra1_0
2025-06-13T05:35:44.810Z DEBUG 5621 --- [risk-assets-api] [io-12000-exec-2] o.s.w.s.m.m.a.HttpEntityMethodProcessor  : Using 'application/json', given [*/*] and supported [application/json, application/*+json]
2025-06-13T05:35:44.810Z DEBUG 5621 --- [risk-assets-api] [io-12000-exec-2] o.s.w.s.m.m.a.HttpEntityMethodProcessor  : Writing [com.jpmc.riskassets.model.RiskAsset@4091aa10]
2025-06-13T05:35:44.810Z DEBUG 5621 --- [risk-assets-api] [o-12000-exec-10] o.s.w.s.m.m.a.HttpEntityMethodProcessor  : Using 'application/json', given [*/*] and supported [application/json, application/*+json]
2025-06-13T05:35:44.810Z DEBUG 5621 --- [risk-assets-api] [o-12000-exec-10] o.s.w.s.m.m.a.HttpEntityMethodProcessor  : Writing [[com.jpmc.riskassets.model.RiskAsset@5e49b993, com.jpmc.riskassets.model.RiskAsset@48730173, com.jpm (truncated)...]
2025-06-13T05:35:44.810Z DEBUG 5621 --- [risk-assets-api] [io-12000-exec-2] o.s.web.servlet.DispatcherServlet        : Completed 200 OK
Hibernate: 
    select
        ra1_0.id,
        ra1_0.created_at,
        ra1_0.description,
        ra1_0.location,
        ra1_0.name,
        ra1_0.owner,
        ra1_0.risk_level,
        ra1_0.risk_score,
        ra1_0.type,
        ra1_0.updated_at,
        ra1_0.asset_value 
    from
        risk_assets ra1_0 
    where
        ra1_0.risk_level=?
2025-06-13T05:35:44.810Z DEBUG 5621 --- [risk-assets-api] [o-12000-exec-10] o.s.web.servlet.DispatcherServlet        : Completed 200 OK
2025-06-13T05:35:44.811Z DEBUG 5621 --- [risk-assets-api] [io-12000-exec-4] o.s.w.s.m.m.a.HttpEntityMethodProcessor  : Using 'application/json', given [*/*] and supported [application/json, application/*+json]
2025-06-13T05:35:44.811Z DEBUG 5621 --- [risk-assets-api] [io-12000-exec-4] o.s.w.s.m.m.a.HttpEntityMethodProcessor  : Writing [[com.jpmc.riskassets.model.RiskAsset@43ef540a, com.jpmc.riskassets.model.RiskAsset@526431c8, com.jpm (truncated)...]
2025-06-13T05:35:44.811Z DEBUG 5621 --- [risk-assets-api] [io-12000-exec-4] o.s.web.servlet.DispatcherServlet        : Completed 200 OK
Hibernate: 
    select
        count(*) 
    from
        risk_assets ra1_0
Hibernate: 
    select
        sum(ra1_0.asset_value) 
    from
        risk_assets ra1_0
Hibernate: 
    select
        avg(ra1_0.risk_score) 
    from
        risk_assets ra1_0
Hibernate: 
    select
        count(ra1_0.id) 
    from
        risk_assets ra1_0 
    where
        ra1_0.risk_level=?
Hibernate: 
    select
        count(ra1_0.id) 
    from
        risk_assets ra1_0 
    where
        ra1_0.risk_level=?
Hibernate: 
    select
        count(ra1_0.id) 
    from
        risk_assets ra1_0 
    where
        ra1_0.risk_level=?
Hibernate: 
    select
        count(ra1_0.id) 
    from
        risk_assets ra1_0 
    where
        ra1_0.risk_level=?
2025-06-13T05:35:44.815Z DEBUG 5621 --- [risk-assets-api] [io-12000-exec-8] o.s.w.s.m.m.a.HttpEntityMethodProcessor  : Using 'application/json', given [*/*] and supported [application/json, application/*+json]
2025-06-13T05:35:44.815Z DEBUG 5621 --- [risk-assets-api] [io-12000-exec-8] o.s.w.s.m.m.a.HttpEntityMethodProcessor  : Writing [com.jpmc.riskassets.model.RiskSummary@24824bd7]
2025-06-13T05:35:44.815Z DEBUG 5621 --- [risk-assets-api] [io-12000-exec-8] o.s.web.servlet.DispatcherServlet        : Completed 200 OK
2025-06-13T05:35:44.910Z DEBUG 5621 --- [risk-assets-api] [io-12000-exec-5] o.s.web.servlet.DispatcherServlet        : GET "/api/assets/risk-level/HIGH", parameters={}
2025-06-13T05:35:44.910Z DEBUG 5621 --- [risk-assets-api] [io-12000-exec-9] o.s.web.servlet.DispatcherServlet        : GET "/api/assets", parameters={}
2025-06-13T05:35:44.910Z DEBUG 5621 --- [risk-assets-api] [io-12000-exec-2] o.s.web.servlet.DispatcherServlet        : GET "/api/assets/risk-summary", parameters={}
2025-06-13T05:35:44.911Z DEBUG 5621 --- [risk-assets-api] [io-12000-exec-2] s.w.s.m.m.a.RequestMappingHandlerMapping : Mapped to com.jpmc.riskassets.controller.RiskAssetController#getRiskSummary()
2025-06-13T05:35:44.911Z DEBUG 5621 --- [risk-assets-api] [io-12000-exec-9] s.w.s.m.m.a.RequestMappingHandlerMapping : Mapped to com.jpmc.riskassets.controller.RiskAssetController#getAllAssets()
Hibernate: 
    select
        count(*) 
    from
        risk_assets ra1_0
Hibernate: 
    select
        ra1_0.id,
        ra1_0.created_at,
        ra1_0.description,
        ra1_0.location,
        ra1_0.name,
        ra1_0.owner,
        ra1_0.risk_level,
        ra1_0.risk_score,
        ra1_0.type,
        ra1_0.updated_at,
        ra1_0.asset_value 
    from
        risk_assets ra1_0
Hibernate: 
    select
        sum(ra1_0.asset_value) 
    from
        risk_assets ra1_0
2025-06-13T05:35:44.912Z DEBUG 5621 --- [risk-assets-api] [io-12000-exec-9] o.s.w.s.m.m.a.HttpEntityMethodProcessor  : Using 'application/json', given [*/*] and supported [application/json, application/*+json]
Hibernate: 
    select
        avg(ra1_0.risk_score) 
    from
        risk_assets ra1_0
2025-06-13T05:35:44.912Z DEBUG 5621 --- [risk-assets-api] [io-12000-exec-9] o.s.w.s.m.m.a.HttpEntityMethodProcessor  : Writing [[com.jpmc.riskassets.model.RiskAsset@10fa08a5, com.jpmc.riskassets.model.RiskAsset@6045b106, com.jpm (truncated)...]
Hibernate: 
    select
        count(ra1_0.id) 
    from
        risk_assets ra1_0 
    where
        ra1_0.risk_level=?
2025-06-13T05:35:44.913Z DEBUG 5621 --- [risk-assets-api] [io-12000-exec-9] o.s.web.servlet.DispatcherServlet        : Completed 200 OK
2025-06-13T05:35:44.911Z DEBUG 5621 --- [risk-assets-api] [io-12000-exec-5] s.w.s.m.m.a.RequestMappingHandlerMapping : Mapped to com.jpmc.riskassets.controller.RiskAssetController#getAssetsByRiskLevel(RiskLevel)
Hibernate: 
    select
        count(ra1_0.id) 
    from
        risk_assets ra1_0 
    where
        ra1_0.risk_level=?
Hibernate: 
    select
        count(ra1_0.id) 
    from
        risk_assets ra1_0 
    where
        ra1_0.risk_level=?
Hibernate: 
    select
        ra1_0.id,
        ra1_0.created_at,
        ra1_0.description,
        ra1_0.location,
        ra1_0.name,
        ra1_0.owner,
        ra1_0.risk_level,
        ra1_0.risk_score,
        ra1_0.type,
        ra1_0.updated_at,
        ra1_0.asset_value 
    from
        risk_assets ra1_0 
    where
        ra1_0.risk_level=?
Hibernate: 
    select
        count(ra1_0.id) 
    from
        risk_assets ra1_0 
    where
        ra1_0.risk_level=?
2025-06-13T05:35:44.915Z DEBUG 5621 --- [risk-assets-api] [io-12000-exec-5] o.s.w.s.m.m.a.HttpEntityMethodProcessor  : Using 'application/json', given [*/*] and supported [application/json, application/*+json]
2025-06-13T05:35:44.915Z DEBUG 5621 --- [risk-assets-api] [io-12000-exec-5] o.s.w.s.m.m.a.HttpEntityMethodProcessor  : Writing [[com.jpmc.riskassets.model.RiskAsset@2ca96f37, com.jpmc.riskassets.model.RiskAsset@5ea4578, com.jpmc (truncated)...]
2025-06-13T05:35:44.915Z DEBUG 5621 --- [risk-assets-api] [io-12000-exec-2] o.s.w.s.m.m.a.HttpEntityMethodProcessor  : Using 'application/json', given [*/*] and supported [application/json, application/*+json]
2025-06-13T05:35:44.915Z DEBUG 5621 --- [risk-assets-api] [io-12000-exec-2] o.s.w.s.m.m.a.HttpEntityMethodProcessor  : Writing [com.jpmc.riskassets.model.RiskSummary@74f9c4c1]
2025-06-13T05:35:44.915Z DEBUG 5621 --- [risk-assets-api] [io-12000-exec-6] o.s.web.servlet.DispatcherServlet        : GET "/api/assets/1", parameters={}
2025-06-13T05:35:44.915Z DEBUG 5621 --- [risk-assets-api] [io-12000-exec-5] o.s.web.servlet.DispatcherServlet        : Completed 200 OK
2025-06-13T05:35:44.915Z DEBUG 5621 --- [risk-assets-api] [io-12000-exec-6] s.w.s.m.m.a.RequestMappingHandlerMapping : Mapped to com.jpmc.riskassets.controller.RiskAssetController#getAssetById(Long)
2025-06-13T05:35:44.915Z DEBUG 5621 --- [risk-assets-api] [io-12000-exec-2] o.s.web.servlet.DispatcherServlet        : Completed 200 OK
Hibernate: 
    select
        ra1_0.id,
        ra1_0.created_at,
        ra1_0.description,
        ra1_0.location,
        ra1_0.name,
        ra1_0.owner,
        ra1_0.risk_level,
        ra1_0.risk_score,
        ra1_0.type,
        ra1_0.updated_at,
        ra1_0.asset_value 
    from
        risk_assets ra1_0 
    where
        ra1_0.id=?
2025-06-13T05:35:44.916Z DEBUG 5621 --- [risk-assets-api] [io-12000-exec-6] o.s.w.s.m.m.a.HttpEntityMethodProcessor  : Using 'application/json', given [*/*] and supported [application/json, application/*+json]
2025-06-13T05:35:44.916Z DEBUG 5621 --- [risk-assets-api] [io-12000-exec-6] o.s.w.s.m.m.a.HttpEntityMethodProcessor  : Writing [com.jpmc.riskassets.model.RiskAsset@20b965e2]
2025-06-13T05:35:44.916Z DEBUG 5621 --- [risk-assets-api] [io-12000-exec-6] o.s.web.servlet.DispatcherServlet        : Completed 200 OK
2025-06-13T05:35:45.012Z DEBUG 5621 --- [risk-assets-api] [io-12000-exec-7] o.s.web.servlet.DispatcherServlet        : GET "/api/assets/1", parameters={}
2025-06-13T05:35:45.012Z DEBUG 5621 --- [risk-assets-api] [io-12000-exec-8] o.s.web.servlet.DispatcherServlet        : GET "/api/assets", parameters={}
2025-06-13T05:35:45.012Z DEBUG 5621 --- [risk-assets-api] [io-12000-exec-7] s.w.s.m.m.a.RequestMappingHandlerMapping : Mapped to com.jpmc.riskassets.controller.RiskAssetController#getAssetById(Long)
2025-06-13T05:35:45.012Z DEBUG 5621 --- [risk-assets-api] [io-12000-exec-9] o.s.web.servlet.DispatcherServlet        : GET "/api/assets/risk-summary", parameters={}
2025-06-13T05:35:45.012Z DEBUG 5621 --- [risk-assets-api] [io-12000-exec-9] s.w.s.m.m.a.RequestMappingHandlerMapping : Mapped to com.jpmc.riskassets.controller.RiskAssetController#getRiskSummary()
2025-06-13T05:35:45.013Z DEBUG 5621 --- [risk-assets-api] [io-12000-exec-5] o.s.web.servlet.DispatcherServlet        : GET "/api/assets/risk-level/HIGH", parameters={}
2025-06-13T05:35:45.013Z DEBUG 5621 --- [risk-assets-api] [io-12000-exec-5] s.w.s.m.m.a.RequestMappingHandlerMapping : Mapped to com.jpmc.riskassets.controller.RiskAssetController#getAssetsByRiskLevel(RiskLevel)
Hibernate: 
    select
        count(*) 
    from
        risk_assets ra1_0
Hibernate: 
    select
        ra1_0.id,
        ra1_0.created_at,
        ra1_0.description,
        ra1_0.location,
        ra1_0.name,
        ra1_0.owner,
        ra1_0.risk_level,
        ra1_0.risk_score,
        ra1_0.type,
        ra1_0.updated_at,
        ra1_0.asset_value 
    from
        risk_assets ra1_0 
    where
        ra1_0.id=?
2025-06-13T05:35:45.013Z DEBUG 5621 --- [risk-assets-api] [io-12000-exec-7] o.s.w.s.m.m.a.HttpEntityMethodProcessor  : Using 'application/json', given [*/*] and supported [application/json, application/*+json]
2025-06-13T05:35:45.014Z DEBUG 5621 --- [risk-assets-api] [io-12000-exec-7] o.s.w.s.m.m.a.HttpEntityMethodProcessor  : Writing [com.jpmc.riskassets.model.RiskAsset@258fbc64]
Hibernate: 
    select
        sum(ra1_0.asset_value) 
    from
        risk_assets ra1_0
2025-06-13T05:35:45.014Z DEBUG 5621 --- [risk-assets-api] [io-12000-exec-7] o.s.web.servlet.DispatcherServlet        : Completed 200 OK
Hibernate: 
    select
        avg(ra1_0.risk_score) 
    from
        risk_assets ra1_0
Hibernate: 
    select
        ra1_0.id,
        ra1_0.created_at,
        ra1_0.description,
        ra1_0.location,
        ra1_0.name,
        ra1_0.owner,
        ra1_0.risk_level,
        ra1_0.risk_score,
        ra1_0.type,
        ra1_0.updated_at,
        ra1_0.asset_value 
    from
        risk_assets ra1_0 
    where
        ra1_0.risk_level=?
Hibernate: 
    select
        count(ra1_0.id) 
    from
        risk_assets ra1_0 
    where
        ra1_0.risk_level=?
2025-06-13T05:35:45.015Z DEBUG 5621 --- [risk-assets-api] [io-12000-exec-5] o.s.w.s.m.m.a.HttpEntityMethodProcessor  : Using 'application/json', given [*/*] and supported [application/json, application/*+json]
2025-06-13T05:35:45.015Z DEBUG 5621 --- [risk-assets-api] [io-12000-exec-5] o.s.w.s.m.m.a.HttpEntityMethodProcessor  : Writing [[com.jpmc.riskassets.model.RiskAsset@635a44e, com.jpmc.riskassets.model.RiskAsset@646f45, com.jpmc.r (truncated)...]
2025-06-13T05:35:45.015Z DEBUG 5621 --- [risk-assets-api] [io-12000-exec-8] s.w.s.m.m.a.RequestMappingHandlerMapping : Mapped to com.jpmc.riskassets.controller.RiskAssetController#getAllAssets()
2025-06-13T05:35:45.015Z DEBUG 5621 --- [risk-assets-api] [io-12000-exec-5] o.s.web.servlet.DispatcherServlet        : Completed 200 OK
Hibernate: 
    select
        count(ra1_0.id) 
    from
        risk_assets ra1_0 
    where
        ra1_0.risk_level=?
Hibernate: 
    select
        count(ra1_0.id) 
    from
        risk_assets ra1_0 
    where
        ra1_0.risk_level=?
Hibernate: 
    select
        ra1_0.id,
        ra1_0.created_at,
        ra1_0.description,
        ra1_0.location,
        ra1_0.name,
        ra1_0.owner,
        ra1_0.risk_level,
        ra1_0.risk_score,
        ra1_0.type,
        ra1_0.updated_at,
        ra1_0.asset_value 
    from
        risk_assets ra1_0
Hibernate: 
    select
        count(ra1_0.id) 
    from
        risk_assets ra1_0 
    where
        ra1_0.risk_level=?
2025-06-13T05:35:45.016Z DEBUG 5621 --- [risk-assets-api] [io-12000-exec-8] o.s.w.s.m.m.a.HttpEntityMethodProcessor  : Using 'application/json', given [*/*] and supported [application/json, application/*+json]
2025-06-13T05:35:45.016Z DEBUG 5621 --- [risk-assets-api] [io-12000-exec-8] o.s.w.s.m.m.a.HttpEntityMethodProcessor  : Writing [[com.jpmc.riskassets.model.RiskAsset@8b58e61, com.jpmc.riskassets.model.RiskAsset@7a14e478, com.jpmc (truncated)...]
2025-06-13T05:35:45.016Z DEBUG 5621 --- [risk-assets-api] [io-12000-exec-9] o.s.w.s.m.m.a.HttpEntityMethodProcessor  : Using 'application/json', given [*/*] and supported [application/json, application/*+json]
2025-06-13T05:35:45.016Z DEBUG 5621 --- [risk-assets-api] [io-12000-exec-9] o.s.w.s.m.m.a.HttpEntityMethodProcessor  : Writing [com.jpmc.riskassets.model.RiskSummary@1ae6685]
2025-06-13T05:35:45.017Z DEBUG 5621 --- [risk-assets-api] [io-12000-exec-8] o.s.web.servlet.DispatcherServlet        : Completed 200 OK
2025-06-13T05:35:45.017Z DEBUG 5621 --- [risk-assets-api] [io-12000-exec-9] o.s.web.servlet.DispatcherServlet        : Completed 200 OK
2025-06-13T05:35:45.114Z DEBUG 5621 --- [risk-assets-api] [io-12000-exec-1] o.s.web.servlet.DispatcherServlet        : GET "/api/assets", parameters={}
2025-06-13T05:35:45.114Z DEBUG 5621 --- [risk-assets-api] [io-12000-exec-1] s.w.s.m.m.a.RequestMappingHandlerMapping : Mapped to com.jpmc.riskassets.controller.RiskAssetController#getAllAssets()
2025-06-13T05:35:45.115Z DEBUG 5621 --- [risk-assets-api] [io-12000-exec-5] o.s.web.servlet.DispatcherServlet        : GET "/api/assets/risk-level/HIGH", parameters={}
2025-06-13T05:35:45.115Z DEBUG 5621 --- [risk-assets-api] [io-12000-exec-5] s.w.s.m.m.a.RequestMappingHandlerMapping : Mapped to com.jpmc.riskassets.controller.RiskAssetController#getAssetsByRiskLevel(RiskLevel)
2025-06-13T05:35:45.114Z DEBUG 5621 --- [risk-assets-api] [io-12000-exec-4] o.s.web.servlet.DispatcherServlet        : GET "/api/assets/risk-summary", parameters={}
2025-06-13T05:35:45.115Z DEBUG 5621 --- [risk-assets-api] [io-12000-exec-4] s.w.s.m.m.a.RequestMappingHandlerMapping : Mapped to com.jpmc.riskassets.controller.RiskAssetController#getRiskSummary()
Hibernate: 
    select
        count(*) 
    from
        risk_assets ra1_0
Hibernate: 
    select
        ra1_0.id,
        ra1_0.created_at,
        ra1_0.description,
        ra1_0.location,
        ra1_0.name,
        ra1_0.owner,
        ra1_0.risk_level,
        ra1_0.risk_score,
        ra1_0.type,
        ra1_0.updated_at,
        ra1_0.asset_value 
    from
        risk_assets ra1_0
Hibernate: 
    select
        ra1_0.id,
        ra1_0.created_at,
        ra1_0.description,
        ra1_0.location,
        ra1_0.name,
        ra1_0.owner,
        ra1_0.risk_level,
        ra1_0.risk_score,
        ra1_0.type,
        ra1_0.updated_at,
        ra1_0.asset_value 
    from
        risk_assets ra1_0 
    where
        ra1_0.risk_level=?
2025-06-13T05:35:45.116Z DEBUG 5621 --- [risk-assets-api] [io-12000-exec-1] o.s.w.s.m.m.a.HttpEntityMethodProcessor  : Using 'application/json', given [*/*] and supported [application/json, application/*+json]
Hibernate: 
    select
        sum(ra1_0.asset_value) 
    from
        risk_assets ra1_0
2025-06-13T05:35:45.116Z DEBUG 5621 --- [risk-assets-api] [io-12000-exec-1] o.s.w.s.m.m.a.HttpEntityMethodProcessor  : Writing [[com.jpmc.riskassets.model.RiskAsset@50810977, com.jpmc.riskassets.model.RiskAsset@2a27865e, com.jpm (truncated)...]
Hibernate: 
    select
        avg(ra1_0.risk_score) 
    from
        risk_assets ra1_0
2025-06-13T05:35:45.117Z DEBUG 5621 --- [risk-assets-api] [io-12000-exec-1] o.s.web.servlet.DispatcherServlet        : Completed 200 OK
Hibernate: 
    select
        count(ra1_0.id) 
    from
        risk_assets ra1_0 
    where
        ra1_0.risk_level=?
Hibernate: 
    select
        count(ra1_0.id) 
    from
        risk_assets ra1_0 
    where
        ra1_0.risk_level=?
Hibernate: 
    select
        count(ra1_0.id) 
    from
        risk_assets ra1_0 
    where
        ra1_0.risk_level=?
Hibernate: 
    select
        count(ra1_0.id) 
    from
        risk_assets ra1_0 
    where
        ra1_0.risk_level=?
2025-06-13T05:35:45.119Z DEBUG 5621 --- [risk-assets-api] [io-12000-exec-4] o.s.w.s.m.m.a.HttpEntityMethodProcessor  : Using 'application/json', given [*/*] and supported [application/json, application/*+json]
2025-06-13T05:35:45.119Z DEBUG 5621 --- [risk-assets-api] [io-12000-exec-4] o.s.w.s.m.m.a.HttpEntityMethodProcessor  : Writing [com.jpmc.riskassets.model.RiskSummary@2fef9aac]
2025-06-13T05:35:45.119Z DEBUG 5621 --- [risk-assets-api] [io-12000-exec-4] o.s.web.servlet.DispatcherServlet        : Completed 200 OK
2025-06-13T05:35:45.115Z DEBUG 5621 --- [risk-assets-api] [io-12000-exec-7] o.s.web.servlet.DispatcherServlet        : GET "/api/assets/1", parameters={}
2025-06-13T05:35:45.116Z DEBUG 5621 --- [risk-assets-api] [io-12000-exec-5] o.s.w.s.m.m.a.HttpEntityMethodProcessor  : Using 'application/json', given [*/*] and supported [application/json, application/*+json]
2025-06-13T05:35:45.119Z DEBUG 5621 --- [risk-assets-api] [io-12000-exec-5] o.s.w.s.m.m.a.HttpEntityMethodProcessor  : Writing [[com.jpmc.riskassets.model.RiskAsset@20c1372c, com.jpmc.riskassets.model.RiskAsset@7ea12b84, com.jpm (truncated)...]
2025-06-13T05:35:45.119Z DEBUG 5621 --- [risk-assets-api] [io-12000-exec-7] s.w.s.m.m.a.RequestMappingHandlerMapping : Mapped to com.jpmc.riskassets.controller.RiskAssetController#getAssetById(Long)
2025-06-13T05:35:45.120Z DEBUG 5621 --- [risk-assets-api] [io-12000-exec-5] o.s.web.servlet.DispatcherServlet        : Completed 200 OK
Hibernate: 
    select
        ra1_0.id,
        ra1_0.created_at,
        ra1_0.description,
        ra1_0.location,
        ra1_0.name,
        ra1_0.owner,
        ra1_0.risk_level,
        ra1_0.risk_score,
        ra1_0.type,
        ra1_0.updated_at,
        ra1_0.asset_value 
    from
        risk_assets ra1_0 
    where
        ra1_0.id=?
2025-06-13T05:35:45.120Z DEBUG 5621 --- [risk-assets-api] [io-12000-exec-7] o.s.w.s.m.m.a.HttpEntityMethodProcessor  : Using 'application/json', given [*/*] and supported [application/json, application/*+json]
2025-06-13T05:35:45.120Z DEBUG 5621 --- [risk-assets-api] [io-12000-exec-7] o.s.w.s.m.m.a.HttpEntityMethodProcessor  : Writing [com.jpmc.riskassets.model.RiskAsset@429ca35]
2025-06-13T05:35:45.120Z DEBUG 5621 --- [risk-assets-api] [io-12000-exec-7] o.s.web.servlet.DispatcherServlet        : Completed 200 OK
2025-06-13T05:35:45.217Z DEBUG 5621 --- [risk-assets-api] [io-12000-exec-1] o.s.web.servlet.DispatcherServlet        : GET "/api/assets/risk-summary", parameters={}
2025-06-13T05:35:45.217Z DEBUG 5621 --- [risk-assets-api] [io-12000-exec-9] o.s.web.servlet.DispatcherServlet        : GET "/api/assets/risk-level/HIGH", parameters={}
2025-06-13T05:35:45.217Z DEBUG 5621 --- [risk-assets-api] [io-12000-exec-9] s.w.s.m.m.a.RequestMappingHandlerMapping : Mapped to com.jpmc.riskassets.controller.RiskAssetController#getAssetsByRiskLevel(RiskLevel)
2025-06-13T05:35:45.217Z DEBUG 5621 --- [risk-assets-api] [io-12000-exec-1] s.w.s.m.m.a.RequestMappingHandlerMapping : Mapped to com.jpmc.riskassets.controller.RiskAssetController#getRiskSummary()
2025-06-13T05:35:45.217Z DEBUG 5621 --- [risk-assets-api] [io-12000-exec-3] o.s.web.servlet.DispatcherServlet        : GET "/api/assets/1", parameters={}
2025-06-13T05:35:45.218Z DEBUG 5621 --- [risk-assets-api] [io-12000-exec-3] s.w.s.m.m.a.RequestMappingHandlerMapping : Mapped to com.jpmc.riskassets.controller.RiskAssetController#getAssetById(Long)
Hibernate: 
    select
        count(*) 
    from
        risk_assets ra1_0
Hibernate: 
    select
        ra1_0.id,
        ra1_0.created_at,
        ra1_0.description,
        ra1_0.location,
        ra1_0.name,
        ra1_0.owner,
        ra1_0.risk_level,
        ra1_0.risk_score,
        ra1_0.type,
        ra1_0.updated_at,
        ra1_0.asset_value 
    from
        risk_assets ra1_0 
    where
        ra1_0.id=?
2025-06-13T05:35:45.219Z DEBUG 5621 --- [risk-assets-api] [io-12000-exec-3] o.s.w.s.m.m.a.HttpEntityMethodProcessor  : Using 'application/json', given [*/*] and supported [application/json, application/*+json]
2025-06-13T05:35:45.219Z DEBUG 5621 --- [risk-assets-api] [io-12000-exec-3] o.s.w.s.m.m.a.HttpEntityMethodProcessor  : Writing [com.jpmc.riskassets.model.RiskAsset@27ddd09d]
Hibernate: 
    select
        ra1_0.id,
        ra1_0.created_at,
        ra1_0.description,
        ra1_0.location,
        ra1_0.name,
        ra1_0.owner,
        ra1_0.risk_level,
        ra1_0.risk_score,
        ra1_0.type,
        ra1_0.updated_at,
        ra1_0.asset_value 
    from
        risk_assets ra1_0 
    where
        ra1_0.risk_level=?
Hibernate: 
    select
        sum(ra1_0.asset_value) 
    from
        risk_assets ra1_0
2025-06-13T05:35:45.219Z DEBUG 5621 --- [risk-assets-api] [o-12000-exec-10] o.s.web.servlet.DispatcherServlet        : GET "/api/assets", parameters={}
2025-06-13T05:35:45.219Z DEBUG 5621 --- [risk-assets-api] [io-12000-exec-9] o.s.w.s.m.m.a.HttpEntityMethodProcessor  : Using 'application/json', given [*/*] and supported [application/json, application/*+json]
2025-06-13T05:35:45.219Z DEBUG 5621 --- [risk-assets-api] [o-12000-exec-10] s.w.s.m.m.a.RequestMappingHandlerMapping : Mapped to com.jpmc.riskassets.controller.RiskAssetController#getAllAssets()
2025-06-13T05:35:45.219Z DEBUG 5621 --- [risk-assets-api] [io-12000-exec-9] o.s.w.s.m.m.a.HttpEntityMethodProcessor  : Writing [[com.jpmc.riskassets.model.RiskAsset@7f4504e8, com.jpmc.riskassets.model.RiskAsset@43493fbd, com.jpm (truncated)...]
Hibernate: 
    select
        avg(ra1_0.risk_score) 
    from
        risk_assets ra1_0
2025-06-13T05:35:45.220Z DEBUG 5621 --- [risk-assets-api] [io-12000-exec-9] o.s.web.servlet.DispatcherServlet        : Completed 200 OK
Hibernate: 
    select
        count(ra1_0.id) 
    from
        risk_assets ra1_0 
    where
        ra1_0.risk_level=?
2025-06-13T05:35:45.219Z DEBUG 5621 --- [risk-assets-api] [io-12000-exec-3] o.s.web.servlet.DispatcherServlet        : Completed 200 OK
Hibernate: 
    select
        ra1_0.id,
        ra1_0.created_at,
        ra1_0.description,
        ra1_0.location,
        ra1_0.name,
        ra1_0.owner,
        ra1_0.risk_level,
        ra1_0.risk_score,
        ra1_0.type,
        ra1_0.updated_at,
        ra1_0.asset_value 
    from
        risk_assets ra1_0
Hibernate: 
    select
        count(ra1_0.id) 
    from
        risk_assets ra1_0 
    where
        ra1_0.risk_level=?
Hibernate: 
    select
        count(ra1_0.id) 
    from
        risk_assets ra1_0 
    where
        ra1_0.risk_level=?
Hibernate: 
    select
        count(ra1_0.id) 
    from
        risk_assets ra1_0 
    where
        ra1_0.risk_level=?
2025-06-13T05:35:45.222Z DEBUG 5621 --- [risk-assets-api] [o-12000-exec-10] o.s.w.s.m.m.a.HttpEntityMethodProcessor  : Using 'application/json', given [*/*] and supported [application/json, application/*+json]
2025-06-13T05:35:45.222Z DEBUG 5621 --- [risk-assets-api] [o-12000-exec-10] o.s.w.s.m.m.a.HttpEntityMethodProcessor  : Writing [[com.jpmc.riskassets.model.RiskAsset@32a80005, com.jpmc.riskassets.model.RiskAsset@3f587cf3, com.jpm (truncated)...]
2025-06-13T05:35:45.222Z DEBUG 5621 --- [risk-assets-api] [io-12000-exec-1] o.s.w.s.m.m.a.HttpEntityMethodProcessor  : Using 'application/json', given [*/*] and supported [application/json, application/*+json]
2025-06-13T05:35:45.222Z DEBUG 5621 --- [risk-assets-api] [io-12000-exec-1] o.s.w.s.m.m.a.HttpEntityMethodProcessor  : Writing [com.jpmc.riskassets.model.RiskSummary@6ec42ced]
2025-06-13T05:35:45.222Z DEBUG 5621 --- [risk-assets-api] [o-12000-exec-10] o.s.web.servlet.DispatcherServlet        : Completed 200 OK
2025-06-13T05:35:45.223Z DEBUG 5621 --- [risk-assets-api] [io-12000-exec-1] o.s.web.servlet.DispatcherServlet        : Completed 200 OK
2025-06-13T05:35:45.320Z DEBUG 5621 --- [risk-assets-api] [io-12000-exec-8] o.s.web.servlet.DispatcherServlet        : GET "/api/assets/1", parameters={}
2025-06-13T05:35:45.320Z DEBUG 5621 --- [risk-assets-api] [io-12000-exec-8] s.w.s.m.m.a.RequestMappingHandlerMapping : Mapped to com.jpmc.riskassets.controller.RiskAssetController#getAssetById(Long)
Hibernate: 
    select
        ra1_0.id,
        ra1_0.created_at,
        ra1_0.description,
        ra1_0.location,
        ra1_0.name,
        ra1_0.owner,
        ra1_0.risk_level,
        ra1_0.risk_score,
        ra1_0.type,
        ra1_0.updated_at,
        ra1_0.asset_value 
    from
        risk_assets ra1_0 
    where
        ra1_0.id=?
2025-06-13T05:35:45.321Z DEBUG 5621 --- [risk-assets-api] [io-12000-exec-6] o.s.web.servlet.DispatcherServlet        : GET "/api/assets", parameters={}
2025-06-13T05:35:45.321Z DEBUG 5621 --- [risk-assets-api] [io-12000-exec-6] s.w.s.m.m.a.RequestMappingHandlerMapping : Mapped to com.jpmc.riskassets.controller.RiskAssetController#getAllAssets()
2025-06-13T05:35:45.321Z DEBUG 5621 --- [risk-assets-api] [io-12000-exec-8] o.s.w.s.m.m.a.HttpEntityMethodProcessor  : Using 'application/json', given [*/*] and supported [application/json, application/*+json]
2025-06-13T05:35:45.321Z DEBUG 5621 --- [risk-assets-api] [io-12000-exec-8] o.s.w.s.m.m.a.HttpEntityMethodProcessor  : Writing [com.jpmc.riskassets.model.RiskAsset@5ac19ed4]
2025-06-13T05:35:45.322Z DEBUG 5621 --- [risk-assets-api] [io-12000-exec-8] o.s.web.servlet.DispatcherServlet        : Completed 200 OK
Hibernate: 
    select
        ra1_0.id,
        ra1_0.created_at,
        ra1_0.description,
        ra1_0.location,
        ra1_0.name,
        ra1_0.owner,
        ra1_0.risk_level,
        ra1_0.risk_score,
        ra1_0.type,
        ra1_0.updated_at,
        ra1_0.asset_value 
    from
        risk_assets ra1_0
2025-06-13T05:35:45.323Z DEBUG 5621 --- [risk-assets-api] [io-12000-exec-9] o.s.web.servlet.DispatcherServlet        : GET "/api/assets/risk-summary", parameters={}
2025-06-13T05:35:45.323Z DEBUG 5621 --- [risk-assets-api] [io-12000-exec-6] o.s.w.s.m.m.a.HttpEntityMethodProcessor  : Using 'application/json', given [*/*] and supported [application/json, application/*+json]
2025-06-13T05:35:45.323Z DEBUG 5621 --- [risk-assets-api] [io-12000-exec-6] o.s.w.s.m.m.a.HttpEntityMethodProcessor  : Writing [[com.jpmc.riskassets.model.RiskAsset@4b4bc37d, com.jpmc.riskassets.model.RiskAsset@7bc00f9d, com.jpm (truncated)...]
2025-06-13T05:35:45.323Z DEBUG 5621 --- [risk-assets-api] [io-12000-exec-9] s.w.s.m.m.a.RequestMappingHandlerMapping : Mapped to com.jpmc.riskassets.controller.RiskAssetController#getRiskSummary()
2025-06-13T05:35:45.324Z DEBUG 5621 --- [risk-assets-api] [io-12000-exec-5] o.s.web.servlet.DispatcherServlet        : GET "/api/assets/risk-level/HIGH", parameters={}
2025-06-13T05:35:45.324Z DEBUG 5621 --- [risk-assets-api] [io-12000-exec-5] s.w.s.m.m.a.RequestMappingHandlerMapping : Mapped to com.jpmc.riskassets.controller.RiskAssetController#getAssetsByRiskLevel(RiskLevel)
Hibernate: 
    select
        count(*) 
    from
        risk_assets ra1_0
2025-06-13T05:35:45.324Z DEBUG 5621 --- [risk-assets-api] [io-12000-exec-6] o.s.web.servlet.DispatcherServlet        : Completed 200 OK
Hibernate: 
    select
        sum(ra1_0.asset_value) 
    from
        risk_assets ra1_0
Hibernate: 
    select
        ra1_0.id,
        ra1_0.created_at,
        ra1_0.description,
        ra1_0.location,
        ra1_0.name,
        ra1_0.owner,
        ra1_0.risk_level,
        ra1_0.risk_score,
        ra1_0.type,
        ra1_0.updated_at,
        ra1_0.asset_value 
    from
        risk_assets ra1_0 
    where
        ra1_0.risk_level=?
Hibernate: 
    select
        avg(ra1_0.risk_score) 
    from
        risk_assets ra1_0
2025-06-13T05:35:45.325Z DEBUG 5621 --- [risk-assets-api] [io-12000-exec-5] o.s.w.s.m.m.a.HttpEntityMethodProcessor  : Using 'application/json', given [*/*] and supported [application/json, application/*+json]
2025-06-13T05:35:45.325Z DEBUG 5621 --- [risk-assets-api] [io-12000-exec-5] o.s.w.s.m.m.a.HttpEntityMethodProcessor  : Writing [[com.jpmc.riskassets.model.RiskAsset@1bb7a55d, com.jpmc.riskassets.model.RiskAsset@74848ae0, com.jpm (truncated)...]
2025-06-13T05:35:45.326Z DEBUG 5621 --- [risk-assets-api] [io-12000-exec-5] o.s.web.servlet.DispatcherServlet        : Completed 200 OK
Hibernate: 
    select
        count(ra1_0.id) 
    from
        risk_assets ra1_0 
    where
        ra1_0.risk_level=?
Hibernate: 
    select
        count(ra1_0.id) 
    from
        risk_assets ra1_0 
    where
        ra1_0.risk_level=?
Hibernate: 
    select
        count(ra1_0.id) 
    from
        risk_assets ra1_0 
    where
        ra1_0.risk_level=?
Hibernate: 
    select
        count(ra1_0.id) 
    from
        risk_assets ra1_0 
    where
        ra1_0.risk_level=?
2025-06-13T05:35:45.327Z DEBUG 5621 --- [risk-assets-api] [io-12000-exec-9] o.s.w.s.m.m.a.HttpEntityMethodProcessor  : Using 'application/json', given [*/*] and supported [application/json, application/*+json]
2025-06-13T05:35:45.327Z DEBUG 5621 --- [risk-assets-api] [io-12000-exec-9] o.s.w.s.m.m.a.HttpEntityMethodProcessor  : Writing [com.jpmc.riskassets.model.RiskSummary@6884d6ec]
2025-06-13T05:35:45.328Z DEBUG 5621 --- [risk-assets-api] [io-12000-exec-9] o.s.web.servlet.DispatcherServlet        : Completed 200 OK
2025-06-13T05:35:45.420Z DEBUG 5621 --- [risk-assets-api] [io-12000-exec-8] o.s.web.servlet.DispatcherServlet        : GET "/api/assets", parameters={}
2025-06-13T05:35:45.421Z DEBUG 5621 --- [risk-assets-api] [io-12000-exec-3] o.s.web.servlet.DispatcherServlet        : GET "/api/assets/risk-level/HIGH", parameters={}
2025-06-13T05:35:45.421Z DEBUG 5621 --- [risk-assets-api] [io-12000-exec-8] s.w.s.m.m.a.RequestMappingHandlerMapping : Mapped to com.jpmc.riskassets.controller.RiskAssetController#getAllAssets()
2025-06-13T05:35:45.421Z DEBUG 5621 --- [risk-assets-api] [io-12000-exec-3] s.w.s.m.m.a.RequestMappingHandlerMapping : Mapped to com.jpmc.riskassets.controller.RiskAssetController#getAssetsByRiskLevel(RiskLevel)
2025-06-13T05:35:45.421Z DEBUG 5621 --- [risk-assets-api] [io-12000-exec-2] o.s.web.servlet.DispatcherServlet        : GET "/api/assets/risk-summary", parameters={}
2025-06-13T05:35:45.421Z DEBUG 5621 --- [risk-assets-api] [io-12000-exec-7] o.s.web.servlet.DispatcherServlet        : GET "/api/assets/1", parameters={}
2025-06-13T05:35:45.421Z DEBUG 5621 --- [risk-assets-api] [io-12000-exec-7] s.w.s.m.m.a.RequestMappingHandlerMapping : Mapped to com.jpmc.riskassets.controller.RiskAssetController#getAssetById(Long)
Hibernate: 
    select
        ra1_0.id,
        ra1_0.created_at,
        ra1_0.description,
        ra1_0.location,
        ra1_0.name,
        ra1_0.owner,
        ra1_0.risk_level,
        ra1_0.risk_score,
        ra1_0.type,
        ra1_0.updated_at,
        ra1_0.asset_value 
    from
        risk_assets ra1_0 
    where
        ra1_0.id=?
Hibernate: 
    select
        ra1_0.id,
        ra1_0.created_at,
        ra1_0.description,
        ra1_0.location,
        ra1_0.name,
        ra1_0.owner,
        ra1_0.risk_level,
        ra1_0.risk_score,
        ra1_0.type,
        ra1_0.updated_at,
        ra1_0.asset_value 
    from
        risk_assets ra1_0
Hibernate: 
    select
        ra1_0.id,
        ra1_0.created_at,
        ra1_0.description,
        ra1_0.location,
        ra1_0.name,
        ra1_0.owner,
        ra1_0.risk_level,
        ra1_0.risk_score,
        ra1_0.type,
        ra1_0.updated_at,
        ra1_0.asset_value 
    from
        risk_assets ra1_0 
    where
        ra1_0.risk_level=?
2025-06-13T05:35:45.422Z DEBUG 5621 --- [risk-assets-api] [io-12000-exec-7] o.s.w.s.m.m.a.HttpEntityMethodProcessor  : Using 'application/json', given [*/*] and supported [application/json, application/*+json]
2025-06-13T05:35:45.422Z DEBUG 5621 --- [risk-assets-api] [io-12000-exec-7] o.s.w.s.m.m.a.HttpEntityMethodProcessor  : Writing [com.jpmc.riskassets.model.RiskAsset@284fec6a]
2025-06-13T05:35:45.422Z DEBUG 5621 --- [risk-assets-api] [io-12000-exec-8] o.s.w.s.m.m.a.HttpEntityMethodProcessor  : Using 'application/json', given [*/*] and supported [application/json, application/*+json]
2025-06-13T05:35:45.422Z DEBUG 5621 --- [risk-assets-api] [io-12000-exec-3] o.s.w.s.m.m.a.HttpEntityMethodProcessor  : Using 'application/json', given [*/*] and supported [application/json, application/*+json]
2025-06-13T05:35:45.422Z DEBUG 5621 --- [risk-assets-api] [io-12000-exec-8] o.s.w.s.m.m.a.HttpEntityMethodProcessor  : Writing [[com.jpmc.riskassets.model.RiskAsset@263e4525, com.jpmc.riskassets.model.RiskAsset@7fd809f4, com.jpm (truncated)...]
2025-06-13T05:35:45.422Z DEBUG 5621 --- [risk-assets-api] [io-12000-exec-3] o.s.w.s.m.m.a.HttpEntityMethodProcessor  : Writing [[com.jpmc.riskassets.model.RiskAsset@6644799b, com.jpmc.riskassets.model.RiskAsset@4da4a8f2, com.jpm (truncated)...]
2025-06-13T05:35:45.423Z DEBUG 5621 --- [risk-assets-api] [io-12000-exec-7] o.s.web.servlet.DispatcherServlet        : Completed 200 OK
2025-06-13T05:35:45.423Z DEBUG 5621 --- [risk-assets-api] [io-12000-exec-3] o.s.web.servlet.DispatcherServlet        : Completed 200 OK
2025-06-13T05:35:45.423Z DEBUG 5621 --- [risk-assets-api] [io-12000-exec-8] o.s.web.servlet.DispatcherServlet        : Completed 200 OK
2025-06-13T05:35:45.423Z DEBUG 5621 --- [risk-assets-api] [io-12000-exec-2] s.w.s.m.m.a.RequestMappingHandlerMapping : Mapped to com.jpmc.riskassets.controller.RiskAssetController#getRiskSummary()
Hibernate: 
    select
        count(*) 
    from
        risk_assets ra1_0
Hibernate: 
    select
        sum(ra1_0.asset_value) 
    from
        risk_assets ra1_0
Hibernate: 
    select
        avg(ra1_0.risk_score) 
    from
        risk_assets ra1_0
Hibernate: 
    select
        count(ra1_0.id) 
    from
        risk_assets ra1_0 
    where
        ra1_0.risk_level=?
Hibernate: 
    select
        count(ra1_0.id) 
    from
        risk_assets ra1_0 
    where
        ra1_0.risk_level=?
Hibernate: 
    select
        count(ra1_0.id) 
    from
        risk_assets ra1_0 
    where
        ra1_0.risk_level=?
Hibernate: 
    select
        count(ra1_0.id) 
    from
        risk_assets ra1_0 
    where
        ra1_0.risk_level=?
2025-06-13T05:35:45.428Z DEBUG 5621 --- [risk-assets-api] [io-12000-exec-2] o.s.w.s.m.m.a.HttpEntityMethodProcessor  : Using 'application/json', given [*/*] and supported [application/json, application/*+json]
2025-06-13T05:35:45.428Z DEBUG 5621 --- [risk-assets-api] [io-12000-exec-2] o.s.w.s.m.m.a.HttpEntityMethodProcessor  : Writing [com.jpmc.riskassets.model.RiskSummary@413c9bf7]
2025-06-13T05:35:45.428Z DEBUG 5621 --- [risk-assets-api] [io-12000-exec-2] o.s.web.servlet.DispatcherServlet        : Completed 200 OK
2025-06-13T05:35:45.523Z DEBUG 5621 --- [risk-assets-api] [io-12000-exec-7] o.s.web.servlet.DispatcherServlet        : GET "/api/assets/risk-level/HIGH", parameters={}
2025-06-13T05:35:45.523Z DEBUG 5621 --- [risk-assets-api] [io-12000-exec-1] o.s.web.servlet.DispatcherServlet        : GET "/api/assets/risk-summary", parameters={}
2025-06-13T05:35:45.523Z DEBUG 5621 --- [risk-assets-api] [io-12000-exec-7] s.w.s.m.m.a.RequestMappingHandlerMapping : Mapped to com.jpmc.riskassets.controller.RiskAssetController#getAssetsByRiskLevel(RiskLevel)
2025-06-13T05:35:45.523Z DEBUG 5621 --- [risk-assets-api] [io-12000-exec-1] s.w.s.m.m.a.RequestMappingHandlerMapping : Mapped to com.jpmc.riskassets.controller.RiskAssetController#getRiskSummary()
2025-06-13T05:35:45.524Z DEBUG 5621 --- [risk-assets-api] [io-12000-exec-3] o.s.web.servlet.DispatcherServlet        : GET "/api/assets/1", parameters={}
2025-06-13T05:35:45.524Z DEBUG 5621 --- [risk-assets-api] [io-12000-exec-3] s.w.s.m.m.a.RequestMappingHandlerMapping : Mapped to com.jpmc.riskassets.controller.RiskAssetController#getAssetById(Long)
Hibernate: 
    select
        count(*) 
    from
        risk_assets ra1_0
Hibernate: 
    select
        ra1_0.id,
        ra1_0.created_at,
        ra1_0.description,
        ra1_0.location,
        ra1_0.name,
        ra1_0.owner,
        ra1_0.risk_level,
        ra1_0.risk_score,
        ra1_0.type,
        ra1_0.updated_at,
        ra1_0.asset_value 
    from
        risk_assets ra1_0 
    where
        ra1_0.id=?
2025-06-13T05:35:45.525Z DEBUG 5621 --- [risk-assets-api] [io-12000-exec-3] o.s.w.s.m.m.a.HttpEntityMethodProcessor  : Using 'application/json', given [*/*] and supported [application/json, application/*+json]
Hibernate: 
    select
        ra1_0.id,
        ra1_0.created_at,
        ra1_0.description,
        ra1_0.location,
        ra1_0.name,
        ra1_0.owner,
        ra1_0.risk_level,
        ra1_0.risk_score,
        ra1_0.type,
        ra1_0.updated_at,
        ra1_0.asset_value 
    from
        risk_assets ra1_0 
    where
        ra1_0.risk_level=?
2025-06-13T05:35:45.525Z DEBUG 5621 --- [risk-assets-api] [io-12000-exec-3] o.s.w.s.m.m.a.HttpEntityMethodProcessor  : Writing [com.jpmc.riskassets.model.RiskAsset@10b452f4]
Hibernate: 
    select
        sum(ra1_0.asset_value) 
    from
        risk_assets ra1_0
2025-06-13T05:35:45.525Z DEBUG 5621 --- [risk-assets-api] [io-12000-exec-7] o.s.w.s.m.m.a.HttpEntityMethodProcessor  : Using 'application/json', given [*/*] and supported [application/json, application/*+json]
2025-06-13T05:35:45.525Z DEBUG 5621 --- [risk-assets-api] [io-12000-exec-7] o.s.w.s.m.m.a.HttpEntityMethodProcessor  : Writing [[com.jpmc.riskassets.model.RiskAsset@39d7cc4, com.jpmc.riskassets.model.RiskAsset@f7eb001, com.jpmc. (truncated)...]
Hibernate: 
    select
        avg(ra1_0.risk_score) 
    from
        risk_assets ra1_0
2025-06-13T05:35:45.525Z DEBUG 5621 --- [risk-assets-api] [io-12000-exec-3] o.s.web.servlet.DispatcherServlet        : Completed 200 OK
2025-06-13T05:35:45.525Z DEBUG 5621 --- [risk-assets-api] [io-12000-exec-7] o.s.web.servlet.DispatcherServlet        : Completed 200 OK
2025-06-13T05:35:45.525Z DEBUG 5621 --- [risk-assets-api] [io-12000-exec-9] o.s.web.servlet.DispatcherServlet        : GET "/api/assets", parameters={}
Hibernate: 
    select
        count(ra1_0.id) 
    from
        risk_assets ra1_0 
    where
        ra1_0.risk_level=?
2025-06-13T05:35:45.526Z DEBUG 5621 --- [risk-assets-api] [io-12000-exec-9] s.w.s.m.m.a.RequestMappingHandlerMapping : Mapped to com.jpmc.riskassets.controller.RiskAssetController#getAllAssets()
Hibernate: 
    select
        count(ra1_0.id) 
    from
        risk_assets ra1_0 
    where
        ra1_0.risk_level=?
Hibernate: 
    select
        ra1_0.id,
        ra1_0.created_at,
        ra1_0.description,
        ra1_0.location,
        ra1_0.name,
        ra1_0.owner,
        ra1_0.risk_level,
        ra1_0.risk_score,
        ra1_0.type,
        ra1_0.updated_at,
        ra1_0.asset_value 
    from
        risk_assets ra1_0
Hibernate: 
    select
        count(ra1_0.id) 
    from
        risk_assets ra1_0 
    where
        ra1_0.risk_level=?
2025-06-13T05:35:45.527Z DEBUG 5621 --- [risk-assets-api] [io-12000-exec-9] o.s.w.s.m.m.a.HttpEntityMethodProcessor  : Using 'application/json', given [*/*] and supported [application/json, application/*+json]
2025-06-13T05:35:45.527Z DEBUG 5621 --- [risk-assets-api] [io-12000-exec-9] o.s.w.s.m.m.a.HttpEntityMethodProcessor  : Writing [[com.jpmc.riskassets.model.RiskAsset@76f39eca, com.jpmc.riskassets.model.RiskAsset@18b03b71, com.jpm (truncated)...]
Hibernate: 
    select
        count(ra1_0.id) 
    from
        risk_assets ra1_0 
    where
        ra1_0.risk_level=?
2025-06-13T05:35:45.527Z DEBUG 5621 --- [risk-assets-api] [io-12000-exec-9] o.s.web.servlet.DispatcherServlet        : Completed 200 OK
2025-06-13T05:35:45.527Z DEBUG 5621 --- [risk-assets-api] [io-12000-exec-1] o.s.w.s.m.m.a.HttpEntityMethodProcessor  : Using 'application/json', given [*/*] and supported [application/json, application/*+json]
2025-06-13T05:35:45.527Z DEBUG 5621 --- [risk-assets-api] [io-12000-exec-1] o.s.w.s.m.m.a.HttpEntityMethodProcessor  : Writing [com.jpmc.riskassets.model.RiskSummary@6b911549]
2025-06-13T05:35:45.528Z DEBUG 5621 --- [risk-assets-api] [io-12000-exec-1] o.s.web.servlet.DispatcherServlet        : Completed 200 OK
2025-06-13T05:35:47.348Z DEBUG 5621 --- [risk-assets-api] [io-12000-exec-2] o.s.web.servlet.DispatcherServlet        : GET "/actuator/prometheus", parameters={}
2025-06-13T05:35:47.349Z DEBUG 5621 --- [risk-assets-api] [io-12000-exec-2] m.m.a.RequestResponseBodyMethodProcessor : Read "application/octet-stream" to []
2025-06-13T05:35:47.353Z DEBUG 5621 --- [risk-assets-api] [io-12000-exec-2] o.s.w.s.m.m.a.HttpEntityMethodProcessor  : Found 'Content-Type:application/openmetrics-text;version=1.0.0;charset=utf-8' in response
2025-06-13T05:35:47.353Z DEBUG 5621 --- [risk-assets-api] [io-12000-exec-2] o.s.w.s.m.m.a.HttpEntityMethodProcessor  : Writing ["# TYPE hikaricp_connections_timeout counter<EOL># HELP hikaricp_connections_timeout Connection timeout t (truncated)..."]
2025-06-13T05:35:47.354Z DEBUG 5621 --- [risk-assets-api] [io-12000-exec-2] o.s.web.servlet.DispatcherServlet        : Completed 200 OK
2025-06-13T05:35:52.346Z DEBUG 5621 --- [risk-assets-api] [io-12000-exec-4] o.s.web.servlet.DispatcherServlet        : GET "/actuator/prometheus", parameters={}
2025-06-13T05:35:52.347Z DEBUG 5621 --- [risk-assets-api] [io-12000-exec-4] m.m.a.RequestResponseBodyMethodProcessor : Read "application/octet-stream" to []
2025-06-13T05:35:52.350Z DEBUG 5621 --- [risk-assets-api] [io-12000-exec-4] o.s.w.s.m.m.a.HttpEntityMethodProcessor  : Found 'Content-Type:application/openmetrics-text;version=1.0.0;charset=utf-8' in response
2025-06-13T05:35:52.350Z DEBUG 5621 --- [risk-assets-api] [io-12000-exec-4] o.s.w.s.m.m.a.HttpEntityMethodProcessor  : Writing ["# TYPE hikaricp_connections_timeout counter<EOL># HELP hikaricp_connections_timeout Connection timeout t (truncated)..."]
2025-06-13T05:35:52.350Z DEBUG 5621 --- [risk-assets-api] [io-12000-exec-4] o.s.web.servlet.DispatcherServlet        : Completed 200 OK
2025-06-13T05:35:57.348Z DEBUG 5621 --- [risk-assets-api] [io-12000-exec-7] o.s.web.servlet.DispatcherServlet        : GET "/actuator/prometheus", parameters={}
2025-06-13T05:35:57.349Z DEBUG 5621 --- [risk-assets-api] [io-12000-exec-7] m.m.a.RequestResponseBodyMethodProcessor : Read "application/octet-stream" to []
2025-06-13T05:35:57.351Z DEBUG 5621 --- [risk-assets-api] [io-12000-exec-7] o.s.w.s.m.m.a.HttpEntityMethodProcessor  : Found 'Content-Type:application/openmetrics-text;version=1.0.0;charset=utf-8' in response
2025-06-13T05:35:57.352Z DEBUG 5621 --- [risk-assets-api] [io-12000-exec-7] o.s.w.s.m.m.a.HttpEntityMethodProcessor  : Writing ["# TYPE hikaricp_connections_timeout counter<EOL># HELP hikaricp_connections_timeout Connection timeout t (truncated)..."]
2025-06-13T05:35:57.352Z DEBUG 5621 --- [risk-assets-api] [io-12000-exec-7] o.s.web.servlet.DispatcherServlet        : Completed 200 OK
2025-06-13T05:36:02.347Z DEBUG 5621 --- [risk-assets-api] [io-12000-exec-9] o.s.web.servlet.DispatcherServlet        : GET "/actuator/prometheus", parameters={}
2025-06-13T05:36:02.348Z DEBUG 5621 --- [risk-assets-api] [io-12000-exec-9] m.m.a.RequestResponseBodyMethodProcessor : Read "application/octet-stream" to []
2025-06-13T05:36:02.350Z DEBUG 5621 --- [risk-assets-api] [io-12000-exec-9] o.s.w.s.m.m.a.HttpEntityMethodProcessor  : Found 'Content-Type:application/openmetrics-text;version=1.0.0;charset=utf-8' in response
2025-06-13T05:36:02.350Z DEBUG 5621 --- [risk-assets-api] [io-12000-exec-9] o.s.w.s.m.m.a.HttpEntityMethodProcessor  : Writing ["# TYPE hikaricp_connections_timeout counter<EOL># HELP hikaricp_connections_timeout Connection timeout t (truncated)..."]
2025-06-13T05:36:02.350Z DEBUG 5621 --- [risk-assets-api] [io-12000-exec-9] o.s.web.servlet.DispatcherServlet        : Completed 200 OK
2025-06-13T05:36:07.347Z DEBUG 5621 --- [risk-assets-api] [io-12000-exec-3] o.s.web.servlet.DispatcherServlet        : GET "/actuator/prometheus", parameters={}
2025-06-13T05:36:07.348Z DEBUG 5621 --- [risk-assets-api] [io-12000-exec-3] m.m.a.RequestResponseBodyMethodProcessor : Read "application/octet-stream" to []
2025-06-13T05:36:07.350Z DEBUG 5621 --- [risk-assets-api] [io-12000-exec-3] o.s.w.s.m.m.a.HttpEntityMethodProcessor  : Found 'Content-Type:application/openmetrics-text;version=1.0.0;charset=utf-8' in response
2025-06-13T05:36:07.350Z DEBUG 5621 --- [risk-assets-api] [io-12000-exec-3] o.s.w.s.m.m.a.HttpEntityMethodProcessor  : Writing ["# TYPE hikaricp_connections_timeout counter<EOL># HELP hikaricp_connections_timeout Connection timeout t (truncated)..."]
2025-06-13T05:36:07.351Z DEBUG 5621 --- [risk-assets-api] [io-12000-exec-3] o.s.web.servlet.DispatcherServlet        : Completed 200 OK
2025-06-13T05:36:12.346Z DEBUG 5621 --- [risk-assets-api] [io-12000-exec-1] o.s.web.servlet.DispatcherServlet        : GET "/actuator/prometheus", parameters={}
2025-06-13T05:36:12.347Z DEBUG 5621 --- [risk-assets-api] [io-12000-exec-1] m.m.a.RequestResponseBodyMethodProcessor : Read "application/octet-stream" to []
2025-06-13T05:36:12.349Z DEBUG 5621 --- [risk-assets-api] [io-12000-exec-1] o.s.w.s.m.m.a.HttpEntityMethodProcessor  : Found 'Content-Type:application/openmetrics-text;version=1.0.0;charset=utf-8' in response
2025-06-13T05:36:12.350Z DEBUG 5621 --- [risk-assets-api] [io-12000-exec-1] o.s.w.s.m.m.a.HttpEntityMethodProcessor  : Writing ["# TYPE hikaricp_connections_timeout counter<EOL># HELP hikaricp_connections_timeout Connection timeout t (truncated)..."]
2025-06-13T05:36:12.350Z DEBUG 5621 --- [risk-assets-api] [io-12000-exec-1] o.s.web.servlet.DispatcherServlet        : Completed 200 OK
2025-06-13T05:36:17.348Z DEBUG 5621 --- [risk-assets-api] [io-12000-exec-8] o.s.web.servlet.DispatcherServlet        : GET "/actuator/prometheus", parameters={}
2025-06-13T05:36:17.349Z DEBUG 5621 --- [risk-assets-api] [io-12000-exec-8] m.m.a.RequestResponseBodyMethodProcessor : Read "application/octet-stream" to []
2025-06-13T05:36:17.351Z DEBUG 5621 --- [risk-assets-api] [io-12000-exec-8] o.s.w.s.m.m.a.HttpEntityMethodProcessor  : Found 'Content-Type:application/openmetrics-text;version=1.0.0;charset=utf-8' in response
2025-06-13T05:36:17.351Z DEBUG 5621 --- [risk-assets-api] [io-12000-exec-8] o.s.w.s.m.m.a.HttpEntityMethodProcessor  : Writing ["# TYPE hikaricp_connections_timeout counter<EOL># HELP hikaricp_connections_timeout Connection timeout t (truncated)..."]
2025-06-13T05:36:17.352Z DEBUG 5621 --- [risk-assets-api] [io-12000-exec-8] o.s.web.servlet.DispatcherServlet        : Completed 200 OK
2025-06-13T05:36:22.348Z DEBUG 5621 --- [risk-assets-api] [io-12000-exec-6] o.s.web.servlet.DispatcherServlet        : GET "/actuator/prometheus", parameters={}
2025-06-13T05:36:22.349Z DEBUG 5621 --- [risk-assets-api] [io-12000-exec-6] m.m.a.RequestResponseBodyMethodProcessor : Read "application/octet-stream" to []
2025-06-13T05:36:22.352Z DEBUG 5621 --- [risk-assets-api] [io-12000-exec-6] o.s.w.s.m.m.a.HttpEntityMethodProcessor  : Found 'Content-Type:application/openmetrics-text;version=1.0.0;charset=utf-8' in response
2025-06-13T05:36:22.352Z DEBUG 5621 --- [risk-assets-api] [io-12000-exec-6] o.s.w.s.m.m.a.HttpEntityMethodProcessor  : Writing ["# TYPE hikaricp_connections_timeout counter<EOL># HELP hikaricp_connections_timeout Connection timeout t (truncated)..."]
2025-06-13T05:36:22.352Z DEBUG 5621 --- [risk-assets-api] [io-12000-exec-6] o.s.web.servlet.DispatcherServlet        : Completed 200 OK
2025-06-13T05:36:27.347Z DEBUG 5621 --- [risk-assets-api] [o-12000-exec-10] o.s.web.servlet.DispatcherServlet        : GET "/actuator/prometheus", parameters={}
2025-06-13T05:36:27.348Z DEBUG 5621 --- [risk-assets-api] [o-12000-exec-10] m.m.a.RequestResponseBodyMethodProcessor : Read "application/octet-stream" to []
2025-06-13T05:36:27.351Z DEBUG 5621 --- [risk-assets-api] [o-12000-exec-10] o.s.w.s.m.m.a.HttpEntityMethodProcessor  : Found 'Content-Type:application/openmetrics-text;version=1.0.0;charset=utf-8' in response
2025-06-13T05:36:27.351Z DEBUG 5621 --- [risk-assets-api] [o-12000-exec-10] o.s.w.s.m.m.a.HttpEntityMethodProcessor  : Writing ["# TYPE hikaricp_connections_timeout counter<EOL># HELP hikaricp_connections_timeout Connection timeout t (truncated)..."]
2025-06-13T05:36:27.351Z DEBUG 5621 --- [risk-assets-api] [o-12000-exec-10] o.s.web.servlet.DispatcherServlet        : Completed 200 OK
2025-06-13T05:36:32.347Z DEBUG 5621 --- [risk-assets-api] [io-12000-exec-5] o.s.web.servlet.DispatcherServlet        : GET "/actuator/prometheus", parameters={}
2025-06-13T05:36:32.348Z DEBUG 5621 --- [risk-assets-api] [io-12000-exec-5] m.m.a.RequestResponseBodyMethodProcessor : Read "application/octet-stream" to []
2025-06-13T05:36:32.350Z DEBUG 5621 --- [risk-assets-api] [io-12000-exec-5] o.s.w.s.m.m.a.HttpEntityMethodProcessor  : Found 'Content-Type:application/openmetrics-text;version=1.0.0;charset=utf-8' in response
2025-06-13T05:36:32.350Z DEBUG 5621 --- [risk-assets-api] [io-12000-exec-5] o.s.w.s.m.m.a.HttpEntityMethodProcessor  : Writing ["# TYPE hikaricp_connections_timeout counter<EOL># HELP hikaricp_connections_timeout Connection timeout t (truncated)..."]
2025-06-13T05:36:32.351Z DEBUG 5621 --- [risk-assets-api] [io-12000-exec-5] o.s.web.servlet.DispatcherServlet        : Completed 200 OK
2025-06-13T05:36:37.347Z DEBUG 5621 --- [risk-assets-api] [io-12000-exec-2] o.s.web.servlet.DispatcherServlet        : GET "/actuator/prometheus", parameters={}
2025-06-13T05:36:37.347Z DEBUG 5621 --- [risk-assets-api] [io-12000-exec-2] m.m.a.RequestResponseBodyMethodProcessor : Read "application/octet-stream" to []
2025-06-13T05:36:37.351Z DEBUG 5621 --- [risk-assets-api] [io-12000-exec-2] o.s.w.s.m.m.a.HttpEntityMethodProcessor  : Found 'Content-Type:application/openmetrics-text;version=1.0.0;charset=utf-8' in response
2025-06-13T05:36:37.351Z DEBUG 5621 --- [risk-assets-api] [io-12000-exec-2] o.s.w.s.m.m.a.HttpEntityMethodProcessor  : Writing ["# TYPE hikaricp_connections_timeout counter<EOL># HELP hikaricp_connections_timeout Connection timeout t (truncated)..."]
2025-06-13T05:36:37.351Z DEBUG 5621 --- [risk-assets-api] [io-12000-exec-2] o.s.web.servlet.DispatcherServlet        : Completed 200 OK
2025-06-13T05:36:38.232Z DEBUG 5621 --- [risk-assets-api] [io-12000-exec-4] o.s.web.servlet.DispatcherServlet        : GET "/grafana/", parameters={}
2025-06-13T05:36:38.233Z DEBUG 5621 --- [risk-assets-api] [io-12000-exec-4] s.w.s.m.m.a.RequestMappingHandlerMapping : Mapped to com.jpmc.riskassets.controller.GrafanaProxyController#proxyGrafana(HttpServletRequest, String)
2025-06-13T05:36:38.233Z DEBUG 5621 --- [risk-assets-api] [io-12000-exec-4] m.m.a.RequestResponseBodyMethodProcessor : Read "application/octet-stream" to []
2025-06-13T05:36:38.308Z DEBUG 5621 --- [risk-assets-api] [io-12000-exec-4] o.s.web.client.RestTemplate              : HTTP GET http://localhost:3000/
2025-06-13T05:36:38.313Z DEBUG 5621 --- [risk-assets-api] [io-12000-exec-4] o.s.web.client.RestTemplate              : Accept=[text/plain, application/json, application/*+json, */*]
2025-06-13T05:36:38.362Z DEBUG 5621 --- [risk-assets-api] [io-12000-exec-4] o.s.web.client.RestTemplate              : Response 200 OK
2025-06-13T05:36:38.363Z DEBUG 5621 --- [risk-assets-api] [io-12000-exec-4] o.s.web.client.RestTemplate              : Reading to [java.lang.String] as "text/html;charset=UTF-8"
2025-06-13T05:36:38.366Z DEBUG 5621 --- [risk-assets-api] [io-12000-exec-4] o.s.w.s.m.m.a.HttpEntityMethodProcessor  : Found 'Content-Type:text/html;charset=UTF-8' in response
2025-06-13T05:36:38.366Z DEBUG 5621 --- [risk-assets-api] [io-12000-exec-4] o.s.w.s.m.m.a.HttpEntityMethodProcessor  : Writing ["<!DOCTYPE html><EOL><html lang="en-US"><EOL>  <head><EOL>    <EOL>    <meta charset="utf-8" /><EOL>    <meta http-equiv= (truncated)..."]
2025-06-13T05:36:38.366Z DEBUG 5621 --- [risk-assets-api] [io-12000-exec-4] o.s.web.servlet.DispatcherServlet        : Completed 200 OK
2025-06-13T05:36:42.346Z DEBUG 5621 --- [risk-assets-api] [io-12000-exec-9] o.s.web.servlet.DispatcherServlet        : GET "/actuator/prometheus", parameters={}
2025-06-13T05:36:42.348Z DEBUG 5621 --- [risk-assets-api] [io-12000-exec-9] m.m.a.RequestResponseBodyMethodProcessor : Read "application/octet-stream" to []
2025-06-13T05:36:42.351Z DEBUG 5621 --- [risk-assets-api] [io-12000-exec-9] o.s.w.s.m.m.a.HttpEntityMethodProcessor  : Found 'Content-Type:application/openmetrics-text;version=1.0.0;charset=utf-8' in response
2025-06-13T05:36:42.351Z DEBUG 5621 --- [risk-assets-api] [io-12000-exec-9] o.s.w.s.m.m.a.HttpEntityMethodProcessor  : Writing ["# TYPE hikaricp_connections_timeout counter<EOL># HELP hikaricp_connections_timeout Connection timeout t (truncated)..."]
2025-06-13T05:36:42.351Z DEBUG 5621 --- [risk-assets-api] [io-12000-exec-9] o.s.web.servlet.DispatcherServlet        : Completed 200 OK
2025-06-13T05:36:47.348Z DEBUG 5621 --- [risk-assets-api] [io-12000-exec-3] o.s.web.servlet.DispatcherServlet        : GET "/actuator/prometheus", parameters={}
2025-06-13T05:36:47.348Z DEBUG 5621 --- [risk-assets-api] [io-12000-exec-3] m.m.a.RequestResponseBodyMethodProcessor : Read "application/octet-stream" to []
2025-06-13T05:36:47.351Z DEBUG 5621 --- [risk-assets-api] [io-12000-exec-3] o.s.w.s.m.m.a.HttpEntityMethodProcessor  : Found 'Content-Type:application/openmetrics-text;version=1.0.0;charset=utf-8' in response
2025-06-13T05:36:47.351Z DEBUG 5621 --- [risk-assets-api] [io-12000-exec-3] o.s.w.s.m.m.a.HttpEntityMethodProcessor  : Writing ["# TYPE hikaricp_connections_timeout counter<EOL># HELP hikaricp_connections_timeout Connection timeout t (truncated)..."]
2025-06-13T05:36:47.351Z DEBUG 5621 --- [risk-assets-api] [io-12000-exec-3] o.s.web.servlet.DispatcherServlet        : Completed 200 OK
2025-06-13T05:36:52.347Z DEBUG 5621 --- [risk-assets-api] [io-12000-exec-1] o.s.web.servlet.DispatcherServlet        : GET "/actuator/prometheus", parameters={}
2025-06-13T05:36:52.348Z DEBUG 5621 --- [risk-assets-api] [io-12000-exec-1] m.m.a.RequestResponseBodyMethodProcessor : Read "application/octet-stream" to []
2025-06-13T05:36:52.351Z DEBUG 5621 --- [risk-assets-api] [io-12000-exec-1] o.s.w.s.m.m.a.HttpEntityMethodProcessor  : Found 'Content-Type:application/openmetrics-text;version=1.0.0;charset=utf-8' in response
2025-06-13T05:36:52.351Z DEBUG 5621 --- [risk-assets-api] [io-12000-exec-1] o.s.w.s.m.m.a.HttpEntityMethodProcessor  : Writing ["# TYPE hikaricp_connections_timeout counter<EOL># HELP hikaricp_connections_timeout Connection timeout t (truncated)..."]
2025-06-13T05:36:52.351Z DEBUG 5621 --- [risk-assets-api] [io-12000-exec-1] o.s.web.servlet.DispatcherServlet        : Completed 200 OK
2025-06-13T05:36:57.348Z DEBUG 5621 --- [risk-assets-api] [io-12000-exec-8] o.s.web.servlet.DispatcherServlet        : GET "/actuator/prometheus", parameters={}
2025-06-13T05:36:57.348Z DEBUG 5621 --- [risk-assets-api] [io-12000-exec-8] m.m.a.RequestResponseBodyMethodProcessor : Read "application/octet-stream" to []
2025-06-13T05:36:57.351Z DEBUG 5621 --- [risk-assets-api] [io-12000-exec-8] o.s.w.s.m.m.a.HttpEntityMethodProcessor  : Found 'Content-Type:application/openmetrics-text;version=1.0.0;charset=utf-8' in response
2025-06-13T05:36:57.351Z DEBUG 5621 --- [risk-assets-api] [io-12000-exec-8] o.s.w.s.m.m.a.HttpEntityMethodProcessor  : Writing ["# TYPE hikaricp_connections_timeout counter<EOL># HELP hikaricp_connections_timeout Connection timeout t (truncated)..."]
2025-06-13T05:36:57.351Z DEBUG 5621 --- [risk-assets-api] [io-12000-exec-8] o.s.web.servlet.DispatcherServlet        : Completed 200 OK
2025-06-13T05:37:02.346Z DEBUG 5621 --- [risk-assets-api] [io-12000-exec-6] o.s.web.servlet.DispatcherServlet        : GET "/actuator/prometheus", parameters={}
2025-06-13T05:37:02.347Z DEBUG 5621 --- [risk-assets-api] [io-12000-exec-6] m.m.a.RequestResponseBodyMethodProcessor : Read "application/octet-stream" to []
2025-06-13T05:37:02.350Z DEBUG 5621 --- [risk-assets-api] [io-12000-exec-6] o.s.w.s.m.m.a.HttpEntityMethodProcessor  : Found 'Content-Type:application/openmetrics-text;version=1.0.0;charset=utf-8' in response
2025-06-13T05:37:02.350Z DEBUG 5621 --- [risk-assets-api] [io-12000-exec-6] o.s.w.s.m.m.a.HttpEntityMethodProcessor  : Writing ["# TYPE hikaricp_connections_timeout counter<EOL># HELP hikaricp_connections_timeout Connection timeout t (truncated)..."]
2025-06-13T05:37:02.350Z DEBUG 5621 --- [risk-assets-api] [io-12000-exec-6] o.s.web.servlet.DispatcherServlet        : Completed 200 OK
